#
# There is insufficient memory for the Java Runtime Environment to continue.
# Native memory allocation (mmap) failed to map 117440512 bytes. Error detail: G1 virtual space
# Possible reasons:
#   The system is out of physical RAM or swap space
#   This process is running with CompressedOops enabled, and the Java Heap may be blocking the growth of the native heap
# Possible solutions:
#   Reduce memory load on the system
#   Increase physical memory or swap space
#   Check if swap backing store is full
#   Decrease Java heap size (-Xmx/-Xms)
#   Decrease number of Java threads
#   Decrease Java thread stack sizes (-Xss)
#   Set larger code cache with -XX:ReservedCodeCacheSize=
#   JVM is running with Unscaled Compressed Oops mode in which the Java heap is
#     placed in the first 4GB address space. The Java Heap base address is the
#     maximum limit for the native heap growth. Please use -XX:HeapBaseMinAddress
#     to set the Java Heap base and to place the Java Heap above 4GB virtual address.
# This output file may be truncated or incomplete.
#
#  Out of Memory Error (os_windows.cpp:3926), pid=6260, tid=59588
#
# JRE version: OpenJDK Runtime Environment (21.0.10) (build 21.0.10+-14961533-b1163.108)
# Java VM: OpenJDK 64-Bit Server VM (21.0.10+-14961533-b1163.108, mixed mode, tiered, compressed oops, compressed class ptrs, g1 gc, windows-amd64)
# No core dump will be written. Minidumps are not enabled by default on client versions of Windows
#

---------------  S U M M A R Y ------------

Command Line: --add-opens=java.base/java.lang=ALL-UNNAMED --add-opens=java.base/java.lang.invoke=ALL-UNNAMED --add-opens=java.base/java.util=ALL-UNNAMED --add-opens=java.prefs/java.util.prefs=ALL-UNNAMED --add-exports=jdk.compiler/com.sun.tools.javac.api=ALL-UNNAMED --add-exports=jdk.compiler/com.sun.tools.javac.util=ALL-UNNAMED --add-opens=java.base/java.util=ALL-UNNAMED --add-opens=java.prefs/java.util.prefs=ALL-UNNAMED --add-opens=java.base/java.nio.charset=ALL-UNNAMED --add-opens=java.base/java.net=ALL-UNNAMED --add-opens=java.base/java.util.concurrent=ALL-UNNAMED --add-opens=java.base/java.util.concurrent.atomic=ALL-UNNAMED --add-opens=java.xml/javax.xml.namespace=ALL-UNNAMED --add-opens=java.base/java.time=ALL-UNNAMED -Xmx2048m -Dfile.encoding=UTF-8 -Duser.country=US -Duser.language=en -Duser.variant -javaagent:C:\Users\dell\.gradle\wrapper\dists\gradle-9.4.1-bin\arn2x92ynaizyzdaamcbpbhtj\gradle-9.4.1\lib\agents\gradle-instrumentation-agent-9.4.1.jar org.gradle.launcher.daemon.bootstrap.GradleDaemon 9.4.1

Host: Intel(R) Core(TM) i7-8550U CPU @ 1.80GHz, 8 cores, 7G,  Windows 11 , 64 bit Build 26100 (10.0.26100.9168)
Time: Fri Sep 18 00:35:02 2026 W. Central Africa Standard Time elapsed time: 2408.510627 seconds (0d 0h 40m 8s)

---------------  T H R E A D  ---------------

Current thread (0x000001e92e044940):  VMThread "VM Thread"          [id=59588, stack(0x0000001876d00000,0x0000001876e00000) (1024K)]

Stack: [0x0000001876d00000,0x0000001876e00000]
Native frames: (J=compiled Java code, j=interpreted, Vv=VM code, C=native code)
V  [jvm.dll+0x6d78a9]
V  [jvm.dll+0x8665b3]
V  [jvm.dll+0x868bde]
V  [jvm.dll+0x8692c3]
V  [jvm.dll+0x280ee6]
V  [jvm.dll+0x6d4165]
V  [jvm.dll+0x6c77fa]
V  [jvm.dll+0x358f4b]
V  [jvm.dll+0x360bc6]
V  [jvm.dll+0x3b2ea6]
V  [jvm.dll+0x3b3178]
V  [jvm.dll+0x32b65c]
V  [jvm.dll+0x32b6e7]
V  [jvm.dll+0x3715cc]
V  [jvm.dll+0x36fd7e]
V  [jvm.dll+0x32adb1]
V  [jvm.dll+0x36f480]
V  [jvm.dll+0x86f048]
V  [jvm.dll+0x870394]
V  [jvm.dll+0x8708d0]
V  [jvm.dll+0x870b63]
V  [jvm.dll+0x80fd28]
V  [jvm.dll+0x6d60fd]
C  [ucrtbase.dll+0x2cd30]
C  [KERNEL32.DLL+0x2ccb7]
C  [ntdll.dll+0xaad6c]

VM_Operation (0x000000187aef9530): G1CollectForAllocation, mode: safepoint, requested by thread 0x000001e9307a4020


---------------  P R O C E S S  ---------------

Threads class SMR info:
_java_thread_list=0x000001e932689fc0, length=78, elements={
0x000001e9125ae520, 0x000001e92e08a480, 0x000001e92e093af0, 0x000001e92e094550,
0x000001e92e08d430, 0x000001e92e08de90, 0x000001e92e0b07c0, 0x000001e92e0b1d90,
0x000001e92e0b37c0, 0x000001e92e0b6de0, 0x000001e92e3dd730, 0x000001e92f80b8d0,
0x000001e930a07ca0, 0x000001e931044920, 0x000001e930ff0330, 0x000001e930fefca0,
0x000001e930ff1d70, 0x000001e9341399f0, 0x000001e93413d500, 0x000001e93413a080,
0x000001e9352cd790, 0x000001e9352d4db0, 0x000001e92f9a3f20, 0x000001e92f9a3200,
0x000001e937381150, 0x000001e93737e9f0, 0x000001e946701920, 0x000001e946705430,
0x000001e9467067e0, 0x000001e946705ac0, 0x000001e946706e70, 0x000001e946224930,
0x000001e946225ce0, 0x000001e94622d300, 0x000001e94623fa50, 0x000001e9462400e0,
0x000001e9462242a0, 0x000001e946223580, 0x000001e946221b40, 0x000001e946222860,
0x000001e9462214b0, 0x000001e946225650, 0x000001e946226370, 0x000001e946224fc0,
0x000001e946222ef0, 0x000001e946229e80, 0x000001e946228440, 0x000001e946226a00,
0x000001e94622a510, 0x000001e946227090, 0x000001e94622aba0, 0x000001e946227720,
0x000001e946228ad0, 0x000001e94622b230, 0x000001e946229160, 0x000001e946227db0,
0x000001e94622e6b0, 0x000001e94622c5e0, 0x000001e94622fa60, 0x000001e94622e020,
0x000001e946230e10, 0x000001e94622d990, 0x000001e946233570, 0x000001e9462314a0,
0x000001e946234920, 0x000001e946231b30, 0x000001e9462321c0, 0x000001e946232850,
0x000001e946235640, 0x000001e9307a4020, 0x000001e9307a4d40, 0x000001e946160c20,
0x000001e9461619c0, 0x000001e948aee990, 0x000001e948aec8c0, 0x000001e948aeb510,
0x000001e948aec230, 0x000001e948b07350
}

Java Threads: ( => current thread )
  0x000001e9125ae520 JavaThread "main"                              [_thread_blocked, id=82036, stack(0x0000001876600000,0x0000001876700000) (1024K)]
  0x000001e92e08a480 JavaThread "Common-Cleaner"             daemon [_thread_blocked, id=64344, stack(0x0000001876e00000,0x0000001876f00000) (1024K)]
  0x000001e92e093af0 JavaThread "Reference Handler"          daemon [_thread_blocked, id=53980, stack(0x0000001876f00000,0x0000001877000000) (1024K)]
  0x000001e92e094550 JavaThread "Finalizer"                  daemon [_thread_blocked, id=69732, stack(0x0000001877000000,0x0000001877100000) (1024K)]
  0x000001e92e08d430 JavaThread "Signal Dispatcher"          daemon [_thread_blocked, id=31124, stack(0x0000001877100000,0x0000001877200000) (1024K)]
  0x000001e92e08de90 JavaThread "Attach Listener"            daemon [_thread_blocked, id=47448, stack(0x0000001877200000,0x0000001877300000) (1024K)]
  0x000001e92e0b07c0 JavaThread "Service Thread"             daemon [_thread_blocked, id=30256, stack(0x0000001877300000,0x0000001877400000) (1024K)]
  0x000001e92e0b1d90 JavaThread "Monitor Deflation Thread"   daemon [_thread_blocked, id=31700, stack(0x0000001877400000,0x0000001877500000) (1024K)]
  0x000001e92e0b37c0 JavaThread "C2 CompilerThread0"         daemon [_thread_blocked, id=29880, stack(0x0000001877500000,0x0000001877600000) (1024K)]
  0x000001e92e0b6de0 JavaThread "C1 CompilerThread0"         daemon [_thread_blocked, id=6600, stack(0x0000001877600000,0x0000001877700000) (1024K)]
  0x000001e92e3dd730 JavaThread "Notification Thread"        daemon [_thread_blocked, id=59032, stack(0x0000001877700000,0x0000001877800000) (1024K)]
  0x000001e92f80b8d0 JavaThread "Daemon health stats"               [_thread_blocked, id=41964, stack(0x0000001877e00000,0x0000001877f00000) (1024K)]
  0x000001e930a07ca0 JavaThread "Incoming local TCP Connector on port 8347"        [_thread_in_native, id=24760, stack(0x0000001877f00000,0x0000001878000000) (1024K)]
  0x000001e931044920 JavaThread "Daemon periodic checks"            [_thread_blocked, id=78972, stack(0x0000001878000000,0x0000001878100000) (1024K)]
  0x000001e930ff0330 JavaThread "Cache worker for journal cache (C:\Users\dell\.gradle\caches\journal-1)"        [_thread_blocked, id=78812, stack(0x0000001878c00000,0x0000001878d00000) (1024K)]
  0x000001e930fefca0 JavaThread "File lock request listener"        [_thread_in_native, id=46116, stack(0x0000001878d00000,0x0000001878e00000) (1024K)]
  0x000001e930ff1d70 JavaThread "Cache worker for file hash cache (C:\Users\dell\.gradle\caches\9.4.1\fileHashes)"        [_thread_blocked, id=68780, stack(0x0000001878e00000,0x0000001878f00000) (1024K)]
  0x000001e9341399f0 JavaThread "File watcher server"        daemon [_thread_blocked, id=2744, stack(0x0000001879100000,0x0000001879200000) (1024K)]
  0x000001e93413d500 JavaThread "File watcher consumer"      daemon [_thread_blocked, id=65272, stack(0x0000001879200000,0x0000001879300000) (1024K)]
  0x000001e93413a080 JavaThread "Cache worker for file content cache (C:\Users\dell\.gradle\caches\9.4.1\fileContent)"        [_thread_blocked, id=58604, stack(0x0000001879300000,0x0000001879400000) (1024K)]
  0x000001e9352cd790 JavaThread "Memory manager"                    [_thread_blocked, id=56224, stack(0x0000001877900000,0x0000001877a00000) (1024K)]
  0x000001e9352d4db0 JavaThread "pool-3-thread-1"                   [_thread_blocked, id=26412, stack(0x0000001879f00000,0x000000187a000000) (1024K)]
  0x000001e92f9a3f20 JavaThread "Periodic tasks thread"      daemon [_thread_blocked, id=40416, stack(0x000000187ac00000,0x000000187ad00000) (1024K)]
  0x000001e92f9a3200 JavaThread "ApplicationImpl pooled thread 1" daemon [_thread_blocked, id=7360, stack(0x000000187ad00000,0x000000187ae00000) (1024K)]
  0x000001e937381150 JavaThread "Java2D Disposer"            daemon [_thread_blocked, id=12508, stack(0x000000187af00000,0x000000187b000000) (1024K)]
  0x000001e93737e9f0 JavaThread "AWT-Windows"                daemon [_thread_in_native, id=41044, stack(0x000000187b100000,0x000000187b200000) (1024K)]
  0x000001e946701920 JavaThread "RMI Scheduler(0)"           daemon [_thread_blocked, id=18868, stack(0x000000187b500000,0x000000187b600000) (1024K)]
  0x000001e946705430 JavaThread "RMI GC Daemon"              daemon [_thread_blocked, id=64432, stack(0x000000187b700000,0x000000187b800000) (1024K)]
  0x000001e9467067e0 JavaThread "RMI TCP Accept-0"           daemon [_thread_in_native, id=83008, stack(0x000000187b800000,0x000000187b900000) (1024K)]
  0x000001e946705ac0 JavaThread "RMI Reaper"                        [_thread_blocked, id=22764, stack(0x000000187b900000,0x000000187ba00000) (1024K)]
  0x000001e946706e70 JavaThread "Cache worker for Java compile cache (C:\Users\dell\.gradle\caches\9.4.1\javaCompile)"        [_thread_blocked, id=45816, stack(0x0000001876400000,0x0000001876500000) (1024K)]
  0x000001e946224930 JavaThread "Daemon Thread 2"                   [_thread_blocked, id=77692, stack(0x0000001876300000,0x0000001876400000) (1024K)]
  0x000001e946225ce0 JavaThread "Daemon worker Thread 2"            [_thread_blocked, id=83420, stack(0x0000001878100000,0x0000001878200000) (1024K)]
  0x000001e94622d300 JavaThread "pool-7-thread-1"                   [_thread_blocked, id=29284, stack(0x0000001879d00000,0x0000001879e00000) (1024K)]
  0x000001e94623fa50 JavaThread "RMI TCP Connection(idle)"   daemon [_thread_blocked, id=64408, stack(0x000000187b300000,0x000000187b400000) (1024K)]
  0x000001e9462400e0 JavaThread "Exec process Thread 5"             [_thread_blocked, id=43824, stack(0x000000187b400000,0x000000187b500000) (1024K)]
  0x000001e9462242a0 JavaThread "Exec process Thread 7"             [_thread_blocked, id=46312, stack(0x000000187bb00000,0x000000187bc00000) (1024K)]
  0x000001e946223580 JavaThread "Exec process Thread 8"             [_thread_blocked, id=20900, stack(0x000000187bc00000,0x000000187bd00000) (1024K)]
  0x000001e946221b40 JavaThread "VFS cleanup Thread 2"              [_thread_blocked, id=31836, stack(0x0000001878200000,0x0000001878300000) (1024K)]
  0x000001e946222860 JavaThread "Handler for socket connection from /127.0.0.1:8347 to /127.0.0.1:41941"        [_thread_in_native, id=72072, stack(0x0000001876500000,0x0000001876600000) (1024K)]
  0x000001e9462214b0 JavaThread "Cancel handler"                    [_thread_blocked, id=24752, stack(0x0000001877800000,0x0000001877900000) (1024K)]
  0x000001e946225650 JavaThread "Asynchronous log dispatcher for DefaultDaemonConnection: socket connection from /127.0.0.1:8347 to /127.0.0.1:41941"        [_thread_blocked, id=7092, stack(0x0000001878300000,0x0000001878400000) (1024K)]
  0x000001e946226370 JavaThread "Stdin handler"                     [_thread_blocked, id=61464, stack(0x0000001878400000,0x0000001878500000) (1024K)]
  0x000001e946224fc0 JavaThread "Daemon client event forwarder"        [_thread_blocked, id=44640, stack(0x0000001878900000,0x0000001878a00000) (1024K)]
  0x000001e946222ef0 JavaThread "Cache worker for file hash cache (C:\Users\dell\AndroidStudioProjects\SmartPumpDisplay\.gradle\9.4.1\fileHashes)"        [_thread_blocked, id=8132, stack(0x0000001878a00000,0x0000001878b00000) (1024K)]
  0x000001e946229e80 JavaThread "Cache worker for Build Output Cleanup Cache (C:\Users\dell\AndroidStudioProjects\SmartPumpDisplay\.gradle\buildOutputCleanup)"        [_thread_blocked, id=20724, stack(0x0000001878b00000,0x0000001878c00000) (1024K)]
  0x000001e946228440 JavaThread "Cache worker for checksums cache (C:\Users\dell\AndroidStudioProjects\SmartPumpDisplay\.gradle\9.4.1\checksums)"        [_thread_blocked, id=83912, stack(0x0000001878f00000,0x0000001879000000) (1024K)]
  0x000001e946226a00 JavaThread "Cache worker for cache directory md-supplier (C:\Users\dell\.gradle\caches\9.4.1\md-supplier)"        [_thread_blocked, id=70192, stack(0x0000001879000000,0x0000001879100000) (1024K)]
  0x000001e94622a510 JavaThread "Cache worker for cache directory md-rule (C:\Users\dell\.gradle\caches\9.4.1\md-rule)"        [_thread_blocked, id=47416, stack(0x0000001879400000,0x0000001879500000) (1024K)]
  0x000001e946227090 JavaThread "Build operations"                  [_thread_blocked, id=35920, stack(0x0000001879500000,0x0000001879600000) (1024K)]
  0x000001e94622aba0 JavaThread "Build operations Thread 2"         [_thread_blocked, id=70340, stack(0x0000001879600000,0x0000001879700000) (1024K)]
  0x000001e946227720 JavaThread "Build operations Thread 3"         [_thread_blocked, id=28148, stack(0x0000001879700000,0x0000001879800000) (1024K)]
  0x000001e946228ad0 JavaThread "Build operations Thread 4"         [_thread_blocked, id=45444, stack(0x0000001879800000,0x0000001879900000) (1024K)]
  0x000001e94622b230 JavaThread "Build operations Thread 5"         [_thread_blocked, id=30576, stack(0x0000001879900000,0x0000001879a00000) (1024K)]
  0x000001e946229160 JavaThread "Build operations Thread 6"         [_thread_blocked, id=60368, stack(0x0000001879a00000,0x0000001879b00000) (1024K)]
  0x000001e946227db0 JavaThread "Build operations Thread 7"         [_thread_blocked, id=64248, stack(0x0000001879b00000,0x0000001879c00000) (1024K)]
  0x000001e94622e6b0 JavaThread "Build operations Thread 8"         [_thread_blocked, id=29776, stack(0x0000001879c00000,0x0000001879d00000) (1024K)]
  0x000001e94622c5e0 JavaThread "build event listener"              [_thread_blocked, id=74256, stack(0x0000001879e00000,0x0000001879f00000) (1024K)]
  0x000001e94622fa60 JavaThread "pool-10-thread-1"                  [_thread_blocked, id=31516, stack(0x000000187a100000,0x000000187a200000) (1024K)]
  0x000001e94622e020 JavaThread "build event listener"              [_thread_blocked, id=26488, stack(0x000000187a200000,0x000000187a300000) (1024K)]
  0x000001e946230e10 JavaThread "included builds"                   [_thread_blocked, id=18260, stack(0x000000187a300000,0x000000187a400000) (1024K)]
  0x000001e94622d990 JavaThread "Execution worker"                  [_thread_blocked, id=67944, stack(0x000000187a400000,0x000000187a500000) (1024K)]
  0x000001e946233570 JavaThread "Execution worker Thread 2"         [_thread_blocked, id=80964, stack(0x000000187a500000,0x000000187a600000) (1024K)]
  0x000001e9462314a0 JavaThread "Execution worker Thread 3"         [_thread_blocked, id=68308, stack(0x000000187a600000,0x000000187a700000) (1024K)]
  0x000001e946234920 JavaThread "Execution worker Thread 4"         [_thread_blocked, id=56452, stack(0x000000187a700000,0x000000187a800000) (1024K)]
  0x000001e946231b30 JavaThread "Execution worker Thread 5"         [_thread_blocked, id=14616, stack(0x000000187a800000,0x000000187a900000) (1024K)]
  0x000001e9462321c0 JavaThread "Execution worker Thread 6"         [_thread_blocked, id=64748, stack(0x000000187a900000,0x000000187aa00000) (1024K)]
  0x000001e946232850 JavaThread "Execution worker Thread 7"         [_thread_blocked, id=72480, stack(0x000000187aa00000,0x000000187ab00000) (1024K)]
  0x000001e946235640 JavaThread "Cache worker for execution history cache (C:\Users\dell\AndroidStudioProjects\SmartPumpDisplay\.gradle\9.4.1\executionHistory)"        [_thread_blocked, id=17260, stack(0x000000187ab00000,0x000000187ac00000) (1024K)]
  0x000001e9307a4020 JavaThread "WorkerExecutor Queue"              [_thread_blocked, id=73136, stack(0x000000187ae00000,0x000000187af00000) (1024K)]
  0x000001e9307a4d40 JavaThread "WorkerExecutor Queue Thread 2"        [_thread_blocked, id=28028, stack(0x000000187a000000,0x000000187a100000) (1024K)]
  0x000001e946160c20 JavaThread "C2 CompilerThread1"         daemon [_thread_blocked, id=82332, stack(0x000000187b000000,0x000000187b100000) (1024K)]
  0x000001e9461619c0 JavaThread "C2 CompilerThread2"         daemon [_thread_blocked, id=87272, stack(0x000000187b200000,0x000000187b300000) (1024K)]
  0x000001e948aee990 JavaThread "ForkJoinPool.commonPool-worker-13" daemon [_thread_blocked, id=75008, stack(0x000000187b600000,0x000000187b700000) (1024K)]
  0x000001e948aec8c0 JavaThread "ForkJoinPool.commonPool-worker-14" daemon [_thread_blocked, id=23568, stack(0x000000187ba00000,0x000000187bb00000) (1024K)]
  0x000001e948aeb510 JavaThread "ForkJoinPool.commonPool-worker-15" daemon [_thread_blocked, id=81484, stack(0x000000187bd00000,0x000000187be00000) (1024K)]
  0x000001e948aec230 JavaThread "ForkJoinPool.commonPool-worker-16" daemon [_thread_blocked, id=63624, stack(0x000000187be00000,0x000000187bf00000) (1024K)]
  0x000001e948b07350 JavaThread "ForkJoinPool.commonPool-worker-17" daemon [_thread_blocked, id=17780, stack(0x000000187bf00000,0x000000187c000000) (1024K)]
Total: 78

Other Threads:
=>0x000001e92e044940 VMThread "VM Thread"                           [id=59588, stack(0x0000001876d00000,0x0000001876e00000) (1024K)]
  0x000001e9299487b0 WatcherThread "VM Periodic Task Thread"        [id=19208, stack(0x0000001876c00000,0x0000001876d00000) (1024K)]
  0x000001e912608620 WorkerThread "GC Thread#0"                     [id=27684, stack(0x0000001876700000,0x0000001876800000) (1024K)]
  0x000001e92ef866e0 WorkerThread "GC Thread#1"                     [id=88732, stack(0x0000001877a00000,0x0000001877b00000) (1024K)]
  0x000001e92ef86a90 WorkerThread "GC Thread#2"                     [id=67124, stack(0x0000001877b00000,0x0000001877c00000) (1024K)]
  0x000001e92f07e4b0 WorkerThread "GC Thread#3"                     [id=53656, stack(0x0000001877c00000,0x0000001877d00000) (1024K)]
  0x000001e92f134c90 WorkerThread "GC Thread#4"                     [id=26304, stack(0x0000001877d00000,0x0000001877e00000) (1024K)]
  0x000001e930fb3720 WorkerThread "GC Thread#5"                     [id=57192, stack(0x0000001878500000,0x0000001878600000) (1024K)]
  0x000001e930fb3ad0 WorkerThread "GC Thread#6"                     [id=44880, stack(0x0000001878600000,0x0000001878700000) (1024K)]
  0x000001e930fb4990 WorkerThread "GC Thread#7"                     [id=35480, stack(0x0000001878700000,0x0000001878800000) (1024K)]
  0x000001e912619520 ConcurrentGCThread "G1 Main Marker"            [id=52616, stack(0x0000001876800000,0x0000001876900000) (1024K)]
  0x000001e91261ad80 WorkerThread "G1 Conc#0"                       [id=24228, stack(0x0000001876900000,0x0000001876a00000) (1024K)]
  0x000001e930fb3e80 WorkerThread "G1 Conc#1"                       [id=47100, stack(0x0000001878800000,0x0000001878900000) (1024K)]
  0x000001e91266e9d0 ConcurrentGCThread "G1 Refine#0"               [id=59608, stack(0x0000001876a00000,0x0000001876b00000) (1024K)]
  0x000001e92981e7f0 ConcurrentGCThread "G1 Service"                [id=82680, stack(0x0000001876b00000,0x0000001876c00000) (1024K)]
Total: 15

Threads with active compile tasks:
C2 CompilerThread0  2408604 48654       4       com.google.devtools.ksp.impl.symbol.kotlin.UtilKt$declarations$1$2::invoke (9 bytes)
C2 CompilerThread1  2408604 48750       4       ksp.org.jetbrains.kotlin.fir.deserialization.FirDeserializationContext::<init> (229 bytes)
C2 CompilerThread2  2408604 48934       4       ksp.org.jetbrains.kotlin.fir.java.JavaTypeConversionKt::toConeTypeProjection (994 bytes)
Total: 3

VM state: at safepoint (normal execution)

VM Mutex/Monitor currently owned by a thread:  ([mutex/lock_event])
[0x00007ffb0d5e86d0] Threads_lock - owner thread: 0x000001e92e044940
[0x00007ffb0d5e87d0] Heap_lock - owner thread: 0x000001e9307a4020

Heap address: 0x0000000080000000, size: 2048 MB, Compressed Oops mode: 32-bit

CDS archive(s) not mapped
Compressed class space mapped at: 0x0000000100000000-0x0000000140000000, reserved size: 1073741824
Narrow klass base: 0x0000000000000000, Narrow klass shift: 3, Narrow klass range: 0x140000000

GC Precious Log:
 CardTable entry size: 512
 Card Set container configuration: InlinePtr #cards 5 size 8 Array Of Cards #cards 12 size 40 Howl #buckets 4 coarsen threshold 1843 Howl Bitmap #cards 512 size 80 coarsen threshold 460 Card regions per heap region 1 cards per card region 2048
 CPUs: 8 total, 8 available
 Memory: 7984M
 Large Page Support: Disabled
 NUMA Support: Disabled
 Compressed Oops: Enabled (32-bit)
 Heap Region Size: 1M
 Heap Min Capacity: 8M
 Heap Initial Capacity: 126M
 Heap Max Capacity: 2G
 Pre-touch: Disabled
 Parallel Workers: 8
 Concurrent Workers: 2
 Concurrent Refinement Workers: 8
 Periodic GC: Disabled

Heap:
 garbage-first heap   total 1527808K, used 454121K [0x0000000080000000, 0x0000000100000000)
  region size 1024K, 16 young (16384K), 16 survivors (16384K)
 Metaspace       used 256600K, committed 258112K, reserved 1310720K
  class space    used 32273K, committed 32960K, reserved 1048576K

Heap Regions: E=young(eden), S=young(survivor), O=old, HS=humongous(starts), HC=humongous(continues), CS=collection set, F=free, TAMS=top-at-mark-start, PB=parsable bottom
|   0|0x0000000080000000, 0x0000000080100000, 0x0000000080100000|100%|HS|  |TAMS 0x0000000080100000| PB 0x0000000080000000| Complete 
|   1|0x0000000080100000, 0x0000000080200000, 0x0000000080200000|100%|HC|  |TAMS 0x0000000080200000| PB 0x0000000080100000| Complete 
|   2|0x0000000080200000, 0x0000000080300000, 0x0000000080300000|100%|HC|  |TAMS 0x0000000080300000| PB 0x0000000080200000| Complete 
|   3|0x0000000080300000, 0x0000000080400000, 0x0000000080400000|100%|HC|  |TAMS 0x0000000080400000| PB 0x0000000080300000| Complete 
|   4|0x0000000080400000, 0x0000000080500000, 0x0000000080500000|100%| O|  |TAMS 0x0000000080500000| PB 0x0000000080400000| Untracked 
|   5|0x0000000080500000, 0x0000000080600000, 0x0000000080600000|100%| O|  |TAMS 0x0000000080600000| PB 0x0000000080500000| Untracked 
|   6|0x0000000080600000, 0x0000000080700000, 0x0000000080700000|100%| O|  |TAMS 0x0000000080700000| PB 0x0000000080600000| Untracked 
|   7|0x0000000080700000, 0x0000000080800000, 0x0000000080800000|100%| O|  |TAMS 0x0000000080800000| PB 0x0000000080700000| Untracked 
|   8|0x0000000080800000, 0x0000000080900000, 0x0000000080900000|100%| O|  |TAMS 0x0000000080900000| PB 0x0000000080800000| Untracked 
|   9|0x0000000080900000, 0x0000000080a00000, 0x0000000080a00000|100%| O|  |TAMS 0x0000000080a00000| PB 0x0000000080900000| Untracked 
|  10|0x0000000080a00000, 0x0000000080b00000, 0x0000000080b00000|100%| O|  |TAMS 0x0000000080b00000| PB 0x0000000080a00000| Untracked 
|  11|0x0000000080b00000, 0x0000000080c00000, 0x0000000080c00000|100%|HS|  |TAMS 0x0000000080c00000| PB 0x0000000080b00000| Complete 
|  12|0x0000000080c00000, 0x0000000080d00000, 0x0000000080d00000|100%| O|  |TAMS 0x0000000080d00000| PB 0x0000000080c00000| Untracked 
|  13|0x0000000080d00000, 0x0000000080e00000, 0x0000000080e00000|100%| O|  |TAMS 0x0000000080e00000| PB 0x0000000080d00000| Untracked 
|  14|0x0000000080e00000, 0x0000000080f00000, 0x0000000080f00000|100%| O|  |TAMS 0x0000000080f00000| PB 0x0000000080e00000| Untracked 
|  15|0x0000000080f00000, 0x0000000081000000, 0x0000000081000000|100%| O|  |TAMS 0x0000000081000000| PB 0x0000000080f00000| Untracked 
|  16|0x0000000081000000, 0x0000000081100000, 0x0000000081100000|100%| O|  |TAMS 0x0000000081100000| PB 0x0000000081000000| Untracked 
|  17|0x0000000081100000, 0x0000000081200000, 0x0000000081200000|100%| O|  |TAMS 0x0000000081200000| PB 0x0000000081100000| Untracked 
|  18|0x0000000081200000, 0x0000000081300000, 0x0000000081300000|100%| O|  |TAMS 0x0000000081300000| PB 0x0000000081200000| Untracked 
|  19|0x0000000081300000, 0x0000000081400000, 0x0000000081400000|100%| O|  |TAMS 0x0000000081400000| PB 0x0000000081300000| Untracked 
|  20|0x0000000081400000, 0x0000000081500000, 0x0000000081500000|100%| O|  |TAMS 0x0000000081500000| PB 0x0000000081400000| Untracked 
|  21|0x0000000081500000, 0x0000000081600000, 0x0000000081600000|100%| O|  |TAMS 0x0000000081600000| PB 0x0000000081500000| Untracked 
|  22|0x0000000081600000, 0x0000000081700000, 0x0000000081700000|100%| O|  |TAMS 0x0000000081700000| PB 0x0000000081600000| Untracked 
|  23|0x0000000081700000, 0x0000000081800000, 0x0000000081800000|100%| O|  |TAMS 0x0000000081800000| PB 0x0000000081700000| Untracked 
|  24|0x0000000081800000, 0x0000000081900000, 0x0000000081900000|100%| O|  |TAMS 0x0000000081900000| PB 0x0000000081800000| Untracked 
|  25|0x0000000081900000, 0x0000000081a00000, 0x0000000081a00000|100%| O|  |TAMS 0x0000000081a00000| PB 0x0000000081900000| Untracked 
|  26|0x0000000081a00000, 0x0000000081b00000, 0x0000000081b00000|100%| O|  |TAMS 0x0000000081b00000| PB 0x0000000081a00000| Untracked 
|  27|0x0000000081b00000, 0x0000000081c00000, 0x0000000081c00000|100%| O|  |TAMS 0x0000000081c00000| PB 0x0000000081b00000| Untracked 
|  28|0x0000000081c00000, 0x0000000081d00000, 0x0000000081d00000|100%| O|  |TAMS 0x0000000081d00000| PB 0x0000000081c00000| Untracked 
|  29|0x0000000081d00000, 0x0000000081e00000, 0x0000000081e00000|100%| O|  |TAMS 0x0000000081e00000| PB 0x0000000081d00000| Untracked 
|  30|0x0000000081e00000, 0x0000000081f00000, 0x0000000081f00000|100%| O|  |TAMS 0x0000000081f00000| PB 0x0000000081e00000| Untracked 
|  31|0x0000000081f00000, 0x0000000082000000, 0x0000000082000000|100%| O|  |TAMS 0x0000000082000000| PB 0x0000000081f00000| Untracked 
|  32|0x0000000082000000, 0x0000000082100000, 0x0000000082100000|100%| O|  |TAMS 0x0000000082100000| PB 0x0000000082000000| Untracked 
|  33|0x0000000082100000, 0x0000000082200000, 0x0000000082200000|100%| O|  |TAMS 0x0000000082200000| PB 0x0000000082100000| Untracked 
|  34|0x0000000082200000, 0x0000000082300000, 0x0000000082300000|100%| O|  |TAMS 0x0000000082300000| PB 0x0000000082200000| Untracked 
|  35|0x0000000082300000, 0x0000000082400000, 0x0000000082400000|100%| O|  |TAMS 0x0000000082400000| PB 0x0000000082300000| Untracked 
|  36|0x0000000082400000, 0x0000000082500000, 0x0000000082500000|100%| O|  |TAMS 0x0000000082500000| PB 0x0000000082400000| Untracked 
|  37|0x0000000082500000, 0x0000000082600000, 0x0000000082600000|100%|HS|  |TAMS 0x0000000082600000| PB 0x0000000082500000| Complete 
|  38|0x0000000082600000, 0x0000000082700000, 0x0000000082700000|100%| O|  |TAMS 0x0000000082700000| PB 0x0000000082600000| Untracked 
|  39|0x0000000082700000, 0x0000000082800000, 0x0000000082800000|100%| O|  |TAMS 0x0000000082800000| PB 0x0000000082700000| Untracked 
|  40|0x0000000082800000, 0x0000000082900000, 0x0000000082900000|100%| O|  |TAMS 0x0000000082900000| PB 0x0000000082800000| Untracked 
|  41|0x0000000082900000, 0x0000000082a00000, 0x0000000082a00000|100%| O|  |TAMS 0x0000000082a00000| PB 0x0000000082900000| Untracked 
|  42|0x0000000082a00000, 0x0000000082b00000, 0x0000000082b00000|100%| O|  |TAMS 0x0000000082b00000| PB 0x0000000082a00000| Untracked 
|  43|0x0000000082b00000, 0x0000000082c00000, 0x0000000082c00000|100%| O|  |TAMS 0x0000000082c00000| PB 0x0000000082b00000| Untracked 
|  44|0x0000000082c00000, 0x0000000082d00000, 0x0000000082d00000|100%|HS|  |TAMS 0x0000000082d00000| PB 0x0000000082c00000| Complete 
|  45|0x0000000082d00000, 0x0000000082e00000, 0x0000000082e00000|100%| O|  |TAMS 0x0000000082e00000| PB 0x0000000082d00000| Untracked 
|  46|0x0000000082e00000, 0x0000000082f00000, 0x0000000082f00000|100%|HS|  |TAMS 0x0000000082f00000| PB 0x0000000082e00000| Complete 
|  47|0x0000000082f00000, 0x0000000083000000, 0x0000000083000000|100%|HS|  |TAMS 0x0000000083000000| PB 0x0000000082f00000| Complete 
|  48|0x0000000083000000, 0x0000000083100000, 0x0000000083100000|100%|HC|  |TAMS 0x0000000083100000| PB 0x0000000083000000| Complete 
|  49|0x0000000083100000, 0x0000000083200000, 0x0000000083200000|100%|HS|  |TAMS 0x0000000083200000| PB 0x0000000083100000| Complete 
|  50|0x0000000083200000, 0x0000000083300000, 0x0000000083300000|100%|HS|  |TAMS 0x0000000083300000| PB 0x0000000083200000| Complete 
|  51|0x0000000083300000, 0x0000000083400000, 0x0000000083400000|100%|HS|  |TAMS 0x0000000083400000| PB 0x0000000083300000| Complete 
|  52|0x0000000083400000, 0x0000000083500000, 0x0000000083500000|100%| O|  |TAMS 0x0000000083500000| PB 0x0000000083400000| Untracked 
|  53|0x0000000083500000, 0x0000000083600000, 0x0000000083600000|100%| O|  |TAMS 0x0000000083600000| PB 0x0000000083500000| Untracked 
|  54|0x0000000083600000, 0x0000000083700000, 0x0000000083700000|100%| O|  |TAMS 0x0000000083700000| PB 0x0000000083600000| Untracked 
|  55|0x0000000083700000, 0x0000000083800000, 0x0000000083800000|100%| O|  |TAMS 0x0000000083800000| PB 0x0000000083700000| Untracked 
|  56|0x0000000083800000, 0x0000000083900000, 0x0000000083900000|100%| O|  |TAMS 0x0000000083800000| PB 0x0000000083800000| Untracked 
|  57|0x0000000083900000, 0x0000000083a00000, 0x0000000083a00000|100%| O|  |TAMS 0x0000000083a00000| PB 0x0000000083900000| Untracked 
|  58|0x0000000083a00000, 0x0000000083b00000, 0x0000000083b00000|100%| O|  |TAMS 0x0000000083b00000| PB 0x0000000083a00000| Untracked 
|  59|0x0000000083b00000, 0x0000000083c00000, 0x0000000083c00000|100%| O|  |TAMS 0x0000000083c00000| PB 0x0000000083b00000| Untracked 
|  60|0x0000000083c00000, 0x0000000083d00000, 0x0000000083d00000|100%|HS|  |TAMS 0x0000000083d00000| PB 0x0000000083c00000| Complete 
|  61|0x0000000083d00000, 0x0000000083e00000, 0x0000000083e00000|100%| O|  |TAMS 0x0000000083e00000| PB 0x0000000083d00000| Untracked 
|  62|0x0000000083e00000, 0x0000000083f00000, 0x0000000083f00000|100%| O|  |TAMS 0x0000000083f00000| PB 0x0000000083e00000| Untracked 
|  63|0x0000000083f00000, 0x0000000084000000, 0x0000000084000000|100%|HS|  |TAMS 0x0000000084000000| PB 0x0000000083f00000| Complete 
|  64|0x0000000084000000, 0x0000000084100000, 0x0000000084100000|100%|HC|  |TAMS 0x0000000084100000| PB 0x0000000084000000| Complete 
|  65|0x0000000084100000, 0x0000000084200000, 0x0000000084200000|100%| O|  |TAMS 0x0000000084200000| PB 0x0000000084100000| Untracked 
|  66|0x0000000084200000, 0x0000000084300000, 0x0000000084300000|100%| O|  |TAMS 0x0000000084300000| PB 0x0000000084200000| Untracked 
|  67|0x0000000084300000, 0x0000000084400000, 0x0000000084400000|100%| O|  |TAMS 0x0000000084400000| PB 0x0000000084300000| Untracked 
|  68|0x0000000084400000, 0x0000000084500000, 0x0000000084500000|100%| O|  |TAMS 0x0000000084500000| PB 0x0000000084400000| Untracked 
|  69|0x0000000084500000, 0x0000000084600000, 0x0000000084600000|100%| O|  |TAMS 0x0000000084600000| PB 0x0000000084500000| Untracked 
|  70|0x0000000084600000, 0x0000000084700000, 0x0000000084700000|100%| O|  |TAMS 0x0000000084700000| PB 0x0000000084600000| Untracked 
|  71|0x0000000084700000, 0x0000000084800000, 0x0000000084800000|100%|HS|  |TAMS 0x0000000084800000| PB 0x0000000084700000| Complete 
|  72|0x0000000084800000, 0x0000000084900000, 0x0000000084900000|100%| O|  |TAMS 0x0000000084900000| PB 0x0000000084800000| Untracked 
|  73|0x0000000084900000, 0x0000000084a00000, 0x0000000084a00000|100%| O|  |TAMS 0x0000000084a00000| PB 0x0000000084900000| Untracked 
|  74|0x0000000084a00000, 0x0000000084b00000, 0x0000000084b00000|100%| O|  |TAMS 0x0000000084b00000| PB 0x0000000084a00000| Untracked 
|  75|0x0000000084b00000, 0x0000000084c00000, 0x0000000084c00000|100%| O|  |TAMS 0x0000000084c00000| PB 0x0000000084b00000| Untracked 
|  76|0x0000000084c00000, 0x0000000084d00000, 0x0000000084d00000|100%| O|  |TAMS 0x0000000084d00000| PB 0x0000000084c00000| Untracked 
|  77|0x0000000084d00000, 0x0000000084e00000, 0x0000000084e00000|100%| O|  |TAMS 0x0000000084e00000| PB 0x0000000084d00000| Untracked 
|  78|0x0000000084e00000, 0x0000000084f00000, 0x0000000084f00000|100%| O|  |TAMS 0x0000000084f00000| PB 0x0000000084e00000| Untracked 
|  79|0x0000000084f00000, 0x0000000085000000, 0x0000000085000000|100%| O|  |TAMS 0x0000000085000000| PB 0x0000000084f00000| Untracked 
|  80|0x0000000085000000, 0x0000000085100000, 0x0000000085100000|100%| O|  |TAMS 0x0000000085100000| PB 0x0000000085000000| Untracked 
|  81|0x0000000085100000, 0x0000000085200000, 0x0000000085200000|100%| O|  |TAMS 0x0000000085200000| PB 0x0000000085100000| Untracked 
|  82|0x0000000085200000, 0x0000000085300000, 0x0000000085300000|100%| O|  |TAMS 0x0000000085300000| PB 0x0000000085200000| Untracked 
|  83|0x0000000085300000, 0x0000000085400000, 0x0000000085400000|100%| O|  |TAMS 0x0000000085400000| PB 0x0000000085300000| Untracked 
|  84|0x0000000085400000, 0x0000000085500000, 0x0000000085500000|100%| O|  |TAMS 0x0000000085500000| PB 0x0000000085400000| Untracked 
|  85|0x0000000085500000, 0x0000000085600000, 0x0000000085600000|100%| O|  |TAMS 0x0000000085600000| PB 0x0000000085500000| Untracked 
|  86|0x0000000085600000, 0x0000000085700000, 0x0000000085700000|100%| O|  |TAMS 0x0000000085600000| PB 0x0000000085600000| Untracked 
|  87|0x0000000085700000, 0x0000000085800000, 0x0000000085800000|100%| O|  |TAMS 0x0000000085800000| PB 0x0000000085700000| Untracked 
|  88|0x0000000085800000, 0x0000000085900000, 0x0000000085900000|100%| O|  |TAMS 0x0000000085900000| PB 0x0000000085800000| Untracked 
|  89|0x0000000085900000, 0x0000000085a00000, 0x0000000085a00000|100%| O|  |TAMS 0x0000000085a00000| PB 0x0000000085900000| Untracked 
|  90|0x0000000085a00000, 0x0000000085b00000, 0x0000000085b00000|100%| O|  |TAMS 0x0000000085b00000| PB 0x0000000085a00000| Untracked 
|  91|0x0000000085b00000, 0x0000000085c00000, 0x0000000085c00000|100%| O|  |TAMS 0x0000000085c00000| PB 0x0000000085b00000| Untracked 
|  92|0x0000000085c00000, 0x0000000085d00000, 0x0000000085d00000|100%| O|  |TAMS 0x0000000085c00000| PB 0x0000000085c00000| Untracked 
|  93|0x0000000085d00000, 0x0000000085e00000, 0x0000000085e00000|100%| O|  |TAMS 0x0000000085e00000| PB 0x0000000085d00000| Untracked 
|  94|0x0000000085e00000, 0x0000000085f00000, 0x0000000085f00000|100%| O|  |TAMS 0x0000000085f00000| PB 0x0000000085e00000| Untracked 
|  95|0x0000000085f00000, 0x0000000086000000, 0x0000000086000000|100%| O|  |TAMS 0x0000000086000000| PB 0x0000000085f00000| Untracked 
|  96|0x0000000086000000, 0x0000000086100000, 0x0000000086100000|100%| O|  |TAMS 0x0000000086100000| PB 0x0000000086000000| Untracked 
|  97|0x0000000086100000, 0x0000000086200000, 0x0000000086200000|100%| O|  |TAMS 0x0000000086200000| PB 0x0000000086100000| Untracked 
|  98|0x0000000086200000, 0x0000000086300000, 0x0000000086300000|100%| O|  |TAMS 0x0000000086300000| PB 0x0000000086200000| Untracked 
|  99|0x0000000086300000, 0x0000000086400000, 0x0000000086400000|100%| O|  |TAMS 0x0000000086400000| PB 0x0000000086300000| Untracked 
| 100|0x0000000086400000, 0x0000000086500000, 0x0000000086500000|100%|HS|  |TAMS 0x0000000086500000| PB 0x0000000086400000| Complete 
| 101|0x0000000086500000, 0x0000000086600000, 0x0000000086600000|100%| O|  |TAMS 0x0000000086600000| PB 0x0000000086500000| Untracked 
| 102|0x0000000086600000, 0x0000000086700000, 0x0000000086700000|100%| O|  |TAMS 0x0000000086700000| PB 0x0000000086600000| Untracked 
| 103|0x0000000086700000, 0x0000000086800000, 0x0000000086800000|100%| O|  |TAMS 0x0000000086800000| PB 0x0000000086700000| Untracked 
| 104|0x0000000086800000, 0x0000000086900000, 0x0000000086900000|100%| O|  |TAMS 0x0000000086900000| PB 0x0000000086800000| Untracked 
| 105|0x0000000086900000, 0x0000000086a00000, 0x0000000086a00000|100%| O|  |TAMS 0x0000000086a00000| PB 0x0000000086900000| Untracked 
| 106|0x0000000086a00000, 0x0000000086b00000, 0x0000000086b00000|100%| O|  |TAMS 0x0000000086b00000| PB 0x0000000086a00000| Untracked 
| 107|0x0000000086b00000, 0x0000000086c00000, 0x0000000086c00000|100%| O|  |TAMS 0x0000000086c00000| PB 0x0000000086b00000| Untracked 
| 108|0x0000000086c00000, 0x0000000086d00000, 0x0000000086d00000|100%| O|  |TAMS 0x0000000086d00000| PB 0x0000000086c00000| Untracked 
| 109|0x0000000086d00000, 0x0000000086e00000, 0x0000000086e00000|100%| O|  |TAMS 0x0000000086e00000| PB 0x0000000086d00000| Untracked 
| 110|0x0000000086e00000, 0x0000000086f00000, 0x0000000086f00000|100%| O|  |TAMS 0x0000000086f00000| PB 0x0000000086e00000| Untracked 
| 111|0x0000000086f00000, 0x0000000087000000, 0x0000000087000000|100%| O|  |TAMS 0x0000000087000000| PB 0x0000000086f00000| Untracked 
| 112|0x0000000087000000, 0x0000000087100000, 0x0000000087100000|100%| O|  |TAMS 0x0000000087100000| PB 0x0000000087000000| Untracked 
| 113|0x0000000087100000, 0x0000000087200000, 0x0000000087200000|100%| O|  |TAMS 0x0000000087200000| PB 0x0000000087100000| Untracked 
| 114|0x0000000087200000, 0x0000000087300000, 0x0000000087300000|100%|HS|  |TAMS 0x0000000087300000| PB 0x0000000087200000| Complete 
| 115|0x0000000087300000, 0x0000000087400000, 0x0000000087400000|100%|HC|  |TAMS 0x0000000087400000| PB 0x0000000087300000| Complete 
| 116|0x0000000087400000, 0x0000000087500000, 0x0000000087500000|100%|HC|  |TAMS 0x0000000087500000| PB 0x0000000087400000| Complete 
| 117|0x0000000087500000, 0x0000000087600000, 0x0000000087600000|100%|HC|  |TAMS 0x0000000087600000| PB 0x0000000087500000| Complete 
| 118|0x0000000087600000, 0x0000000087700000, 0x0000000087700000|100%|HC|  |TAMS 0x0000000087700000| PB 0x0000000087600000| Complete 
| 119|0x0000000087700000, 0x0000000087800000, 0x0000000087800000|100%| O|  |TAMS 0x0000000087700000| PB 0x0000000087700000| Untracked 
| 120|0x0000000087800000, 0x0000000087900000, 0x0000000087900000|100%| O|  |TAMS 0x0000000087900000| PB 0x0000000087800000| Untracked 
| 121|0x0000000087900000, 0x0000000087a00000, 0x0000000087a00000|100%| O|  |TAMS 0x0000000087a00000| PB 0x0000000087900000| Untracked 
| 122|0x0000000087a00000, 0x0000000087b00000, 0x0000000087b00000|100%| O|  |TAMS 0x0000000087b00000| PB 0x0000000087a00000| Untracked 
| 123|0x0000000087b00000, 0x0000000087c00000, 0x0000000087c00000|100%| O|  |TAMS 0x0000000087c00000| PB 0x0000000087b00000| Untracked 
| 124|0x0000000087c00000, 0x0000000087d00000, 0x0000000087d00000|100%| O|  |TAMS 0x0000000087d00000| PB 0x0000000087c00000| Untracked 
| 125|0x0000000087d00000, 0x0000000087e00000, 0x0000000087e00000|100%| O|  |TAMS 0x0000000087e00000| PB 0x0000000087d00000| Untracked 
| 126|0x0000000087e00000, 0x0000000087f00000, 0x0000000087f00000|100%| O|  |TAMS 0x0000000087f00000| PB 0x0000000087e00000| Untracked 
| 127|0x0000000087f00000, 0x0000000087f7a4e0, 0x0000000088000000| 47%| O|  |TAMS 0x0000000087f00000| PB 0x0000000087f00000| Untracked 
| 128|0x0000000088000000, 0x0000000088100000, 0x0000000088100000|100%| O|  |TAMS 0x0000000088100000| PB 0x0000000088000000| Untracked 
| 129|0x0000000088100000, 0x0000000088200000, 0x0000000088200000|100%| O|  |TAMS 0x0000000088200000| PB 0x0000000088100000| Untracked 
| 130|0x0000000088200000, 0x0000000088300000, 0x0000000088300000|100%| O|  |TAMS 0x0000000088300000| PB 0x0000000088200000| Untracked 
| 131|0x0000000088300000, 0x0000000088400000, 0x0000000088400000|100%| O|  |TAMS 0x0000000088400000| PB 0x0000000088300000| Untracked 
| 132|0x0000000088400000, 0x0000000088400000, 0x0000000088500000|  0%| F|  |TAMS 0x0000000088400000| PB 0x0000000088400000| Untracked 
| 133|0x0000000088500000, 0x0000000088600000, 0x0000000088600000|100%| O|  |TAMS 0x0000000088600000| PB 0x0000000088500000| Untracked 
| 134|0x0000000088600000, 0x0000000088700000, 0x0000000088700000|100%| O|  |TAMS 0x0000000088700000| PB 0x0000000088600000| Untracked 
| 135|0x0000000088700000, 0x0000000088800000, 0x0000000088800000|100%| O|  |TAMS 0x0000000088800000| PB 0x0000000088700000| Untracked 
| 136|0x0000000088800000, 0x0000000088900000, 0x0000000088900000|100%| O|  |TAMS 0x0000000088900000| PB 0x0000000088800000| Untracked 
| 137|0x0000000088900000, 0x0000000088900000, 0x0000000088a00000|  0%| F|  |TAMS 0x0000000088900000| PB 0x0000000088900000| Untracked 
| 138|0x0000000088a00000, 0x0000000088b00000, 0x0000000088b00000|100%| O|  |TAMS 0x0000000088b00000| PB 0x0000000088a00000| Untracked 
| 139|0x0000000088b00000, 0x0000000088c00000, 0x0000000088c00000|100%| O|  |TAMS 0x0000000088c00000| PB 0x0000000088b00000| Untracked 
| 140|0x0000000088c00000, 0x0000000088d00000, 0x0000000088d00000|100%| O|  |TAMS 0x0000000088d00000| PB 0x0000000088c00000| Untracked 
| 141|0x0000000088d00000, 0x0000000088e00000, 0x0000000088e00000|100%| O|  |TAMS 0x0000000088e00000| PB 0x0000000088d00000| Untracked 
| 142|0x0000000088e00000, 0x0000000088e00000, 0x0000000088f00000|  0%| F|  |TAMS 0x0000000088e00000| PB 0x0000000088e00000| Untracked 
| 143|0x0000000088f00000, 0x0000000089000000, 0x0000000089000000|100%| O|  |TAMS 0x0000000089000000| PB 0x0000000088f00000| Untracked 
| 144|0x0000000089000000, 0x0000000089100000, 0x0000000089100000|100%| O|  |TAMS 0x0000000089100000| PB 0x0000000089000000| Untracked 
| 145|0x0000000089100000, 0x0000000089200000, 0x0000000089200000|100%| O|  |TAMS 0x0000000089200000| PB 0x0000000089100000| Untracked 
| 146|0x0000000089200000, 0x0000000089300000, 0x0000000089300000|100%| O|  |TAMS 0x0000000089300000| PB 0x0000000089200000| Untracked 
| 147|0x0000000089300000, 0x0000000089400000, 0x0000000089400000|100%| O|  |TAMS 0x0000000089400000| PB 0x0000000089300000| Untracked 
| 148|0x0000000089400000, 0x0000000089500000, 0x0000000089500000|100%| O|  |TAMS 0x0000000089500000| PB 0x0000000089400000| Untracked 
| 149|0x0000000089500000, 0x0000000089600000, 0x0000000089600000|100%| O|  |TAMS 0x0000000089600000| PB 0x0000000089500000| Untracked 
| 150|0x0000000089600000, 0x0000000089600000, 0x0000000089700000|  0%| F|  |TAMS 0x0000000089600000| PB 0x0000000089600000| Untracked 
| 151|0x0000000089700000, 0x0000000089800000, 0x0000000089800000|100%| O|  |TAMS 0x0000000089800000| PB 0x0000000089700000| Untracked 
| 152|0x0000000089800000, 0x0000000089900000, 0x0000000089900000|100%| O|  |TAMS 0x0000000089900000| PB 0x0000000089800000| Untracked 
| 153|0x0000000089900000, 0x0000000089a00000, 0x0000000089a00000|100%| O|  |TAMS 0x0000000089a00000| PB 0x0000000089900000| Untracked 
| 154|0x0000000089a00000, 0x0000000089b00000, 0x0000000089b00000|100%| O|  |TAMS 0x0000000089b00000| PB 0x0000000089a00000| Untracked 
| 155|0x0000000089b00000, 0x0000000089c00000, 0x0000000089c00000|100%|HS|  |TAMS 0x0000000089c00000| PB 0x0000000089b00000| Complete 
| 156|0x0000000089c00000, 0x0000000089d00000, 0x0000000089d00000|100%|HC|  |TAMS 0x0000000089d00000| PB 0x0000000089c00000| Complete 
| 157|0x0000000089d00000, 0x0000000089e00000, 0x0000000089e00000|100%| O|  |TAMS 0x0000000089e00000| PB 0x0000000089d00000| Untracked 
| 158|0x0000000089e00000, 0x0000000089f00000, 0x0000000089f00000|100%| O|  |TAMS 0x0000000089f00000| PB 0x0000000089e00000| Untracked 
| 159|0x0000000089f00000, 0x000000008a000000, 0x000000008a000000|100%| O|  |TAMS 0x000000008a000000| PB 0x0000000089f00000| Untracked 
| 160|0x000000008a000000, 0x000000008a100000, 0x000000008a100000|100%| O|  |TAMS 0x000000008a100000| PB 0x000000008a000000| Untracked 
| 161|0x000000008a100000, 0x000000008a200000, 0x000000008a200000|100%| O|  |TAMS 0x000000008a200000| PB 0x000000008a100000| Untracked 
| 162|0x000000008a200000, 0x000000008a300000, 0x000000008a300000|100%| O|  |TAMS 0x000000008a300000| PB 0x000000008a200000| Untracked 
| 163|0x000000008a300000, 0x000000008a400000, 0x000000008a400000|100%| O|  |TAMS 0x000000008a400000| PB 0x000000008a300000| Untracked 
| 164|0x000000008a400000, 0x000000008a500000, 0x000000008a500000|100%| O|  |TAMS 0x000000008a500000| PB 0x000000008a400000| Untracked 
| 165|0x000000008a500000, 0x000000008a600000, 0x000000008a600000|100%| O|  |TAMS 0x000000008a600000| PB 0x000000008a500000| Untracked 
| 166|0x000000008a600000, 0x000000008a700000, 0x000000008a700000|100%| O|  |TAMS 0x000000008a700000| PB 0x000000008a600000| Untracked 
| 167|0x000000008a700000, 0x000000008a700000, 0x000000008a800000|  0%| F|  |TAMS 0x000000008a700000| PB 0x000000008a700000| Untracked 
| 168|0x000000008a800000, 0x000000008a900000, 0x000000008a900000|100%| O|  |TAMS 0x000000008a900000| PB 0x000000008a800000| Untracked 
| 169|0x000000008a900000, 0x000000008aa00000, 0x000000008aa00000|100%| O|  |TAMS 0x000000008aa00000| PB 0x000000008a900000| Untracked 
| 170|0x000000008aa00000, 0x000000008ab00000, 0x000000008ab00000|100%| O|  |TAMS 0x000000008ab00000| PB 0x000000008aa00000| Untracked 
| 171|0x000000008ab00000, 0x000000008ac00000, 0x000000008ac00000|100%| O|  |TAMS 0x000000008ac00000| PB 0x000000008ab00000| Untracked 
| 172|0x000000008ac00000, 0x000000008ad00000, 0x000000008ad00000|100%| O|  |TAMS 0x000000008ad00000| PB 0x000000008ac00000| Untracked 
| 173|0x000000008ad00000, 0x000000008ae00000, 0x000000008ae00000|100%| O|  |TAMS 0x000000008ae00000| PB 0x000000008ad00000| Untracked 
| 174|0x000000008ae00000, 0x000000008af00000, 0x000000008af00000|100%| O|  |TAMS 0x000000008af00000| PB 0x000000008ae00000| Untracked 
| 175|0x000000008af00000, 0x000000008b000000, 0x000000008b000000|100%| O|  |TAMS 0x000000008b000000| PB 0x000000008af00000| Untracked 
| 176|0x000000008b000000, 0x000000008b100000, 0x000000008b100000|100%| O|  |TAMS 0x000000008b100000| PB 0x000000008b000000| Untracked 
| 177|0x000000008b100000, 0x000000008b200000, 0x000000008b200000|100%| O|  |TAMS 0x000000008b200000| PB 0x000000008b100000| Untracked 
| 178|0x000000008b200000, 0x000000008b300000, 0x000000008b300000|100%| O|  |TAMS 0x000000008b300000| PB 0x000000008b200000| Untracked 
| 179|0x000000008b300000, 0x000000008b400000, 0x000000008b400000|100%| O|  |TAMS 0x000000008b400000| PB 0x000000008b300000| Untracked 
| 180|0x000000008b400000, 0x000000008b500000, 0x000000008b500000|100%| O|  |TAMS 0x000000008b500000| PB 0x000000008b400000| Untracked 
| 181|0x000000008b500000, 0x000000008b600000, 0x000000008b600000|100%| O|  |TAMS 0x000000008b600000| PB 0x000000008b500000| Untracked 
| 182|0x000000008b600000, 0x000000008b600000, 0x000000008b700000|  0%| F|  |TAMS 0x000000008b600000| PB 0x000000008b600000| Untracked 
| 183|0x000000008b700000, 0x000000008b800000, 0x000000008b800000|100%| O|  |TAMS 0x000000008b800000| PB 0x000000008b700000| Untracked 
| 184|0x000000008b800000, 0x000000008b900000, 0x000000008b900000|100%| O|  |TAMS 0x000000008b900000| PB 0x000000008b800000| Untracked 
| 185|0x000000008b900000, 0x000000008ba00000, 0x000000008ba00000|100%| O|  |TAMS 0x000000008ba00000| PB 0x000000008b900000| Untracked 
| 186|0x000000008ba00000, 0x000000008bb00000, 0x000000008bb00000|100%| O|  |TAMS 0x000000008bb00000| PB 0x000000008ba00000| Untracked 
| 187|0x000000008bb00000, 0x000000008bc00000, 0x000000008bc00000|100%| O|  |TAMS 0x000000008bc00000| PB 0x000000008bb00000| Untracked 
| 188|0x000000008bc00000, 0x000000008bd00000, 0x000000008bd00000|100%| O|  |TAMS 0x000000008bd00000| PB 0x000000008bc00000| Untracked 
| 189|0x000000008bd00000, 0x000000008be00000, 0x000000008be00000|100%| O|  |TAMS 0x000000008be00000| PB 0x000000008bd00000| Untracked 
| 190|0x000000008be00000, 0x000000008bf00000, 0x000000008bf00000|100%| O|  |TAMS 0x000000008bf00000| PB 0x000000008be00000| Untracked 
| 191|0x000000008bf00000, 0x000000008c000000, 0x000000008c000000|100%| O|  |TAMS 0x000000008c000000| PB 0x000000008bf00000| Untracked 
| 192|0x000000008c000000, 0x000000008c100000, 0x000000008c100000|100%| O|  |TAMS 0x000000008c100000| PB 0x000000008c000000| Untracked 
| 193|0x000000008c100000, 0x000000008c200000, 0x000000008c200000|100%| O|  |TAMS 0x000000008c200000| PB 0x000000008c100000| Untracked 
| 194|0x000000008c200000, 0x000000008c300000, 0x000000008c300000|100%| O|  |TAMS 0x000000008c300000| PB 0x000000008c200000| Untracked 
| 195|0x000000008c300000, 0x000000008c400000, 0x000000008c400000|100%| O|  |TAMS 0x000000008c400000| PB 0x000000008c300000| Untracked 
| 196|0x000000008c400000, 0x000000008c500000, 0x000000008c500000|100%| O|  |TAMS 0x000000008c500000| PB 0x000000008c400000| Untracked 
| 197|0x000000008c500000, 0x000000008c600000, 0x000000008c600000|100%| O|  |TAMS 0x000000008c600000| PB 0x000000008c500000| Untracked 
| 198|0x000000008c600000, 0x000000008c700000, 0x000000008c700000|100%| O|  |TAMS 0x000000008c700000| PB 0x000000008c600000| Untracked 
| 199|0x000000008c700000, 0x000000008c800000, 0x000000008c800000|100%| O|  |TAMS 0x000000008c800000| PB 0x000000008c700000| Untracked 
| 200|0x000000008c800000, 0x000000008c900000, 0x000000008c900000|100%| O|  |TAMS 0x000000008c900000| PB 0x000000008c800000| Untracked 
| 201|0x000000008c900000, 0x000000008ca00000, 0x000000008ca00000|100%| O|  |TAMS 0x000000008ca00000| PB 0x000000008c900000| Untracked 
| 202|0x000000008ca00000, 0x000000008cb00000, 0x000000008cb00000|100%| O|  |TAMS 0x000000008cb00000| PB 0x000000008ca00000| Untracked 
| 203|0x000000008cb00000, 0x000000008cc00000, 0x000000008cc00000|100%| O|  |TAMS 0x000000008cc00000| PB 0x000000008cb00000| Untracked 
| 204|0x000000008cc00000, 0x000000008cd00000, 0x000000008cd00000|100%| O|  |TAMS 0x000000008cd00000| PB 0x000000008cc00000| Untracked 
| 205|0x000000008cd00000, 0x000000008ce00000, 0x000000008ce00000|100%| O|  |TAMS 0x000000008ce00000| PB 0x000000008cd00000| Untracked 
| 206|0x000000008ce00000, 0x000000008cf00000, 0x000000008cf00000|100%| O|  |TAMS 0x000000008cf00000| PB 0x000000008ce00000| Untracked 
| 207|0x000000008cf00000, 0x000000008d000000, 0x000000008d000000|100%| O|  |TAMS 0x000000008d000000| PB 0x000000008cf00000| Untracked 
| 208|0x000000008d000000, 0x000000008d100000, 0x000000008d100000|100%| O|  |TAMS 0x000000008d100000| PB 0x000000008d000000| Untracked 
| 209|0x000000008d100000, 0x000000008d200000, 0x000000008d200000|100%| O|  |TAMS 0x000000008d200000| PB 0x000000008d100000| Untracked 
| 210|0x000000008d200000, 0x000000008d300000, 0x000000008d300000|100%| O|  |TAMS 0x000000008d300000| PB 0x000000008d200000| Untracked 
| 211|0x000000008d300000, 0x000000008d400000, 0x000000008d400000|100%| O|  |TAMS 0x000000008d400000| PB 0x000000008d300000| Untracked 
| 212|0x000000008d400000, 0x000000008d500000, 0x000000008d500000|100%| O|  |TAMS 0x000000008d500000| PB 0x000000008d400000| Untracked 
| 213|0x000000008d500000, 0x000000008d600000, 0x000000008d600000|100%| O|  |TAMS 0x000000008d600000| PB 0x000000008d500000| Untracked 
| 214|0x000000008d600000, 0x000000008d700000, 0x000000008d700000|100%| O|  |TAMS 0x000000008d700000| PB 0x000000008d600000| Untracked 
| 215|0x000000008d700000, 0x000000008d800000, 0x000000008d800000|100%|HS|  |TAMS 0x000000008d800000| PB 0x000000008d700000| Complete 
| 216|0x000000008d800000, 0x000000008d900000, 0x000000008d900000|100%|HC|  |TAMS 0x000000008d900000| PB 0x000000008d800000| Complete 
| 217|0x000000008d900000, 0x000000008da00000, 0x000000008da00000|100%|HC|  |TAMS 0x000000008da00000| PB 0x000000008d900000| Complete 
| 218|0x000000008da00000, 0x000000008db00000, 0x000000008db00000|100%| O|  |TAMS 0x000000008db00000| PB 0x000000008da00000| Untracked 
| 219|0x000000008db00000, 0x000000008dc00000, 0x000000008dc00000|100%| O|  |TAMS 0x000000008dc00000| PB 0x000000008db00000| Untracked 
| 220|0x000000008dc00000, 0x000000008dd00000, 0x000000008dd00000|100%| O|  |TAMS 0x000000008dd00000| PB 0x000000008dc00000| Untracked 
| 221|0x000000008dd00000, 0x000000008de00000, 0x000000008de00000|100%| O|  |TAMS 0x000000008de00000| PB 0x000000008dd00000| Untracked 
| 222|0x000000008de00000, 0x000000008df00000, 0x000000008df00000|100%| O|  |TAMS 0x000000008df00000| PB 0x000000008de00000| Untracked 
| 223|0x000000008df00000, 0x000000008e000000, 0x000000008e000000|100%| O|  |TAMS 0x000000008e000000| PB 0x000000008df00000| Untracked 
| 224|0x000000008e000000, 0x000000008e100000, 0x000000008e100000|100%| O|  |TAMS 0x000000008e100000| PB 0x000000008e000000| Untracked 
| 225|0x000000008e100000, 0x000000008e200000, 0x000000008e200000|100%| O|  |TAMS 0x000000008e200000| PB 0x000000008e100000| Untracked 
| 226|0x000000008e200000, 0x000000008e300000, 0x000000008e300000|100%| O|  |TAMS 0x000000008e300000| PB 0x000000008e200000| Untracked 
| 227|0x000000008e300000, 0x000000008e300000, 0x000000008e400000|  0%| F|  |TAMS 0x000000008e300000| PB 0x000000008e300000| Untracked 
| 228|0x000000008e400000, 0x000000008e500000, 0x000000008e500000|100%| O|  |TAMS 0x000000008e500000| PB 0x000000008e400000| Untracked 
| 229|0x000000008e500000, 0x000000008e600000, 0x000000008e600000|100%| O|  |TAMS 0x000000008e600000| PB 0x000000008e500000| Untracked 
| 230|0x000000008e600000, 0x000000008e700000, 0x000000008e700000|100%| O|  |TAMS 0x000000008e700000| PB 0x000000008e600000| Untracked 
| 231|0x000000008e700000, 0x000000008e800000, 0x000000008e800000|100%| O|  |TAMS 0x000000008e800000| PB 0x000000008e700000| Untracked 
| 232|0x000000008e800000, 0x000000008e900000, 0x000000008e900000|100%| O|  |TAMS 0x000000008e900000| PB 0x000000008e800000| Untracked 
| 233|0x000000008e900000, 0x000000008ea00000, 0x000000008ea00000|100%| O|  |TAMS 0x000000008ea00000| PB 0x000000008e900000| Untracked 
| 234|0x000000008ea00000, 0x000000008eb00000, 0x000000008eb00000|100%| O|  |TAMS 0x000000008eb00000| PB 0x000000008ea00000| Untracked 
| 235|0x000000008eb00000, 0x000000008ec00000, 0x000000008ec00000|100%| O|  |TAMS 0x000000008ec00000| PB 0x000000008eb00000| Untracked 
| 236|0x000000008ec00000, 0x000000008ed00000, 0x000000008ed00000|100%| O|  |TAMS 0x000000008ed00000| PB 0x000000008ec00000| Untracked 
| 237|0x000000008ed00000, 0x000000008ee00000, 0x000000008ee00000|100%| O|  |TAMS 0x000000008ee00000| PB 0x000000008ed00000| Untracked 
| 238|0x000000008ee00000, 0x000000008ee00000, 0x000000008ef00000|  0%| F|  |TAMS 0x000000008ee00000| PB 0x000000008ee00000| Untracked 
| 239|0x000000008ef00000, 0x000000008f000000, 0x000000008f000000|100%| O|  |TAMS 0x000000008f000000| PB 0x000000008ef00000| Untracked 
| 240|0x000000008f000000, 0x000000008f100000, 0x000000008f100000|100%| O|  |TAMS 0x000000008f100000| PB 0x000000008f000000| Untracked 
| 241|0x000000008f100000, 0x000000008f200000, 0x000000008f200000|100%| O|  |TAMS 0x000000008f200000| PB 0x000000008f100000| Untracked 
| 242|0x000000008f200000, 0x000000008f300000, 0x000000008f300000|100%| O|  |TAMS 0x000000008f300000| PB 0x000000008f200000| Untracked 
| 243|0x000000008f300000, 0x000000008f400000, 0x000000008f400000|100%| O|  |TAMS 0x000000008f400000| PB 0x000000008f300000| Untracked 
| 244|0x000000008f400000, 0x000000008f500000, 0x000000008f500000|100%| O|  |TAMS 0x000000008f500000| PB 0x000000008f400000| Untracked 
| 245|0x000000008f500000, 0x000000008f600000, 0x000000008f600000|100%| O|  |TAMS 0x000000008f600000| PB 0x000000008f500000| Untracked 
| 246|0x000000008f600000, 0x000000008f700000, 0x000000008f700000|100%| O|  |TAMS 0x000000008f700000| PB 0x000000008f600000| Untracked 
| 247|0x000000008f700000, 0x000000008f800000, 0x000000008f800000|100%| O|  |TAMS 0x000000008f800000| PB 0x000000008f700000| Untracked 
| 248|0x000000008f800000, 0x000000008f900000, 0x000000008f900000|100%| O|  |TAMS 0x000000008f900000| PB 0x000000008f800000| Untracked 
| 249|0x000000008f900000, 0x000000008fa00000, 0x000000008fa00000|100%| O|  |TAMS 0x000000008fa00000| PB 0x000000008f900000| Untracked 
| 250|0x000000008fa00000, 0x000000008fb00000, 0x000000008fb00000|100%| O|  |TAMS 0x000000008fb00000| PB 0x000000008fa00000| Untracked 
| 251|0x000000008fb00000, 0x000000008fc00000, 0x000000008fc00000|100%| O|  |TAMS 0x000000008fc00000| PB 0x000000008fb00000| Untracked 
| 252|0x000000008fc00000, 0x000000008fd00000, 0x000000008fd00000|100%| O|  |TAMS 0x000000008fd00000| PB 0x000000008fc00000| Untracked 
| 253|0x000000008fd00000, 0x000000008fe00000, 0x000000008fe00000|100%| O|  |TAMS 0x000000008fe00000| PB 0x000000008fd00000| Untracked 
| 254|0x000000008fe00000, 0x000000008ff00000, 0x000000008ff00000|100%| O|  |TAMS 0x000000008ff00000| PB 0x000000008fe00000| Untracked 
| 255|0x000000008ff00000, 0x0000000090000000, 0x0000000090000000|100%| O|  |TAMS 0x0000000090000000| PB 0x000000008ff00000| Untracked 
| 256|0x0000000090000000, 0x0000000090100000, 0x0000000090100000|100%| O|  |TAMS 0x0000000090100000| PB 0x0000000090000000| Untracked 
| 257|0x0000000090100000, 0x0000000090200000, 0x0000000090200000|100%| O|  |TAMS 0x0000000090200000| PB 0x0000000090100000| Untracked 
| 258|0x0000000090200000, 0x0000000090300000, 0x0000000090300000|100%| O|  |TAMS 0x0000000090300000| PB 0x0000000090200000| Untracked 
| 259|0x0000000090300000, 0x0000000090400000, 0x0000000090400000|100%| O|  |TAMS 0x0000000090400000| PB 0x0000000090300000| Untracked 
| 260|0x0000000090400000, 0x0000000090500000, 0x0000000090500000|100%| O|  |TAMS 0x0000000090500000| PB 0x0000000090400000| Untracked 
| 261|0x0000000090500000, 0x0000000090600000, 0x0000000090600000|100%| O|  |TAMS 0x0000000090600000| PB 0x0000000090500000| Untracked 
| 262|0x0000000090600000, 0x0000000090700000, 0x0000000090700000|100%| O|  |TAMS 0x0000000090700000| PB 0x0000000090600000| Untracked 
| 263|0x0000000090700000, 0x0000000090800000, 0x0000000090800000|100%| O|  |TAMS 0x0000000090800000| PB 0x0000000090700000| Untracked 
| 264|0x0000000090800000, 0x0000000090900000, 0x0000000090900000|100%| O|  |TAMS 0x0000000090900000| PB 0x0000000090800000| Untracked 
| 265|0x0000000090900000, 0x0000000090a00000, 0x0000000090a00000|100%| O|  |TAMS 0x0000000090a00000| PB 0x0000000090900000| Untracked 
| 266|0x0000000090a00000, 0x0000000090b00000, 0x0000000090b00000|100%| O|  |TAMS 0x0000000090b00000| PB 0x0000000090a00000| Untracked 
| 267|0x0000000090b00000, 0x0000000090c00000, 0x0000000090c00000|100%| O|  |TAMS 0x0000000090c00000| PB 0x0000000090b00000| Untracked 
| 268|0x0000000090c00000, 0x0000000090d00000, 0x0000000090d00000|100%| O|  |TAMS 0x0000000090d00000| PB 0x0000000090c00000| Untracked 
| 269|0x0000000090d00000, 0x0000000090e00000, 0x0000000090e00000|100%| O|  |TAMS 0x0000000090e00000| PB 0x0000000090d00000| Untracked 
| 270|0x0000000090e00000, 0x0000000090f00000, 0x0000000090f00000|100%| O|  |TAMS 0x0000000090f00000| PB 0x0000000090e00000| Untracked 
| 271|0x0000000090f00000, 0x0000000091000000, 0x0000000091000000|100%| O|  |TAMS 0x0000000091000000| PB 0x0000000090f00000| Untracked 
| 272|0x0000000091000000, 0x0000000091100000, 0x0000000091100000|100%| O|  |TAMS 0x0000000091100000| PB 0x0000000091000000| Untracked 
| 273|0x0000000091100000, 0x0000000091200000, 0x0000000091200000|100%| O|  |TAMS 0x0000000091200000| PB 0x0000000091100000| Untracked 
| 274|0x0000000091200000, 0x0000000091300000, 0x0000000091300000|100%| O|  |TAMS 0x0000000091300000| PB 0x0000000091200000| Untracked 
| 275|0x0000000091300000, 0x0000000091400000, 0x0000000091400000|100%| O|  |TAMS 0x0000000091400000| PB 0x0000000091300000| Untracked 
| 276|0x0000000091400000, 0x0000000091500000, 0x0000000091500000|100%| O|  |TAMS 0x0000000091500000| PB 0x0000000091400000| Untracked 
| 277|0x0000000091500000, 0x0000000091600000, 0x0000000091600000|100%| O|  |TAMS 0x0000000091600000| PB 0x0000000091500000| Untracked 
| 278|0x0000000091600000, 0x0000000091600000, 0x0000000091700000|  0%| F|  |TAMS 0x0000000091600000| PB 0x0000000091600000| Untracked 
| 279|0x0000000091700000, 0x0000000091800000, 0x0000000091800000|100%| O|  |TAMS 0x0000000091800000| PB 0x0000000091700000| Untracked 
| 280|0x0000000091800000, 0x0000000091900000, 0x0000000091900000|100%| O|  |TAMS 0x0000000091900000| PB 0x0000000091800000| Untracked 
| 281|0x0000000091900000, 0x0000000091a00000, 0x0000000091a00000|100%| O|  |TAMS 0x0000000091a00000| PB 0x0000000091900000| Untracked 
| 282|0x0000000091a00000, 0x0000000091b00000, 0x0000000091b00000|100%| O|  |TAMS 0x0000000091b00000| PB 0x0000000091a00000| Untracked 
| 283|0x0000000091b00000, 0x0000000091c00000, 0x0000000091c00000|100%| O|  |TAMS 0x0000000091c00000| PB 0x0000000091b00000| Untracked 
| 284|0x0000000091c00000, 0x0000000091d00000, 0x0000000091d00000|100%| O|  |TAMS 0x0000000091d00000| PB 0x0000000091c00000| Untracked 
| 285|0x0000000091d00000, 0x0000000091e00000, 0x0000000091e00000|100%| O|  |TAMS 0x0000000091e00000| PB 0x0000000091d00000| Untracked 
| 286|0x0000000091e00000, 0x0000000091f00000, 0x0000000091f00000|100%| O|  |TAMS 0x0000000091f00000| PB 0x0000000091e00000| Untracked 
| 287|0x0000000091f00000, 0x0000000092000000, 0x0000000092000000|100%| O|  |TAMS 0x0000000092000000| PB 0x0000000091f00000| Untracked 
| 288|0x0000000092000000, 0x0000000092100000, 0x0000000092100000|100%| O|  |TAMS 0x0000000092100000| PB 0x0000000092000000| Untracked 
| 289|0x0000000092100000, 0x0000000092200000, 0x0000000092200000|100%| O|  |TAMS 0x0000000092200000| PB 0x0000000092100000| Untracked 
| 290|0x0000000092200000, 0x0000000092300000, 0x0000000092300000|100%| O|  |TAMS 0x0000000092300000| PB 0x0000000092200000| Untracked 
| 291|0x0000000092300000, 0x0000000092400000, 0x0000000092400000|100%| O|  |TAMS 0x0000000092400000| PB 0x0000000092300000| Untracked 
| 292|0x0000000092400000, 0x0000000092500000, 0x0000000092500000|100%| O|  |TAMS 0x0000000092500000| PB 0x0000000092400000| Untracked 
| 293|0x0000000092500000, 0x0000000092600000, 0x0000000092600000|100%| O|  |TAMS 0x0000000092600000| PB 0x0000000092500000| Untracked 
| 294|0x0000000092600000, 0x0000000092700000, 0x0000000092700000|100%| O|  |TAMS 0x0000000092700000| PB 0x0000000092600000| Untracked 
| 295|0x0000000092700000, 0x0000000092800000, 0x0000000092800000|100%| O|  |TAMS 0x0000000092800000| PB 0x0000000092700000| Untracked 
| 296|0x0000000092800000, 0x0000000092900000, 0x0000000092900000|100%| O|  |TAMS 0x0000000092900000| PB 0x0000000092800000| Untracked 
| 297|0x0000000092900000, 0x0000000092a00000, 0x0000000092a00000|100%| O|  |TAMS 0x0000000092a00000| PB 0x0000000092900000| Untracked 
| 298|0x0000000092a00000, 0x0000000092b00000, 0x0000000092b00000|100%| O|  |TAMS 0x0000000092b00000| PB 0x0000000092a00000| Untracked 
| 299|0x0000000092b00000, 0x0000000092c00000, 0x0000000092c00000|100%| O|  |TAMS 0x0000000092c00000| PB 0x0000000092b00000| Untracked 
| 300|0x0000000092c00000, 0x0000000092d00000, 0x0000000092d00000|100%| O|  |TAMS 0x0000000092d00000| PB 0x0000000092c00000| Untracked 
| 301|0x0000000092d00000, 0x0000000092e00000, 0x0000000092e00000|100%| O|  |TAMS 0x0000000092e00000| PB 0x0000000092d00000| Untracked 
| 302|0x0000000092e00000, 0x0000000092f00000, 0x0000000092f00000|100%| O|  |TAMS 0x0000000092f00000| PB 0x0000000092e00000| Untracked 
| 303|0x0000000092f00000, 0x0000000093000000, 0x0000000093000000|100%| O|  |TAMS 0x0000000093000000| PB 0x0000000092f00000| Untracked 
| 304|0x0000000093000000, 0x0000000093100000, 0x0000000093100000|100%| O|  |TAMS 0x0000000093100000| PB 0x0000000093000000| Untracked 
| 305|0x0000000093100000, 0x0000000093200000, 0x0000000093200000|100%| O|  |TAMS 0x0000000093200000| PB 0x0000000093100000| Untracked 
| 306|0x0000000093200000, 0x0000000093300000, 0x0000000093300000|100%| O|  |TAMS 0x0000000093300000| PB 0x0000000093200000| Untracked 
| 307|0x0000000093300000, 0x0000000093400000, 0x0000000093400000|100%| O|  |TAMS 0x0000000093400000| PB 0x0000000093300000| Untracked 
| 308|0x0000000093400000, 0x0000000093500000, 0x0000000093500000|100%| O|  |TAMS 0x0000000093500000| PB 0x0000000093400000| Untracked 
| 309|0x0000000093500000, 0x0000000093500000, 0x0000000093600000|  0%| F|  |TAMS 0x0000000093500000| PB 0x0000000093500000| Untracked 
| 310|0x0000000093600000, 0x0000000093700000, 0x0000000093700000|100%| O|  |TAMS 0x0000000093700000| PB 0x0000000093600000| Untracked 
| 311|0x0000000093700000, 0x0000000093800000, 0x0000000093800000|100%| O|  |TAMS 0x0000000093800000| PB 0x0000000093700000| Untracked 
| 312|0x0000000093800000, 0x0000000093900000, 0x0000000093900000|100%| O|  |TAMS 0x0000000093900000| PB 0x0000000093800000| Untracked 
| 313|0x0000000093900000, 0x0000000093a00000, 0x0000000093a00000|100%| O|  |TAMS 0x0000000093a00000| PB 0x0000000093900000| Untracked 
| 314|0x0000000093a00000, 0x0000000093b00000, 0x0000000093b00000|100%| O|  |TAMS 0x0000000093b00000| PB 0x0000000093a00000| Untracked 
| 315|0x0000000093b00000, 0x0000000093c00000, 0x0000000093c00000|100%| O|  |TAMS 0x0000000093c00000| PB 0x0000000093b00000| Untracked 
| 316|0x0000000093c00000, 0x0000000093d00000, 0x0000000093d00000|100%| O|  |TAMS 0x0000000093d00000| PB 0x0000000093c00000| Untracked 
| 317|0x0000000093d00000, 0x0000000093e00000, 0x0000000093e00000|100%| O|  |TAMS 0x0000000093e00000| PB 0x0000000093d00000| Untracked 
| 318|0x0000000093e00000, 0x0000000093f00000, 0x0000000093f00000|100%| O|  |TAMS 0x0000000093f00000| PB 0x0000000093e00000| Untracked 
| 319|0x0000000093f00000, 0x0000000094000000, 0x0000000094000000|100%| O|  |TAMS 0x0000000094000000| PB 0x0000000093f00000| Untracked 
| 320|0x0000000094000000, 0x0000000094100000, 0x0000000094100000|100%| O|  |TAMS 0x0000000094100000| PB 0x0000000094000000| Untracked 
| 321|0x0000000094100000, 0x0000000094200000, 0x0000000094200000|100%| O|  |TAMS 0x0000000094200000| PB 0x0000000094100000| Untracked 
| 322|0x0000000094200000, 0x0000000094300000, 0x0000000094300000|100%| O|  |TAMS 0x0000000094300000| PB 0x0000000094200000| Untracked 
| 323|0x0000000094300000, 0x0000000094400000, 0x0000000094400000|100%| O|  |TAMS 0x0000000094400000| PB 0x0000000094300000| Untracked 
| 324|0x0000000094400000, 0x0000000094500000, 0x0000000094500000|100%| O|  |TAMS 0x0000000094500000| PB 0x0000000094400000| Untracked 
| 325|0x0000000094500000, 0x0000000094600000, 0x0000000094600000|100%| O|  |TAMS 0x0000000094600000| PB 0x0000000094500000| Untracked 
| 326|0x0000000094600000, 0x0000000094700000, 0x0000000094700000|100%| O|  |TAMS 0x0000000094700000| PB 0x0000000094600000| Untracked 
| 327|0x0000000094700000, 0x0000000094800000, 0x0000000094800000|100%| O|  |TAMS 0x0000000094800000| PB 0x0000000094700000| Untracked 
| 328|0x0000000094800000, 0x0000000094900000, 0x0000000094900000|100%| O|  |TAMS 0x0000000094900000| PB 0x0000000094800000| Untracked 
| 329|0x0000000094900000, 0x0000000094a00000, 0x0000000094a00000|100%| O|  |TAMS 0x0000000094a00000| PB 0x0000000094900000| Untracked 
| 330|0x0000000094a00000, 0x0000000094b00000, 0x0000000094b00000|100%| O|  |TAMS 0x0000000094b00000| PB 0x0000000094a00000| Untracked 
| 331|0x0000000094b00000, 0x0000000094c00000, 0x0000000094c00000|100%| O|  |TAMS 0x0000000094c00000| PB 0x0000000094b00000| Untracked 
| 332|0x0000000094c00000, 0x0000000094d00000, 0x0000000094d00000|100%| O|  |TAMS 0x0000000094d00000| PB 0x0000000094c00000| Untracked 
| 333|0x0000000094d00000, 0x0000000094e00000, 0x0000000094e00000|100%| O|  |TAMS 0x0000000094e00000| PB 0x0000000094d00000| Untracked 
| 334|0x0000000094e00000, 0x0000000094f00000, 0x0000000094f00000|100%| O|  |TAMS 0x0000000094f00000| PB 0x0000000094e00000| Untracked 
| 335|0x0000000094f00000, 0x0000000095000000, 0x0000000095000000|100%| O|  |TAMS 0x0000000095000000| PB 0x0000000094f00000| Untracked 
| 336|0x0000000095000000, 0x0000000095100000, 0x0000000095100000|100%| O|  |TAMS 0x0000000095100000| PB 0x0000000095000000| Untracked 
| 337|0x0000000095100000, 0x0000000095200000, 0x0000000095200000|100%| O|  |TAMS 0x0000000095200000| PB 0x0000000095100000| Untracked 
| 338|0x0000000095200000, 0x0000000095300000, 0x0000000095300000|100%| O|  |TAMS 0x0000000095300000| PB 0x0000000095200000| Untracked 
| 339|0x0000000095300000, 0x0000000095400000, 0x0000000095400000|100%| O|  |TAMS 0x0000000095400000| PB 0x0000000095300000| Untracked 
| 340|0x0000000095400000, 0x0000000095500000, 0x0000000095500000|100%| O|  |TAMS 0x0000000095500000| PB 0x0000000095400000| Untracked 
| 341|0x0000000095500000, 0x0000000095600000, 0x0000000095600000|100%| O|  |TAMS 0x0000000095600000| PB 0x0000000095500000| Untracked 
| 342|0x0000000095600000, 0x0000000095600000, 0x0000000095700000|  0%| F|  |TAMS 0x0000000095600000| PB 0x0000000095600000| Untracked 
| 343|0x0000000095700000, 0x0000000095800000, 0x0000000095800000|100%| O|  |TAMS 0x0000000095800000| PB 0x0000000095700000| Untracked 
| 344|0x0000000095800000, 0x0000000095900000, 0x0000000095900000|100%| O|  |TAMS 0x0000000095900000| PB 0x0000000095800000| Untracked 
| 345|0x0000000095900000, 0x0000000095a00000, 0x0000000095a00000|100%| O|  |TAMS 0x0000000095a00000| PB 0x0000000095900000| Untracked 
| 346|0x0000000095a00000, 0x0000000095a00000, 0x0000000095b00000|  0%| F|  |TAMS 0x0000000095a00000| PB 0x0000000095a00000| Untracked 
| 347|0x0000000095b00000, 0x0000000095c00000, 0x0000000095c00000|100%| O|  |TAMS 0x0000000095c00000| PB 0x0000000095b00000| Untracked 
| 348|0x0000000095c00000, 0x0000000095d00000, 0x0000000095d00000|100%| O|  |TAMS 0x0000000095d00000| PB 0x0000000095c00000| Untracked 
| 349|0x0000000095d00000, 0x0000000095e00000, 0x0000000095e00000|100%| O|  |TAMS 0x0000000095e00000| PB 0x0000000095d00000| Untracked 
| 350|0x0000000095e00000, 0x0000000095f00000, 0x0000000095f00000|100%| O|  |TAMS 0x0000000095f00000| PB 0x0000000095e00000| Untracked 
| 351|0x0000000095f00000, 0x0000000096000000, 0x0000000096000000|100%| O|  |TAMS 0x0000000096000000| PB 0x0000000095f00000| Untracked 
| 352|0x0000000096000000, 0x0000000096100000, 0x0000000096100000|100%| O|  |TAMS 0x0000000096100000| PB 0x0000000096000000| Untracked 
| 353|0x0000000096100000, 0x0000000096200000, 0x0000000096200000|100%| O|  |TAMS 0x0000000096200000| PB 0x0000000096100000| Untracked 
| 354|0x0000000096200000, 0x0000000096300000, 0x0000000096300000|100%| O|  |TAMS 0x0000000096300000| PB 0x0000000096200000| Untracked 
| 355|0x0000000096300000, 0x0000000096400000, 0x0000000096400000|100%| O|  |TAMS 0x0000000096400000| PB 0x0000000096300000| Untracked 
| 356|0x0000000096400000, 0x0000000096500000, 0x0000000096500000|100%| O|  |TAMS 0x0000000096500000| PB 0x0000000096400000| Untracked 
| 357|0x0000000096500000, 0x0000000096600000, 0x0000000096600000|100%| O|  |TAMS 0x0000000096600000| PB 0x0000000096500000| Untracked 
| 358|0x0000000096600000, 0x0000000096700000, 0x0000000096700000|100%| O|  |TAMS 0x0000000096700000| PB 0x0000000096600000| Untracked 
| 359|0x0000000096700000, 0x0000000096800000, 0x0000000096800000|100%| O|  |TAMS 0x0000000096800000| PB 0x0000000096700000| Untracked 
| 360|0x0000000096800000, 0x0000000096900000, 0x0000000096900000|100%| O|  |TAMS 0x0000000096900000| PB 0x0000000096800000| Untracked 
| 361|0x0000000096900000, 0x0000000096a00000, 0x0000000096a00000|100%| O|  |TAMS 0x0000000096a00000| PB 0x0000000096900000| Untracked 
| 362|0x0000000096a00000, 0x0000000096b00000, 0x0000000096b00000|100%| O|  |TAMS 0x0000000096b00000| PB 0x0000000096a00000| Untracked 
| 363|0x0000000096b00000, 0x0000000096c00000, 0x0000000096c00000|100%| O|  |TAMS 0x0000000096c00000| PB 0x0000000096b00000| Untracked 
| 364|0x0000000096c00000, 0x0000000096d00000, 0x0000000096d00000|100%| O|  |TAMS 0x0000000096d00000| PB 0x0000000096c00000| Untracked 
| 365|0x0000000096d00000, 0x0000000096e00000, 0x0000000096e00000|100%| O|  |TAMS 0x0000000096e00000| PB 0x0000000096d00000| Untracked 
| 366|0x0000000096e00000, 0x0000000096f00000, 0x0000000096f00000|100%| O|  |TAMS 0x0000000096f00000| PB 0x0000000096e00000| Untracked 
| 367|0x0000000096f00000, 0x0000000097000000, 0x0000000097000000|100%| O|  |TAMS 0x0000000097000000| PB 0x0000000096f00000| Untracked 
| 368|0x0000000097000000, 0x0000000097100000, 0x0000000097100000|100%| O|  |TAMS 0x0000000097100000| PB 0x0000000097000000| Untracked 
| 369|0x0000000097100000, 0x0000000097200000, 0x0000000097200000|100%| O|  |TAMS 0x0000000097200000| PB 0x0000000097100000| Untracked 
| 370|0x0000000097200000, 0x0000000097300000, 0x0000000097300000|100%| O|  |TAMS 0x0000000097300000| PB 0x0000000097200000| Untracked 
| 371|0x0000000097300000, 0x0000000097400000, 0x0000000097400000|100%| O|  |TAMS 0x0000000097400000| PB 0x0000000097300000| Untracked 
| 372|0x0000000097400000, 0x0000000097500000, 0x0000000097500000|100%| O|  |TAMS 0x0000000097500000| PB 0x0000000097400000| Untracked 
| 373|0x0000000097500000, 0x0000000097600000, 0x0000000097600000|100%| O|  |TAMS 0x0000000097600000| PB 0x0000000097500000| Untracked 
| 374|0x0000000097600000, 0x0000000097700000, 0x0000000097700000|100%| O|  |TAMS 0x0000000097700000| PB 0x0000000097600000| Untracked 
| 375|0x0000000097700000, 0x0000000097800000, 0x0000000097800000|100%| O|  |TAMS 0x0000000097800000| PB 0x0000000097700000| Untracked 
| 376|0x0000000097800000, 0x0000000097900000, 0x0000000097900000|100%| O|  |TAMS 0x0000000097900000| PB 0x0000000097800000| Untracked 
| 377|0x0000000097900000, 0x0000000097a00000, 0x0000000097a00000|100%| O|  |TAMS 0x0000000097a00000| PB 0x0000000097900000| Untracked 
| 378|0x0000000097a00000, 0x0000000097b00000, 0x0000000097b00000|100%| O|  |TAMS 0x0000000097b00000| PB 0x0000000097a00000| Untracked 
| 379|0x0000000097b00000, 0x0000000097c00000, 0x0000000097c00000|100%| O|  |TAMS 0x0000000097c00000| PB 0x0000000097b00000| Untracked 
| 380|0x0000000097c00000, 0x0000000097d00000, 0x0000000097d00000|100%| O|  |TAMS 0x0000000097d00000| PB 0x0000000097c00000| Untracked 
| 381|0x0000000097d00000, 0x0000000097e00000, 0x0000000097e00000|100%| O|  |TAMS 0x0000000097e00000| PB 0x0000000097d00000| Untracked 
| 382|0x0000000097e00000, 0x0000000097f00000, 0x0000000097f00000|100%| O|  |TAMS 0x0000000097f00000| PB 0x0000000097e00000| Untracked 
| 383|0x0000000097f00000, 0x0000000098000000, 0x0000000098000000|100%| O|  |TAMS 0x0000000098000000| PB 0x0000000097f00000| Untracked 
| 384|0x0000000098000000, 0x0000000098100000, 0x0000000098100000|100%| O|  |TAMS 0x0000000098100000| PB 0x0000000098000000| Untracked 
| 385|0x0000000098100000, 0x0000000098200000, 0x0000000098200000|100%| O|  |TAMS 0x0000000098200000| PB 0x0000000098100000| Untracked 
| 386|0x0000000098200000, 0x0000000098300000, 0x0000000098300000|100%| O|  |TAMS 0x0000000098300000| PB 0x0000000098200000| Untracked 
| 387|0x0000000098300000, 0x0000000098400000, 0x0000000098400000|100%| O|  |TAMS 0x0000000098400000| PB 0x0000000098300000| Untracked 
| 388|0x0000000098400000, 0x0000000098500000, 0x0000000098500000|100%| O|  |TAMS 0x0000000098500000| PB 0x0000000098400000| Untracked 
| 389|0x0000000098500000, 0x0000000098600000, 0x0000000098600000|100%| O|  |TAMS 0x0000000098600000| PB 0x0000000098500000| Untracked 
| 390|0x0000000098600000, 0x0000000098700000, 0x0000000098700000|100%| O|  |TAMS 0x0000000098700000| PB 0x0000000098600000| Untracked 
| 391|0x0000000098700000, 0x0000000098800000, 0x0000000098800000|100%| O|  |TAMS 0x0000000098800000| PB 0x0000000098700000| Untracked 
| 392|0x0000000098800000, 0x0000000098900000, 0x0000000098900000|100%| O|  |TAMS 0x0000000098900000| PB 0x0000000098800000| Untracked 
| 393|0x0000000098900000, 0x0000000098a00000, 0x0000000098a00000|100%| O|  |TAMS 0x0000000098a00000| PB 0x0000000098900000| Untracked 
| 394|0x0000000098a00000, 0x0000000098b00000, 0x0000000098b00000|100%| O|  |TAMS 0x0000000098b00000| PB 0x0000000098a00000| Untracked 
| 395|0x0000000098b00000, 0x0000000098c00000, 0x0000000098c00000|100%| O|  |TAMS 0x0000000098c00000| PB 0x0000000098b00000| Untracked 
| 396|0x0000000098c00000, 0x0000000098d00000, 0x0000000098d00000|100%| O|  |TAMS 0x0000000098d00000| PB 0x0000000098c00000| Untracked 
| 397|0x0000000098d00000, 0x0000000098e00000, 0x0000000098e00000|100%| O|  |TAMS 0x0000000098e00000| PB 0x0000000098d00000| Untracked 
| 398|0x0000000098e00000, 0x0000000098f00000, 0x0000000098f00000|100%| O|  |TAMS 0x0000000098f00000| PB 0x0000000098e00000| Untracked 
| 399|0x0000000098f00000, 0x0000000099000000, 0x0000000099000000|100%| O|  |TAMS 0x0000000099000000| PB 0x0000000098f00000| Untracked 
| 400|0x0000000099000000, 0x0000000099100000, 0x0000000099100000|100%| O|  |TAMS 0x0000000099100000| PB 0x0000000099000000| Untracked 
| 401|0x0000000099100000, 0x0000000099200000, 0x0000000099200000|100%| O|  |TAMS 0x0000000099200000| PB 0x0000000099100000| Untracked 
| 402|0x0000000099200000, 0x0000000099300000, 0x0000000099300000|100%| O|  |TAMS 0x0000000099300000| PB 0x0000000099200000| Untracked 
| 403|0x0000000099300000, 0x0000000099400000, 0x0000000099400000|100%| O|  |TAMS 0x0000000099400000| PB 0x0000000099300000| Untracked 
| 404|0x0000000099400000, 0x0000000099500000, 0x0000000099500000|100%| O|  |TAMS 0x0000000099500000| PB 0x0000000099400000| Untracked 
| 405|0x0000000099500000, 0x0000000099600000, 0x0000000099600000|100%| O|  |TAMS 0x0000000099600000| PB 0x0000000099500000| Untracked 
| 406|0x0000000099600000, 0x0000000099700000, 0x0000000099700000|100%| O|  |TAMS 0x0000000099700000| PB 0x0000000099600000| Untracked 
| 407|0x0000000099700000, 0x0000000099800000, 0x0000000099800000|100%| O|  |TAMS 0x0000000099800000| PB 0x0000000099700000| Untracked 
| 408|0x0000000099800000, 0x0000000099900000, 0x0000000099900000|100%| O|  |TAMS 0x0000000099900000| PB 0x0000000099800000| Untracked 
| 409|0x0000000099900000, 0x0000000099a00000, 0x0000000099a00000|100%| O|  |TAMS 0x0000000099a00000| PB 0x0000000099900000| Untracked 
| 410|0x0000000099a00000, 0x0000000099b00000, 0x0000000099b00000|100%| O|  |TAMS 0x0000000099b00000| PB 0x0000000099a00000| Untracked 
| 411|0x0000000099b00000, 0x0000000099c00000, 0x0000000099c00000|100%| O|  |TAMS 0x0000000099c00000| PB 0x0000000099b00000| Untracked 
| 412|0x0000000099c00000, 0x0000000099d00000, 0x0000000099d00000|100%| O|  |TAMS 0x0000000099d00000| PB 0x0000000099c00000| Untracked 
| 413|0x0000000099d00000, 0x0000000099e00000, 0x0000000099e00000|100%| O|  |TAMS 0x0000000099e00000| PB 0x0000000099d00000| Untracked 
| 414|0x0000000099e00000, 0x0000000099f00000, 0x0000000099f00000|100%| O|  |TAMS 0x0000000099f00000| PB 0x0000000099e00000| Untracked 
| 415|0x0000000099f00000, 0x000000009a000000, 0x000000009a000000|100%| O|  |TAMS 0x000000009a000000| PB 0x0000000099f00000| Untracked 
| 416|0x000000009a000000, 0x000000009a100000, 0x000000009a100000|100%| O|  |TAMS 0x000000009a100000| PB 0x000000009a000000| Untracked 
| 417|0x000000009a100000, 0x000000009a200000, 0x000000009a200000|100%| O|  |TAMS 0x000000009a200000| PB 0x000000009a100000| Untracked 
| 418|0x000000009a200000, 0x000000009a300000, 0x000000009a300000|100%| O|  |TAMS 0x000000009a300000| PB 0x000000009a200000| Untracked 
| 419|0x000000009a300000, 0x000000009a400000, 0x000000009a400000|100%| O|  |TAMS 0x000000009a400000| PB 0x000000009a300000| Untracked 
| 420|0x000000009a400000, 0x000000009a500000, 0x000000009a500000|100%| O|  |TAMS 0x000000009a500000| PB 0x000000009a400000| Untracked 
| 421|0x000000009a500000, 0x000000009a600000, 0x000000009a600000|100%| O|  |TAMS 0x000000009a600000| PB 0x000000009a500000| Untracked 
| 422|0x000000009a600000, 0x000000009a700000, 0x000000009a700000|100%| O|  |TAMS 0x000000009a700000| PB 0x000000009a600000| Untracked 
| 423|0x000000009a700000, 0x000000009a800000, 0x000000009a800000|100%| O|  |TAMS 0x000000009a800000| PB 0x000000009a700000| Untracked 
| 424|0x000000009a800000, 0x000000009a900000, 0x000000009a900000|100%| O|  |TAMS 0x000000009a900000| PB 0x000000009a800000| Untracked 
| 425|0x000000009a900000, 0x000000009aa00000, 0x000000009aa00000|100%| O|  |TAMS 0x000000009aa00000| PB 0x000000009a900000| Untracked 
| 426|0x000000009aa00000, 0x000000009ab00000, 0x000000009ab00000|100%| O|  |TAMS 0x000000009ab00000| PB 0x000000009aa00000| Untracked 
| 427|0x000000009ab00000, 0x000000009ac00000, 0x000000009ac00000|100%| O|  |TAMS 0x000000009ac00000| PB 0x000000009ab00000| Untracked 
| 428|0x000000009ac00000, 0x000000009ad00000, 0x000000009ad00000|100%| O|  |TAMS 0x000000009ad00000| PB 0x000000009ac00000| Untracked 
| 429|0x000000009ad00000, 0x000000009ae00000, 0x000000009ae00000|100%| O|  |TAMS 0x000000009ae00000| PB 0x000000009ad00000| Untracked 
| 430|0x000000009ae00000, 0x000000009af00000, 0x000000009af00000|100%| O|  |TAMS 0x000000009af00000| PB 0x000000009ae00000| Untracked 
| 431|0x000000009af00000, 0x000000009b000000, 0x000000009b000000|100%| O|  |TAMS 0x000000009b000000| PB 0x000000009af00000| Untracked 
| 432|0x000000009b000000, 0x000000009b100000, 0x000000009b100000|100%| O|  |TAMS 0x000000009b100000| PB 0x000000009b000000| Untracked 
| 433|0x000000009b100000, 0x000000009b200000, 0x000000009b200000|100%| O|  |TAMS 0x000000009b200000| PB 0x000000009b100000| Untracked 
| 434|0x000000009b200000, 0x000000009b300000, 0x000000009b300000|100%| O|  |TAMS 0x000000009b300000| PB 0x000000009b200000| Untracked 
| 435|0x000000009b300000, 0x000000009b400000, 0x000000009b400000|100%| O|  |TAMS 0x000000009b400000| PB 0x000000009b300000| Untracked 
| 436|0x000000009b400000, 0x000000009b500000, 0x000000009b500000|100%| O|  |TAMS 0x000000009b480000| PB 0x000000009b400000| Untracked 
| 437|0x000000009b500000, 0x000000009b500000, 0x000000009b600000|  0%| F|  |TAMS 0x000000009b500000| PB 0x000000009b500000| Untracked 
| 438|0x000000009b600000, 0x000000009b600000, 0x000000009b700000|  0%| F|  |TAMS 0x000000009b600000| PB 0x000000009b600000| Untracked 
| 439|0x000000009b700000, 0x000000009b700000, 0x000000009b800000|  0%| F|  |TAMS 0x000000009b700000| PB 0x000000009b700000| Untracked 
| 440|0x000000009b800000, 0x000000009b800000, 0x000000009b900000|  0%| F|  |TAMS 0x000000009b800000| PB 0x000000009b800000| Untracked 
| 441|0x000000009b900000, 0x000000009b900000, 0x000000009ba00000|  0%| F|  |TAMS 0x000000009b900000| PB 0x000000009b900000| Untracked 
| 442|0x000000009ba00000, 0x000000009ba00000, 0x000000009bb00000|  0%| F|  |TAMS 0x000000009ba00000| PB 0x000000009ba00000| Untracked 
| 443|0x000000009bb00000, 0x000000009bb00000, 0x000000009bc00000|  0%| F|  |TAMS 0x000000009bb00000| PB 0x000000009bb00000| Untracked 
| 444|0x000000009bc00000, 0x000000009bc00000, 0x000000009bd00000|  0%| F|  |TAMS 0x000000009bc00000| PB 0x000000009bc00000| Untracked 
| 445|0x000000009bd00000, 0x000000009bd00000, 0x000000009be00000|  0%| F|  |TAMS 0x000000009bd00000| PB 0x000000009bd00000| Untracked 
| 446|0x000000009be00000, 0x000000009be00000, 0x000000009bf00000|  0%| F|  |TAMS 0x000000009be00000| PB 0x000000009be00000| Untracked 
| 447|0x000000009bf00000, 0x000000009bf00000, 0x000000009c000000|  0%| F|  |TAMS 0x000000009bf00000| PB 0x000000009bf00000| Untracked 
| 448|0x000000009c000000, 0x000000009c000000, 0x000000009c100000|  0%| F|  |TAMS 0x000000009c000000| PB 0x000000009c000000| Untracked 
| 449|0x000000009c100000, 0x000000009c100000, 0x000000009c200000|  0%| F|  |TAMS 0x000000009c100000| PB 0x000000009c100000| Untracked 
| 450|0x000000009c200000, 0x000000009c200000, 0x000000009c300000|  0%| F|  |TAMS 0x000000009c200000| PB 0x000000009c200000| Untracked 
| 451|0x000000009c300000, 0x000000009c300000, 0x000000009c400000|  0%| F|  |TAMS 0x000000009c300000| PB 0x000000009c300000| Untracked 
| 452|0x000000009c400000, 0x000000009c400000, 0x000000009c500000|  0%| F|  |TAMS 0x000000009c400000| PB 0x000000009c400000| Untracked 
| 453|0x000000009c500000, 0x000000009c500000, 0x000000009c600000|  0%| F|  |TAMS 0x000000009c500000| PB 0x000000009c500000| Untracked 
| 454|0x000000009c600000, 0x000000009c600000, 0x000000009c700000|  0%| F|  |TAMS 0x000000009c600000| PB 0x000000009c600000| Untracked 
| 455|0x000000009c700000, 0x000000009c700000, 0x000000009c800000|  0%| F|  |TAMS 0x000000009c700000| PB 0x000000009c700000| Untracked 
| 456|0x000000009c800000, 0x000000009c800000, 0x000000009c900000|  0%| F|  |TAMS 0x000000009c800000| PB 0x000000009c800000| Untracked 
| 457|0x000000009c900000, 0x000000009c900000, 0x000000009ca00000|  0%| F|  |TAMS 0x000000009c900000| PB 0x000000009c900000| Untracked 
| 458|0x000000009ca00000, 0x000000009ca00000, 0x000000009cb00000|  0%| F|  |TAMS 0x000000009ca00000| PB 0x000000009ca00000| Untracked 
| 459|0x000000009cb00000, 0x000000009cb00000, 0x000000009cc00000|  0%| F|  |TAMS 0x000000009cb00000| PB 0x000000009cb00000| Untracked 
| 460|0x000000009cc00000, 0x000000009cc00000, 0x000000009cd00000|  0%| F|  |TAMS 0x000000009cc00000| PB 0x000000009cc00000| Untracked 
| 461|0x000000009cd00000, 0x000000009cd00000, 0x000000009ce00000|  0%| F|  |TAMS 0x000000009cd00000| PB 0x000000009cd00000| Untracked 
| 462|0x000000009ce00000, 0x000000009ce00000, 0x000000009cf00000|  0%| F|  |TAMS 0x000000009ce00000| PB 0x000000009ce00000| Untracked 
| 463|0x000000009cf00000, 0x000000009cf00000, 0x000000009d000000|  0%| F|  |TAMS 0x000000009cf00000| PB 0x000000009cf00000| Untracked 
| 464|0x000000009d000000, 0x000000009d000000, 0x000000009d100000|  0%| F|  |TAMS 0x000000009d000000| PB 0x000000009d000000| Untracked 
| 465|0x000000009d100000, 0x000000009d100000, 0x000000009d200000|  0%| F|  |TAMS 0x000000009d100000| PB 0x000000009d100000| Untracked 
| 466|0x000000009d200000, 0x000000009d200000, 0x000000009d300000|  0%| F|  |TAMS 0x000000009d200000| PB 0x000000009d200000| Untracked 
| 467|0x000000009d300000, 0x000000009d300000, 0x000000009d400000|  0%| F|  |TAMS 0x000000009d300000| PB 0x000000009d300000| Untracked 
| 468|0x000000009d400000, 0x000000009d400000, 0x000000009d500000|  0%| F|  |TAMS 0x000000009d400000| PB 0x000000009d400000| Untracked 
| 469|0x000000009d500000, 0x000000009d500000, 0x000000009d600000|  0%| F|  |TAMS 0x000000009d500000| PB 0x000000009d500000| Untracked 
| 470|0x000000009d600000, 0x000000009d600000, 0x000000009d700000|  0%| F|  |TAMS 0x000000009d600000| PB 0x000000009d600000| Untracked 
| 471|0x000000009d700000, 0x000000009d700000, 0x000000009d800000|  0%| F|  |TAMS 0x000000009d700000| PB 0x000000009d700000| Untracked 
| 472|0x000000009d800000, 0x000000009d800000, 0x000000009d900000|  0%| F|  |TAMS 0x000000009d800000| PB 0x000000009d800000| Untracked 
| 473|0x000000009d900000, 0x000000009d900000, 0x000000009da00000|  0%| F|  |TAMS 0x000000009d900000| PB 0x000000009d900000| Untracked 
| 474|0x000000009da00000, 0x000000009da00000, 0x000000009db00000|  0%| F|  |TAMS 0x000000009da00000| PB 0x000000009da00000| Untracked 
| 475|0x000000009db00000, 0x000000009db00000, 0x000000009dc00000|  0%| F|  |TAMS 0x000000009db00000| PB 0x000000009db00000| Untracked 
| 476|0x000000009dc00000, 0x000000009dc00000, 0x000000009dd00000|  0%| F|  |TAMS 0x000000009dc00000| PB 0x000000009dc00000| Untracked 
| 477|0x000000009dd00000, 0x000000009dd00000, 0x000000009de00000|  0%| F|  |TAMS 0x000000009dd00000| PB 0x000000009dd00000| Untracked 
| 478|0x000000009de00000, 0x000000009de00000, 0x000000009df00000|  0%| F|  |TAMS 0x000000009de00000| PB 0x000000009de00000| Untracked 
| 479|0x000000009df00000, 0x000000009df00000, 0x000000009e000000|  0%| F|  |TAMS 0x000000009df00000| PB 0x000000009df00000| Untracked 
| 480|0x000000009e000000, 0x000000009e000000, 0x000000009e100000|  0%| F|  |TAMS 0x000000009e000000| PB 0x000000009e000000| Untracked 
| 481|0x000000009e100000, 0x000000009e100000, 0x000000009e200000|  0%| F|  |TAMS 0x000000009e100000| PB 0x000000009e100000| Untracked 
| 482|0x000000009e200000, 0x000000009e200000, 0x000000009e300000|  0%| F|  |TAMS 0x000000009e200000| PB 0x000000009e200000| Untracked 
| 483|0x000000009e300000, 0x000000009e300000, 0x000000009e400000|  0%| F|  |TAMS 0x000000009e300000| PB 0x000000009e300000| Untracked 
| 484|0x000000009e400000, 0x000000009e400000, 0x000000009e500000|  0%| F|  |TAMS 0x000000009e400000| PB 0x000000009e400000| Untracked 
| 485|0x000000009e500000, 0x000000009e500000, 0x000000009e600000|  0%| F|  |TAMS 0x000000009e500000| PB 0x000000009e500000| Untracked 
| 486|0x000000009e600000, 0x000000009e600000, 0x000000009e700000|  0%| F|  |TAMS 0x000000009e600000| PB 0x000000009e600000| Untracked 
| 487|0x000000009e700000, 0x000000009e700000, 0x000000009e800000|  0%| F|  |TAMS 0x000000009e700000| PB 0x000000009e700000| Untracked 
| 488|0x000000009e800000, 0x000000009e800000, 0x000000009e900000|  0%| F|  |TAMS 0x000000009e800000| PB 0x000000009e800000| Untracked 
| 489|0x000000009e900000, 0x000000009e900000, 0x000000009ea00000|  0%| F|  |TAMS 0x000000009e900000| PB 0x000000009e900000| Untracked 
| 490|0x000000009ea00000, 0x000000009ea00000, 0x000000009eb00000|  0%| F|  |TAMS 0x000000009ea00000| PB 0x000000009ea00000| Untracked 
| 491|0x000000009eb00000, 0x000000009eb00000, 0x000000009ec00000|  0%| F|  |TAMS 0x000000009eb00000| PB 0x000000009eb00000| Untracked 
| 492|0x000000009ec00000, 0x000000009ec00000, 0x000000009ed00000|  0%| F|  |TAMS 0x000000009ec00000| PB 0x000000009ec00000| Untracked 
| 493|0x000000009ed00000, 0x000000009ed00000, 0x000000009ee00000|  0%| F|  |TAMS 0x000000009ed00000| PB 0x000000009ed00000| Untracked 
| 494|0x000000009ee00000, 0x000000009ee00000, 0x000000009ef00000|  0%| F|  |TAMS 0x000000009ee00000| PB 0x000000009ee00000| Untracked 
| 495|0x000000009ef00000, 0x000000009ef00000, 0x000000009f000000|  0%| F|  |TAMS 0x000000009ef00000| PB 0x000000009ef00000| Untracked 
| 496|0x000000009f000000, 0x000000009f000000, 0x000000009f100000|  0%| F|  |TAMS 0x000000009f000000| PB 0x000000009f000000| Untracked 
| 497|0x000000009f100000, 0x000000009f100000, 0x000000009f200000|  0%| F|  |TAMS 0x000000009f100000| PB 0x000000009f100000| Untracked 
| 498|0x000000009f200000, 0x000000009f200000, 0x000000009f300000|  0%| F|  |TAMS 0x000000009f200000| PB 0x000000009f200000| Untracked 
| 499|0x000000009f300000, 0x000000009f300000, 0x000000009f400000|  0%| F|  |TAMS 0x000000009f300000| PB 0x000000009f300000| Untracked 
| 500|0x000000009f400000, 0x000000009f400000, 0x000000009f500000|  0%| F|  |TAMS 0x000000009f400000| PB 0x000000009f400000| Untracked 
| 501|0x000000009f500000, 0x000000009f500000, 0x000000009f600000|  0%| F|  |TAMS 0x000000009f500000| PB 0x000000009f500000| Untracked 
| 502|0x000000009f600000, 0x000000009f600000, 0x000000009f700000|  0%| F|  |TAMS 0x000000009f600000| PB 0x000000009f600000| Untracked 
| 503|0x000000009f700000, 0x000000009f700000, 0x000000009f800000|  0%| F|  |TAMS 0x000000009f700000| PB 0x000000009f700000| Untracked 
| 504|0x000000009f800000, 0x000000009f800000, 0x000000009f900000|  0%| F|  |TAMS 0x000000009f800000| PB 0x000000009f800000| Untracked 
| 505|0x000000009f900000, 0x000000009f900000, 0x000000009fa00000|  0%| F|  |TAMS 0x000000009f900000| PB 0x000000009f900000| Untracked 
| 506|0x000000009fa00000, 0x000000009fa00000, 0x000000009fb00000|  0%| F|  |TAMS 0x000000009fa00000| PB 0x000000009fa00000| Untracked 
| 507|0x000000009fb00000, 0x000000009fb00000, 0x000000009fc00000|  0%| F|  |TAMS 0x000000009fb00000| PB 0x000000009fb00000| Untracked 
| 508|0x000000009fc00000, 0x000000009fc00000, 0x000000009fd00000|  0%| F|  |TAMS 0x000000009fc00000| PB 0x000000009fc00000| Untracked 
| 509|0x000000009fd00000, 0x000000009fd00000, 0x000000009fe00000|  0%| F|  |TAMS 0x000000009fd00000| PB 0x000000009fd00000| Untracked 
| 510|0x000000009fe00000, 0x000000009fe00000, 0x000000009ff00000|  0%| F|  |TAMS 0x000000009fe00000| PB 0x000000009fe00000| Untracked 
| 511|0x000000009ff00000, 0x000000009ff00000, 0x00000000a0000000|  0%| F|  |TAMS 0x000000009ff00000| PB 0x000000009ff00000| Untracked 
| 512|0x00000000a0000000, 0x00000000a0000000, 0x00000000a0100000|  0%| F|  |TAMS 0x00000000a0000000| PB 0x00000000a0000000| Untracked 
| 513|0x00000000a0100000, 0x00000000a0100000, 0x00000000a0200000|  0%| F|  |TAMS 0x00000000a0100000| PB 0x00000000a0100000| Untracked 
| 514|0x00000000a0200000, 0x00000000a0200000, 0x00000000a0300000|  0%| F|  |TAMS 0x00000000a0200000| PB 0x00000000a0200000| Untracked 
| 515|0x00000000a0300000, 0x00000000a0300000, 0x00000000a0400000|  0%| F|  |TAMS 0x00000000a0300000| PB 0x00000000a0300000| Untracked 
| 516|0x00000000a0400000, 0x00000000a0400000, 0x00000000a0500000|  0%| F|  |TAMS 0x00000000a0400000| PB 0x00000000a0400000| Untracked 
| 517|0x00000000a0500000, 0x00000000a0500000, 0x00000000a0600000|  0%| F|  |TAMS 0x00000000a0500000| PB 0x00000000a0500000| Untracked 
| 518|0x00000000a0600000, 0x00000000a0600000, 0x00000000a0700000|  0%| F|  |TAMS 0x00000000a0600000| PB 0x00000000a0600000| Untracked 
| 519|0x00000000a0700000, 0x00000000a0700000, 0x00000000a0800000|  0%| F|  |TAMS 0x00000000a0700000| PB 0x00000000a0700000| Untracked 
| 520|0x00000000a0800000, 0x00000000a0800000, 0x00000000a0900000|  0%| F|  |TAMS 0x00000000a0800000| PB 0x00000000a0800000| Untracked 
| 521|0x00000000a0900000, 0x00000000a0900000, 0x00000000a0a00000|  0%| F|  |TAMS 0x00000000a0900000| PB 0x00000000a0900000| Untracked 
| 522|0x00000000a0a00000, 0x00000000a0a00000, 0x00000000a0b00000|  0%| F|  |TAMS 0x00000000a0a00000| PB 0x00000000a0a00000| Untracked 
| 523|0x00000000a0b00000, 0x00000000a0b00000, 0x00000000a0c00000|  0%| F|  |TAMS 0x00000000a0b00000| PB 0x00000000a0b00000| Untracked 
| 524|0x00000000a0c00000, 0x00000000a0c00000, 0x00000000a0d00000|  0%| F|  |TAMS 0x00000000a0c00000| PB 0x00000000a0c00000| Untracked 
| 525|0x00000000a0d00000, 0x00000000a0d00000, 0x00000000a0e00000|  0%| F|  |TAMS 0x00000000a0d00000| PB 0x00000000a0d00000| Untracked 
| 526|0x00000000a0e00000, 0x00000000a0e00000, 0x00000000a0f00000|  0%| F|  |TAMS 0x00000000a0e00000| PB 0x00000000a0e00000| Untracked 
| 527|0x00000000a0f00000, 0x00000000a0f00000, 0x00000000a1000000|  0%| F|  |TAMS 0x00000000a0f00000| PB 0x00000000a0f00000| Untracked 
| 528|0x00000000a1000000, 0x00000000a1000000, 0x00000000a1100000|  0%| F|  |TAMS 0x00000000a1000000| PB 0x00000000a1000000| Untracked 
| 529|0x00000000a1100000, 0x00000000a1100000, 0x00000000a1200000|  0%| F|  |TAMS 0x00000000a1100000| PB 0x00000000a1100000| Untracked 
| 530|0x00000000a1200000, 0x00000000a1200000, 0x00000000a1300000|  0%| F|  |TAMS 0x00000000a1200000| PB 0x00000000a1200000| Untracked 
| 531|0x00000000a1300000, 0x00000000a1300000, 0x00000000a1400000|  0%| F|  |TAMS 0x00000000a1300000| PB 0x00000000a1300000| Untracked 
| 532|0x00000000a1400000, 0x00000000a1400000, 0x00000000a1500000|  0%| F|  |TAMS 0x00000000a1400000| PB 0x00000000a1400000| Untracked 
| 533|0x00000000a1500000, 0x00000000a1500000, 0x00000000a1600000|  0%| F|  |TAMS 0x00000000a1500000| PB 0x00000000a1500000| Untracked 
| 534|0x00000000a1600000, 0x00000000a1600000, 0x00000000a1700000|  0%| F|  |TAMS 0x00000000a1600000| PB 0x00000000a1600000| Untracked 
| 535|0x00000000a1700000, 0x00000000a1700000, 0x00000000a1800000|  0%| F|  |TAMS 0x00000000a1700000| PB 0x00000000a1700000| Untracked 
| 536|0x00000000a1800000, 0x00000000a1800000, 0x00000000a1900000|  0%| F|  |TAMS 0x00000000a1800000| PB 0x00000000a1800000| Untracked 
| 537|0x00000000a1900000, 0x00000000a1900000, 0x00000000a1a00000|  0%| F|  |TAMS 0x00000000a1900000| PB 0x00000000a1900000| Untracked 
| 538|0x00000000a1a00000, 0x00000000a1a00000, 0x00000000a1b00000|  0%| F|  |TAMS 0x00000000a1a00000| PB 0x00000000a1a00000| Untracked 
| 539|0x00000000a1b00000, 0x00000000a1b00000, 0x00000000a1c00000|  0%| F|  |TAMS 0x00000000a1b00000| PB 0x00000000a1b00000| Untracked 
| 540|0x00000000a1c00000, 0x00000000a1c00000, 0x00000000a1d00000|  0%| F|  |TAMS 0x00000000a1c00000| PB 0x00000000a1c00000| Untracked 
| 541|0x00000000a1d00000, 0x00000000a1d00000, 0x00000000a1e00000|  0%| F|  |TAMS 0x00000000a1d00000| PB 0x00000000a1d00000| Untracked 
| 542|0x00000000a1e00000, 0x00000000a1e00000, 0x00000000a1f00000|  0%| F|  |TAMS 0x00000000a1e00000| PB 0x00000000a1e00000| Untracked 
| 543|0x00000000a1f00000, 0x00000000a1f00000, 0x00000000a2000000|  0%| F|  |TAMS 0x00000000a1f00000| PB 0x00000000a1f00000| Untracked 
| 544|0x00000000a2000000, 0x00000000a2000000, 0x00000000a2100000|  0%| F|  |TAMS 0x00000000a2000000| PB 0x00000000a2000000| Untracked 
| 545|0x00000000a2100000, 0x00000000a2100000, 0x00000000a2200000|  0%| F|  |TAMS 0x00000000a2100000| PB 0x00000000a2100000| Untracked 
| 546|0x00000000a2200000, 0x00000000a2200000, 0x00000000a2300000|  0%| F|  |TAMS 0x00000000a2200000| PB 0x00000000a2200000| Untracked 
| 547|0x00000000a2300000, 0x00000000a2300000, 0x00000000a2400000|  0%| F|  |TAMS 0x00000000a2300000| PB 0x00000000a2300000| Untracked 
| 548|0x00000000a2400000, 0x00000000a2400000, 0x00000000a2500000|  0%| F|  |TAMS 0x00000000a2400000| PB 0x00000000a2400000| Untracked 
| 549|0x00000000a2500000, 0x00000000a2500000, 0x00000000a2600000|  0%| F|  |TAMS 0x00000000a2500000| PB 0x00000000a2500000| Untracked 
| 550|0x00000000a2600000, 0x00000000a2600000, 0x00000000a2700000|  0%| F|  |TAMS 0x00000000a2600000| PB 0x00000000a2600000| Untracked 
| 551|0x00000000a2700000, 0x00000000a2700000, 0x00000000a2800000|  0%| F|  |TAMS 0x00000000a2700000| PB 0x00000000a2700000| Untracked 
| 552|0x00000000a2800000, 0x00000000a2800000, 0x00000000a2900000|  0%| F|  |TAMS 0x00000000a2800000| PB 0x00000000a2800000| Untracked 
| 553|0x00000000a2900000, 0x00000000a2900000, 0x00000000a2a00000|  0%| F|  |TAMS 0x00000000a2900000| PB 0x00000000a2900000| Untracked 
| 554|0x00000000a2a00000, 0x00000000a2a00000, 0x00000000a2b00000|  0%| F|  |TAMS 0x00000000a2a00000| PB 0x00000000a2a00000| Untracked 
| 555|0x00000000a2b00000, 0x00000000a2b00000, 0x00000000a2c00000|  0%| F|  |TAMS 0x00000000a2b00000| PB 0x00000000a2b00000| Untracked 
| 556|0x00000000a2c00000, 0x00000000a2c00000, 0x00000000a2d00000|  0%| F|  |TAMS 0x00000000a2c00000| PB 0x00000000a2c00000| Untracked 
| 557|0x00000000a2d00000, 0x00000000a2d00000, 0x00000000a2e00000|  0%| F|  |TAMS 0x00000000a2d00000| PB 0x00000000a2d00000| Untracked 
| 558|0x00000000a2e00000, 0x00000000a2e00000, 0x00000000a2f00000|  0%| F|  |TAMS 0x00000000a2e00000| PB 0x00000000a2e00000| Untracked 
| 559|0x00000000a2f00000, 0x00000000a2f00000, 0x00000000a3000000|  0%| F|  |TAMS 0x00000000a2f00000| PB 0x00000000a2f00000| Untracked 
| 560|0x00000000a3000000, 0x00000000a3000000, 0x00000000a3100000|  0%| F|  |TAMS 0x00000000a3000000| PB 0x00000000a3000000| Untracked 
| 561|0x00000000a3100000, 0x00000000a3100000, 0x00000000a3200000|  0%| F|  |TAMS 0x00000000a3100000| PB 0x00000000a3100000| Untracked 
| 562|0x00000000a3200000, 0x00000000a3200000, 0x00000000a3300000|  0%| F|  |TAMS 0x00000000a3200000| PB 0x00000000a3200000| Untracked 
| 563|0x00000000a3300000, 0x00000000a3300000, 0x00000000a3400000|  0%| F|  |TAMS 0x00000000a3300000| PB 0x00000000a3300000| Untracked 
| 564|0x00000000a3400000, 0x00000000a3400000, 0x00000000a3500000|  0%| F|  |TAMS 0x00000000a3400000| PB 0x00000000a3400000| Untracked 
| 565|0x00000000a3500000, 0x00000000a3500000, 0x00000000a3600000|  0%| F|  |TAMS 0x00000000a3500000| PB 0x00000000a3500000| Untracked 
| 566|0x00000000a3600000, 0x00000000a3600000, 0x00000000a3700000|  0%| F|  |TAMS 0x00000000a3600000| PB 0x00000000a3600000| Untracked 
| 567|0x00000000a3700000, 0x00000000a3700000, 0x00000000a3800000|  0%| F|  |TAMS 0x00000000a3700000| PB 0x00000000a3700000| Untracked 
| 568|0x00000000a3800000, 0x00000000a3800000, 0x00000000a3900000|  0%| F|  |TAMS 0x00000000a3800000| PB 0x00000000a3800000| Untracked 
| 569|0x00000000a3900000, 0x00000000a3900000, 0x00000000a3a00000|  0%| F|  |TAMS 0x00000000a3900000| PB 0x00000000a3900000| Untracked 
| 570|0x00000000a3a00000, 0x00000000a3a00000, 0x00000000a3b00000|  0%| F|  |TAMS 0x00000000a3a00000| PB 0x00000000a3a00000| Untracked 
| 571|0x00000000a3b00000, 0x00000000a3b00000, 0x00000000a3c00000|  0%| F|  |TAMS 0x00000000a3b00000| PB 0x00000000a3b00000| Untracked 
| 572|0x00000000a3c00000, 0x00000000a3c00000, 0x00000000a3d00000|  0%| F|  |TAMS 0x00000000a3c00000| PB 0x00000000a3c00000| Untracked 
| 573|0x00000000a3d00000, 0x00000000a3d00000, 0x00000000a3e00000|  0%| F|  |TAMS 0x00000000a3d00000| PB 0x00000000a3d00000| Untracked 
| 574|0x00000000a3e00000, 0x00000000a3e00000, 0x00000000a3f00000|  0%| F|  |TAMS 0x00000000a3e00000| PB 0x00000000a3e00000| Untracked 
| 575|0x00000000a3f00000, 0x00000000a3f00000, 0x00000000a4000000|  0%| F|  |TAMS 0x00000000a3f00000| PB 0x00000000a3f00000| Untracked 
| 576|0x00000000a4000000, 0x00000000a4000000, 0x00000000a4100000|  0%| F|  |TAMS 0x00000000a4000000| PB 0x00000000a4000000| Untracked 
| 577|0x00000000a4100000, 0x00000000a4100000, 0x00000000a4200000|  0%| F|  |TAMS 0x00000000a4100000| PB 0x00000000a4100000| Untracked 
| 578|0x00000000a4200000, 0x00000000a4200000, 0x00000000a4300000|  0%| F|  |TAMS 0x00000000a4200000| PB 0x00000000a4200000| Untracked 
| 579|0x00000000a4300000, 0x00000000a4300000, 0x00000000a4400000|  0%| F|  |TAMS 0x00000000a4300000| PB 0x00000000a4300000| Untracked 
| 580|0x00000000a4400000, 0x00000000a4400000, 0x00000000a4500000|  0%| F|  |TAMS 0x00000000a4400000| PB 0x00000000a4400000| Untracked 
| 581|0x00000000a4500000, 0x00000000a4500000, 0x00000000a4600000|  0%| F|  |TAMS 0x00000000a4500000| PB 0x00000000a4500000| Untracked 
| 582|0x00000000a4600000, 0x00000000a4600000, 0x00000000a4700000|  0%| F|  |TAMS 0x00000000a4600000| PB 0x00000000a4600000| Untracked 
| 583|0x00000000a4700000, 0x00000000a4700000, 0x00000000a4800000|  0%| F|  |TAMS 0x00000000a4700000| PB 0x00000000a4700000| Untracked 
| 584|0x00000000a4800000, 0x00000000a4800000, 0x00000000a4900000|  0%| F|  |TAMS 0x00000000a4800000| PB 0x00000000a4800000| Untracked 
| 585|0x00000000a4900000, 0x00000000a4900000, 0x00000000a4a00000|  0%| F|  |TAMS 0x00000000a4900000| PB 0x00000000a4900000| Untracked 
| 586|0x00000000a4a00000, 0x00000000a4a00000, 0x00000000a4b00000|  0%| F|  |TAMS 0x00000000a4a00000| PB 0x00000000a4a00000| Untracked 
| 587|0x00000000a4b00000, 0x00000000a4b00000, 0x00000000a4c00000|  0%| F|  |TAMS 0x00000000a4b00000| PB 0x00000000a4b00000| Untracked 
| 588|0x00000000a4c00000, 0x00000000a4c00000, 0x00000000a4d00000|  0%| F|  |TAMS 0x00000000a4c00000| PB 0x00000000a4c00000| Untracked 
| 589|0x00000000a4d00000, 0x00000000a4d00000, 0x00000000a4e00000|  0%| F|  |TAMS 0x00000000a4d00000| PB 0x00000000a4d00000| Untracked 
| 590|0x00000000a4e00000, 0x00000000a4e00000, 0x00000000a4f00000|  0%| F|  |TAMS 0x00000000a4e00000| PB 0x00000000a4e00000| Untracked 
| 591|0x00000000a4f00000, 0x00000000a4f00000, 0x00000000a5000000|  0%| F|  |TAMS 0x00000000a4f00000| PB 0x00000000a4f00000| Untracked 
| 592|0x00000000a5000000, 0x00000000a5000000, 0x00000000a5100000|  0%| F|  |TAMS 0x00000000a5000000| PB 0x00000000a5000000| Untracked 
| 593|0x00000000a5100000, 0x00000000a5100000, 0x00000000a5200000|  0%| F|  |TAMS 0x00000000a5100000| PB 0x00000000a5100000| Untracked 
| 594|0x00000000a5200000, 0x00000000a5200000, 0x00000000a5300000|  0%| F|  |TAMS 0x00000000a5200000| PB 0x00000000a5200000| Untracked 
| 595|0x00000000a5300000, 0x00000000a5300000, 0x00000000a5400000|  0%| F|  |TAMS 0x00000000a5300000| PB 0x00000000a5300000| Untracked 
| 596|0x00000000a5400000, 0x00000000a5400000, 0x00000000a5500000|  0%| F|  |TAMS 0x00000000a5400000| PB 0x00000000a5400000| Untracked 
| 597|0x00000000a5500000, 0x00000000a5500000, 0x00000000a5600000|  0%| F|  |TAMS 0x00000000a5500000| PB 0x00000000a5500000| Untracked 
| 598|0x00000000a5600000, 0x00000000a5600000, 0x00000000a5700000|  0%| F|  |TAMS 0x00000000a5600000| PB 0x00000000a5600000| Untracked 
| 599|0x00000000a5700000, 0x00000000a5700000, 0x00000000a5800000|  0%| F|  |TAMS 0x00000000a5700000| PB 0x00000000a5700000| Untracked 
| 600|0x00000000a5800000, 0x00000000a5800000, 0x00000000a5900000|  0%| F|  |TAMS 0x00000000a5800000| PB 0x00000000a5800000| Untracked 
| 601|0x00000000a5900000, 0x00000000a5900000, 0x00000000a5a00000|  0%| F|  |TAMS 0x00000000a5900000| PB 0x00000000a5900000| Untracked 
| 602|0x00000000a5a00000, 0x00000000a5a00000, 0x00000000a5b00000|  0%| F|  |TAMS 0x00000000a5a00000| PB 0x00000000a5a00000| Untracked 
| 603|0x00000000a5b00000, 0x00000000a5b00000, 0x00000000a5c00000|  0%| F|  |TAMS 0x00000000a5b00000| PB 0x00000000a5b00000| Untracked 
| 604|0x00000000a5c00000, 0x00000000a5c00000, 0x00000000a5d00000|  0%| F|  |TAMS 0x00000000a5c00000| PB 0x00000000a5c00000| Untracked 
| 605|0x00000000a5d00000, 0x00000000a5d00000, 0x00000000a5e00000|  0%| F|  |TAMS 0x00000000a5d00000| PB 0x00000000a5d00000| Untracked 
| 606|0x00000000a5e00000, 0x00000000a5e00000, 0x00000000a5f00000|  0%| F|  |TAMS 0x00000000a5e00000| PB 0x00000000a5e00000| Untracked 
| 607|0x00000000a5f00000, 0x00000000a5f00000, 0x00000000a6000000|  0%| F|  |TAMS 0x00000000a5f00000| PB 0x00000000a5f00000| Untracked 
| 608|0x00000000a6000000, 0x00000000a6000000, 0x00000000a6100000|  0%| F|  |TAMS 0x00000000a6000000| PB 0x00000000a6000000| Untracked 
| 609|0x00000000a6100000, 0x00000000a6100000, 0x00000000a6200000|  0%| F|  |TAMS 0x00000000a6100000| PB 0x00000000a6100000| Untracked 
| 610|0x00000000a6200000, 0x00000000a6200000, 0x00000000a6300000|  0%| F|  |TAMS 0x00000000a6200000| PB 0x00000000a6200000| Untracked 
| 611|0x00000000a6300000, 0x00000000a6300000, 0x00000000a6400000|  0%| F|  |TAMS 0x00000000a6300000| PB 0x00000000a6300000| Untracked 
| 612|0x00000000a6400000, 0x00000000a6400000, 0x00000000a6500000|  0%| F|  |TAMS 0x00000000a6400000| PB 0x00000000a6400000| Untracked 
| 613|0x00000000a6500000, 0x00000000a6500000, 0x00000000a6600000|  0%| F|  |TAMS 0x00000000a6500000| PB 0x00000000a6500000| Untracked 
| 614|0x00000000a6600000, 0x00000000a6600000, 0x00000000a6700000|  0%| F|  |TAMS 0x00000000a6600000| PB 0x00000000a6600000| Untracked 
| 615|0x00000000a6700000, 0x00000000a6700000, 0x00000000a6800000|  0%| F|  |TAMS 0x00000000a6700000| PB 0x00000000a6700000| Untracked 
| 616|0x00000000a6800000, 0x00000000a6800000, 0x00000000a6900000|  0%| F|  |TAMS 0x00000000a6800000| PB 0x00000000a6800000| Untracked 
| 617|0x00000000a6900000, 0x00000000a6900000, 0x00000000a6a00000|  0%| F|  |TAMS 0x00000000a6900000| PB 0x00000000a6900000| Untracked 
| 618|0x00000000a6a00000, 0x00000000a6a00000, 0x00000000a6b00000|  0%| F|  |TAMS 0x00000000a6a00000| PB 0x00000000a6a00000| Untracked 
| 619|0x00000000a6b00000, 0x00000000a6b00000, 0x00000000a6c00000|  0%| F|  |TAMS 0x00000000a6b00000| PB 0x00000000a6b00000| Untracked 
| 620|0x00000000a6c00000, 0x00000000a6c00000, 0x00000000a6d00000|  0%| F|  |TAMS 0x00000000a6c00000| PB 0x00000000a6c00000| Untracked 
| 621|0x00000000a6d00000, 0x00000000a6d00000, 0x00000000a6e00000|  0%| F|  |TAMS 0x00000000a6d00000| PB 0x00000000a6d00000| Untracked 
| 622|0x00000000a6e00000, 0x00000000a6e00000, 0x00000000a6f00000|  0%| F|  |TAMS 0x00000000a6e00000| PB 0x00000000a6e00000| Untracked 
| 623|0x00000000a6f00000, 0x00000000a6f00000, 0x00000000a7000000|  0%| F|  |TAMS 0x00000000a6f00000| PB 0x00000000a6f00000| Untracked 
| 624|0x00000000a7000000, 0x00000000a7000000, 0x00000000a7100000|  0%| F|  |TAMS 0x00000000a7000000| PB 0x00000000a7000000| Untracked 
| 625|0x00000000a7100000, 0x00000000a7100000, 0x00000000a7200000|  0%| F|  |TAMS 0x00000000a7100000| PB 0x00000000a7100000| Untracked 
| 626|0x00000000a7200000, 0x00000000a7200000, 0x00000000a7300000|  0%| F|  |TAMS 0x00000000a7200000| PB 0x00000000a7200000| Untracked 
| 627|0x00000000a7300000, 0x00000000a7300000, 0x00000000a7400000|  0%| F|  |TAMS 0x00000000a7300000| PB 0x00000000a7300000| Untracked 
| 628|0x00000000a7400000, 0x00000000a7400000, 0x00000000a7500000|  0%| F|  |TAMS 0x00000000a7400000| PB 0x00000000a7400000| Untracked 
| 629|0x00000000a7500000, 0x00000000a7500000, 0x00000000a7600000|  0%| F|  |TAMS 0x00000000a7500000| PB 0x00000000a7500000| Untracked 
| 630|0x00000000a7600000, 0x00000000a7600000, 0x00000000a7700000|  0%| F|  |TAMS 0x00000000a7600000| PB 0x00000000a7600000| Untracked 
| 631|0x00000000a7700000, 0x00000000a7700000, 0x00000000a7800000|  0%| F|  |TAMS 0x00000000a7700000| PB 0x00000000a7700000| Untracked 
| 632|0x00000000a7800000, 0x00000000a7800000, 0x00000000a7900000|  0%| F|  |TAMS 0x00000000a7800000| PB 0x00000000a7800000| Untracked 
| 633|0x00000000a7900000, 0x00000000a7900000, 0x00000000a7a00000|  0%| F|  |TAMS 0x00000000a7900000| PB 0x00000000a7900000| Untracked 
| 634|0x00000000a7a00000, 0x00000000a7a00000, 0x00000000a7b00000|  0%| F|  |TAMS 0x00000000a7a00000| PB 0x00000000a7a00000| Untracked 
| 635|0x00000000a7b00000, 0x00000000a7b00000, 0x00000000a7c00000|  0%| F|  |TAMS 0x00000000a7b00000| PB 0x00000000a7b00000| Untracked 
| 636|0x00000000a7c00000, 0x00000000a7c00000, 0x00000000a7d00000|  0%| F|  |TAMS 0x00000000a7c00000| PB 0x00000000a7c00000| Untracked 
| 637|0x00000000a7d00000, 0x00000000a7d00000, 0x00000000a7e00000|  0%| F|  |TAMS 0x00000000a7d00000| PB 0x00000000a7d00000| Untracked 
| 638|0x00000000a7e00000, 0x00000000a7e00000, 0x00000000a7f00000|  0%| F|  |TAMS 0x00000000a7e00000| PB 0x00000000a7e00000| Untracked 
| 639|0x00000000a7f00000, 0x00000000a7f00000, 0x00000000a8000000|  0%| F|  |TAMS 0x00000000a7f00000| PB 0x00000000a7f00000| Untracked 
| 640|0x00000000a8000000, 0x00000000a8000000, 0x00000000a8100000|  0%| F|  |TAMS 0x00000000a8000000| PB 0x00000000a8000000| Untracked 
| 641|0x00000000a8100000, 0x00000000a8100000, 0x00000000a8200000|  0%| F|  |TAMS 0x00000000a8100000| PB 0x00000000a8100000| Untracked 
| 642|0x00000000a8200000, 0x00000000a8200000, 0x00000000a8300000|  0%| F|  |TAMS 0x00000000a8200000| PB 0x00000000a8200000| Untracked 
| 643|0x00000000a8300000, 0x00000000a8300000, 0x00000000a8400000|  0%| F|  |TAMS 0x00000000a8300000| PB 0x00000000a8300000| Untracked 
| 644|0x00000000a8400000, 0x00000000a8400000, 0x00000000a8500000|  0%| F|  |TAMS 0x00000000a8400000| PB 0x00000000a8400000| Untracked 
| 645|0x00000000a8500000, 0x00000000a8500000, 0x00000000a8600000|  0%| F|  |TAMS 0x00000000a8500000| PB 0x00000000a8500000| Untracked 
| 646|0x00000000a8600000, 0x00000000a8600000, 0x00000000a8700000|  0%| F|  |TAMS 0x00000000a8600000| PB 0x00000000a8600000| Untracked 
| 647|0x00000000a8700000, 0x00000000a8700000, 0x00000000a8800000|  0%| F|  |TAMS 0x00000000a8700000| PB 0x00000000a8700000| Untracked 
| 648|0x00000000a8800000, 0x00000000a8800000, 0x00000000a8900000|  0%| F|  |TAMS 0x00000000a8800000| PB 0x00000000a8800000| Untracked 
| 649|0x00000000a8900000, 0x00000000a8900000, 0x00000000a8a00000|  0%| F|  |TAMS 0x00000000a8900000| PB 0x00000000a8900000| Untracked 
| 650|0x00000000a8a00000, 0x00000000a8a00000, 0x00000000a8b00000|  0%| F|  |TAMS 0x00000000a8a00000| PB 0x00000000a8a00000| Untracked 
| 651|0x00000000a8b00000, 0x00000000a8b00000, 0x00000000a8c00000|  0%| F|  |TAMS 0x00000000a8b00000| PB 0x00000000a8b00000| Untracked 
| 652|0x00000000a8c00000, 0x00000000a8c00000, 0x00000000a8d00000|  0%| F|  |TAMS 0x00000000a8c00000| PB 0x00000000a8c00000| Untracked 
| 653|0x00000000a8d00000, 0x00000000a8d00000, 0x00000000a8e00000|  0%| F|  |TAMS 0x00000000a8d00000| PB 0x00000000a8d00000| Untracked 
| 654|0x00000000a8e00000, 0x00000000a8e00000, 0x00000000a8f00000|  0%| F|  |TAMS 0x00000000a8e00000| PB 0x00000000a8e00000| Untracked 
| 655|0x00000000a8f00000, 0x00000000a8f00000, 0x00000000a9000000|  0%| F|  |TAMS 0x00000000a8f00000| PB 0x00000000a8f00000| Untracked 
| 656|0x00000000a9000000, 0x00000000a9000000, 0x00000000a9100000|  0%| F|  |TAMS 0x00000000a9000000| PB 0x00000000a9000000| Untracked 
| 657|0x00000000a9100000, 0x00000000a9100000, 0x00000000a9200000|  0%| F|  |TAMS 0x00000000a9100000| PB 0x00000000a9100000| Untracked 
| 658|0x00000000a9200000, 0x00000000a9200000, 0x00000000a9300000|  0%| F|  |TAMS 0x00000000a9200000| PB 0x00000000a9200000| Untracked 
| 659|0x00000000a9300000, 0x00000000a9300000, 0x00000000a9400000|  0%| F|  |TAMS 0x00000000a9300000| PB 0x00000000a9300000| Untracked 
| 660|0x00000000a9400000, 0x00000000a9400000, 0x00000000a9500000|  0%| F|  |TAMS 0x00000000a9400000| PB 0x00000000a9400000| Untracked 
| 661|0x00000000a9500000, 0x00000000a9500000, 0x00000000a9600000|  0%| F|  |TAMS 0x00000000a9500000| PB 0x00000000a9500000| Untracked 
| 662|0x00000000a9600000, 0x00000000a9600000, 0x00000000a9700000|  0%| F|  |TAMS 0x00000000a9600000| PB 0x00000000a9600000| Untracked 
| 663|0x00000000a9700000, 0x00000000a9700000, 0x00000000a9800000|  0%| F|  |TAMS 0x00000000a9700000| PB 0x00000000a9700000| Untracked 
| 664|0x00000000a9800000, 0x00000000a9800000, 0x00000000a9900000|  0%| F|  |TAMS 0x00000000a9800000| PB 0x00000000a9800000| Untracked 
| 665|0x00000000a9900000, 0x00000000a9900000, 0x00000000a9a00000|  0%| F|  |TAMS 0x00000000a9900000| PB 0x00000000a9900000| Untracked 
| 666|0x00000000a9a00000, 0x00000000a9a00000, 0x00000000a9b00000|  0%| F|  |TAMS 0x00000000a9a00000| PB 0x00000000a9a00000| Untracked 
| 667|0x00000000a9b00000, 0x00000000a9b00000, 0x00000000a9c00000|  0%| F|  |TAMS 0x00000000a9b00000| PB 0x00000000a9b00000| Untracked 
| 668|0x00000000a9c00000, 0x00000000a9c00000, 0x00000000a9d00000|  0%| F|  |TAMS 0x00000000a9c00000| PB 0x00000000a9c00000| Untracked 
| 669|0x00000000a9d00000, 0x00000000a9d00000, 0x00000000a9e00000|  0%| F|  |TAMS 0x00000000a9d00000| PB 0x00000000a9d00000| Untracked 
| 670|0x00000000a9e00000, 0x00000000a9e00000, 0x00000000a9f00000|  0%| F|  |TAMS 0x00000000a9e00000| PB 0x00000000a9e00000| Untracked 
| 671|0x00000000a9f00000, 0x00000000a9f00000, 0x00000000aa000000|  0%| F|  |TAMS 0x00000000a9f00000| PB 0x00000000a9f00000| Untracked 
| 672|0x00000000aa000000, 0x00000000aa000000, 0x00000000aa100000|  0%| F|  |TAMS 0x00000000aa000000| PB 0x00000000aa000000| Untracked 
| 673|0x00000000aa100000, 0x00000000aa100000, 0x00000000aa200000|  0%| F|  |TAMS 0x00000000aa100000| PB 0x00000000aa100000| Untracked 
| 674|0x00000000aa200000, 0x00000000aa200000, 0x00000000aa300000|  0%| F|  |TAMS 0x00000000aa200000| PB 0x00000000aa200000| Untracked 
| 675|0x00000000aa300000, 0x00000000aa300000, 0x00000000aa400000|  0%| F|  |TAMS 0x00000000aa300000| PB 0x00000000aa300000| Untracked 
| 676|0x00000000aa400000, 0x00000000aa400000, 0x00000000aa500000|  0%| F|  |TAMS 0x00000000aa400000| PB 0x00000000aa400000| Untracked 
| 677|0x00000000aa500000, 0x00000000aa500000, 0x00000000aa600000|  0%| F|  |TAMS 0x00000000aa500000| PB 0x00000000aa500000| Untracked 
| 678|0x00000000aa600000, 0x00000000aa600000, 0x00000000aa700000|  0%| F|  |TAMS 0x00000000aa600000| PB 0x00000000aa600000| Untracked 
| 679|0x00000000aa700000, 0x00000000aa700000, 0x00000000aa800000|  0%| F|  |TAMS 0x00000000aa700000| PB 0x00000000aa700000| Untracked 
| 680|0x00000000aa800000, 0x00000000aa800000, 0x00000000aa900000|  0%| F|  |TAMS 0x00000000aa800000| PB 0x00000000aa800000| Untracked 
| 681|0x00000000aa900000, 0x00000000aa900000, 0x00000000aaa00000|  0%| F|  |TAMS 0x00000000aa900000| PB 0x00000000aa900000| Untracked 
| 682|0x00000000aaa00000, 0x00000000aaa00000, 0x00000000aab00000|  0%| F|  |TAMS 0x00000000aaa00000| PB 0x00000000aaa00000| Untracked 
| 683|0x00000000aab00000, 0x00000000aab00000, 0x00000000aac00000|  0%| F|  |TAMS 0x00000000aab00000| PB 0x00000000aab00000| Untracked 
| 684|0x00000000aac00000, 0x00000000aac00000, 0x00000000aad00000|  0%| F|  |TAMS 0x00000000aac00000| PB 0x00000000aac00000| Untracked 
| 685|0x00000000aad00000, 0x00000000aad00000, 0x00000000aae00000|  0%| F|  |TAMS 0x00000000aad00000| PB 0x00000000aad00000| Untracked 
| 686|0x00000000aae00000, 0x00000000aae00000, 0x00000000aaf00000|  0%| F|  |TAMS 0x00000000aae00000| PB 0x00000000aae00000| Untracked 
| 687|0x00000000aaf00000, 0x00000000aaf00000, 0x00000000ab000000|  0%| F|  |TAMS 0x00000000aaf00000| PB 0x00000000aaf00000| Untracked 
| 688|0x00000000ab000000, 0x00000000ab000000, 0x00000000ab100000|  0%| F|  |TAMS 0x00000000ab000000| PB 0x00000000ab000000| Untracked 
| 689|0x00000000ab100000, 0x00000000ab100000, 0x00000000ab200000|  0%| F|  |TAMS 0x00000000ab100000| PB 0x00000000ab100000| Untracked 
| 690|0x00000000ab200000, 0x00000000ab200000, 0x00000000ab300000|  0%| F|  |TAMS 0x00000000ab200000| PB 0x00000000ab200000| Untracked 
| 691|0x00000000ab300000, 0x00000000ab300000, 0x00000000ab400000|  0%| F|  |TAMS 0x00000000ab300000| PB 0x00000000ab300000| Untracked 
| 692|0x00000000ab400000, 0x00000000ab400000, 0x00000000ab500000|  0%| F|  |TAMS 0x00000000ab400000| PB 0x00000000ab400000| Untracked 
| 693|0x00000000ab500000, 0x00000000ab500000, 0x00000000ab600000|  0%| F|  |TAMS 0x00000000ab500000| PB 0x00000000ab500000| Untracked 
| 694|0x00000000ab600000, 0x00000000ab600000, 0x00000000ab700000|  0%| F|  |TAMS 0x00000000ab600000| PB 0x00000000ab600000| Untracked 
| 695|0x00000000ab700000, 0x00000000ab700000, 0x00000000ab800000|  0%| F|  |TAMS 0x00000000ab700000| PB 0x00000000ab700000| Untracked 
| 696|0x00000000ab800000, 0x00000000ab800000, 0x00000000ab900000|  0%| F|  |TAMS 0x00000000ab800000| PB 0x00000000ab800000| Untracked 
| 697|0x00000000ab900000, 0x00000000ab900000, 0x00000000aba00000|  0%| F|  |TAMS 0x00000000ab900000| PB 0x00000000ab900000| Untracked 
| 698|0x00000000aba00000, 0x00000000aba00000, 0x00000000abb00000|  0%| F|  |TAMS 0x00000000aba00000| PB 0x00000000aba00000| Untracked 
| 699|0x00000000abb00000, 0x00000000abb00000, 0x00000000abc00000|  0%| F|  |TAMS 0x00000000abb00000| PB 0x00000000abb00000| Untracked 
| 700|0x00000000abc00000, 0x00000000abc00000, 0x00000000abd00000|  0%| F|  |TAMS 0x00000000abc00000| PB 0x00000000abc00000| Untracked 
| 701|0x00000000abd00000, 0x00000000abd00000, 0x00000000abe00000|  0%| F|  |TAMS 0x00000000abd00000| PB 0x00000000abd00000| Untracked 
| 702|0x00000000abe00000, 0x00000000abe00000, 0x00000000abf00000|  0%| F|  |TAMS 0x00000000abe00000| PB 0x00000000abe00000| Untracked 
| 703|0x00000000abf00000, 0x00000000abf00000, 0x00000000ac000000|  0%| F|  |TAMS 0x00000000abf00000| PB 0x00000000abf00000| Untracked 
| 704|0x00000000ac000000, 0x00000000ac000000, 0x00000000ac100000|  0%| F|  |TAMS 0x00000000ac000000| PB 0x00000000ac000000| Untracked 
| 705|0x00000000ac100000, 0x00000000ac100000, 0x00000000ac200000|  0%| F|  |TAMS 0x00000000ac100000| PB 0x00000000ac100000| Untracked 
| 706|0x00000000ac200000, 0x00000000ac200000, 0x00000000ac300000|  0%| F|  |TAMS 0x00000000ac200000| PB 0x00000000ac200000| Untracked 
| 707|0x00000000ac300000, 0x00000000ac300000, 0x00000000ac400000|  0%| F|  |TAMS 0x00000000ac300000| PB 0x00000000ac300000| Untracked 
| 708|0x00000000ac400000, 0x00000000ac400000, 0x00000000ac500000|  0%| F|  |TAMS 0x00000000ac400000| PB 0x00000000ac400000| Untracked 
| 709|0x00000000ac500000, 0x00000000ac500000, 0x00000000ac600000|  0%| F|  |TAMS 0x00000000ac500000| PB 0x00000000ac500000| Untracked 
| 710|0x00000000ac600000, 0x00000000ac600000, 0x00000000ac700000|  0%| F|  |TAMS 0x00000000ac600000| PB 0x00000000ac600000| Untracked 
| 711|0x00000000ac700000, 0x00000000ac700000, 0x00000000ac800000|  0%| F|  |TAMS 0x00000000ac700000| PB 0x00000000ac700000| Untracked 
| 712|0x00000000ac800000, 0x00000000ac800000, 0x00000000ac900000|  0%| F|  |TAMS 0x00000000ac800000| PB 0x00000000ac800000| Untracked 
| 713|0x00000000ac900000, 0x00000000ac900000, 0x00000000aca00000|  0%| F|  |TAMS 0x00000000ac900000| PB 0x00000000ac900000| Untracked 
| 714|0x00000000aca00000, 0x00000000aca00000, 0x00000000acb00000|  0%| F|  |TAMS 0x00000000aca00000| PB 0x00000000aca00000| Untracked 
| 715|0x00000000acb00000, 0x00000000acb00000, 0x00000000acc00000|  0%| F|  |TAMS 0x00000000acb00000| PB 0x00000000acb00000| Untracked 
| 716|0x00000000acc00000, 0x00000000acc00000, 0x00000000acd00000|  0%| F|  |TAMS 0x00000000acc00000| PB 0x00000000acc00000| Untracked 
| 717|0x00000000acd00000, 0x00000000acd00000, 0x00000000ace00000|  0%| F|  |TAMS 0x00000000acd00000| PB 0x00000000acd00000| Untracked 
| 718|0x00000000ace00000, 0x00000000ace00000, 0x00000000acf00000|  0%| F|  |TAMS 0x00000000ace00000| PB 0x00000000ace00000| Untracked 
| 719|0x00000000acf00000, 0x00000000acf00000, 0x00000000ad000000|  0%| F|  |TAMS 0x00000000acf00000| PB 0x00000000acf00000| Untracked 
| 720|0x00000000ad000000, 0x00000000ad000000, 0x00000000ad100000|  0%| F|  |TAMS 0x00000000ad000000| PB 0x00000000ad000000| Untracked 
| 721|0x00000000ad100000, 0x00000000ad100000, 0x00000000ad200000|  0%| F|  |TAMS 0x00000000ad100000| PB 0x00000000ad100000| Untracked 
| 722|0x00000000ad200000, 0x00000000ad200000, 0x00000000ad300000|  0%| F|  |TAMS 0x00000000ad200000| PB 0x00000000ad200000| Untracked 
| 723|0x00000000ad300000, 0x00000000ad300000, 0x00000000ad400000|  0%| F|  |TAMS 0x00000000ad300000| PB 0x00000000ad300000| Untracked 
| 724|0x00000000ad400000, 0x00000000ad400000, 0x00000000ad500000|  0%| F|  |TAMS 0x00000000ad400000| PB 0x00000000ad400000| Untracked 
| 725|0x00000000ad500000, 0x00000000ad500000, 0x00000000ad600000|  0%| F|  |TAMS 0x00000000ad500000| PB 0x00000000ad500000| Untracked 
| 726|0x00000000ad600000, 0x00000000ad600000, 0x00000000ad700000|  0%| F|  |TAMS 0x00000000ad600000| PB 0x00000000ad600000| Untracked 
| 727|0x00000000ad700000, 0x00000000ad700000, 0x00000000ad800000|  0%| F|  |TAMS 0x00000000ad700000| PB 0x00000000ad700000| Untracked 
| 728|0x00000000ad800000, 0x00000000ad800000, 0x00000000ad900000|  0%| F|  |TAMS 0x00000000ad800000| PB 0x00000000ad800000| Untracked 
| 729|0x00000000ad900000, 0x00000000ad900000, 0x00000000ada00000|  0%| F|  |TAMS 0x00000000ad900000| PB 0x00000000ad900000| Untracked 
| 730|0x00000000ada00000, 0x00000000ada00000, 0x00000000adb00000|  0%| F|  |TAMS 0x00000000ada00000| PB 0x00000000ada00000| Untracked 
| 731|0x00000000adb00000, 0x00000000adb00000, 0x00000000adc00000|  0%| F|  |TAMS 0x00000000adb00000| PB 0x00000000adb00000| Untracked 
| 732|0x00000000adc00000, 0x00000000adc00000, 0x00000000add00000|  0%| F|  |TAMS 0x00000000adc00000| PB 0x00000000adc00000| Untracked 
| 733|0x00000000add00000, 0x00000000add00000, 0x00000000ade00000|  0%| F|  |TAMS 0x00000000add00000| PB 0x00000000add00000| Untracked 
| 734|0x00000000ade00000, 0x00000000ade00000, 0x00000000adf00000|  0%| F|  |TAMS 0x00000000ade00000| PB 0x00000000ade00000| Untracked 
| 735|0x00000000adf00000, 0x00000000adf00000, 0x00000000ae000000|  0%| F|  |TAMS 0x00000000adf00000| PB 0x00000000adf00000| Untracked 
| 736|0x00000000ae000000, 0x00000000ae000000, 0x00000000ae100000|  0%| F|  |TAMS 0x00000000ae000000| PB 0x00000000ae000000| Untracked 
| 737|0x00000000ae100000, 0x00000000ae100000, 0x00000000ae200000|  0%| F|  |TAMS 0x00000000ae100000| PB 0x00000000ae100000| Untracked 
| 738|0x00000000ae200000, 0x00000000ae200000, 0x00000000ae300000|  0%| F|  |TAMS 0x00000000ae200000| PB 0x00000000ae200000| Untracked 
| 739|0x00000000ae300000, 0x00000000ae300000, 0x00000000ae400000|  0%| F|  |TAMS 0x00000000ae300000| PB 0x00000000ae300000| Untracked 
| 740|0x00000000ae400000, 0x00000000ae400000, 0x00000000ae500000|  0%| F|  |TAMS 0x00000000ae400000| PB 0x00000000ae400000| Untracked 
| 741|0x00000000ae500000, 0x00000000ae500000, 0x00000000ae600000|  0%| F|  |TAMS 0x00000000ae500000| PB 0x00000000ae500000| Untracked 
| 742|0x00000000ae600000, 0x00000000ae600000, 0x00000000ae700000|  0%| F|  |TAMS 0x00000000ae600000| PB 0x00000000ae600000| Untracked 
| 743|0x00000000ae700000, 0x00000000ae700000, 0x00000000ae800000|  0%| F|  |TAMS 0x00000000ae700000| PB 0x00000000ae700000| Untracked 
| 744|0x00000000ae800000, 0x00000000ae800000, 0x00000000ae900000|  0%| F|  |TAMS 0x00000000ae800000| PB 0x00000000ae800000| Untracked 
| 745|0x00000000ae900000, 0x00000000ae900000, 0x00000000aea00000|  0%| F|  |TAMS 0x00000000ae900000| PB 0x00000000ae900000| Untracked 
| 746|0x00000000aea00000, 0x00000000aea00000, 0x00000000aeb00000|  0%| F|  |TAMS 0x00000000aea00000| PB 0x00000000aea00000| Untracked 
| 747|0x00000000aeb00000, 0x00000000aeb00000, 0x00000000aec00000|  0%| F|  |TAMS 0x00000000aeb00000| PB 0x00000000aeb00000| Untracked 
| 748|0x00000000aec00000, 0x00000000aec00000, 0x00000000aed00000|  0%| F|  |TAMS 0x00000000aec00000| PB 0x00000000aec00000| Untracked 
| 749|0x00000000aed00000, 0x00000000aed00000, 0x00000000aee00000|  0%| F|  |TAMS 0x00000000aed00000| PB 0x00000000aed00000| Untracked 
| 750|0x00000000aee00000, 0x00000000aee00000, 0x00000000aef00000|  0%| F|  |TAMS 0x00000000aee00000| PB 0x00000000aee00000| Untracked 
| 751|0x00000000aef00000, 0x00000000aef00000, 0x00000000af000000|  0%| F|  |TAMS 0x00000000aef00000| PB 0x00000000aef00000| Untracked 
| 752|0x00000000af000000, 0x00000000af000000, 0x00000000af100000|  0%| F|  |TAMS 0x00000000af000000| PB 0x00000000af000000| Untracked 
| 753|0x00000000af100000, 0x00000000af100000, 0x00000000af200000|  0%| F|  |TAMS 0x00000000af100000| PB 0x00000000af100000| Untracked 
| 754|0x00000000af200000, 0x00000000af200000, 0x00000000af300000|  0%| F|  |TAMS 0x00000000af200000| PB 0x00000000af200000| Untracked 
| 755|0x00000000af300000, 0x00000000af300000, 0x00000000af400000|  0%| F|  |TAMS 0x00000000af300000| PB 0x00000000af300000| Untracked 
| 756|0x00000000af400000, 0x00000000af400000, 0x00000000af500000|  0%| F|  |TAMS 0x00000000af400000| PB 0x00000000af400000| Untracked 
| 757|0x00000000af500000, 0x00000000af500000, 0x00000000af600000|  0%| F|  |TAMS 0x00000000af500000| PB 0x00000000af500000| Untracked 
| 758|0x00000000af600000, 0x00000000af600000, 0x00000000af700000|  0%| F|  |TAMS 0x00000000af600000| PB 0x00000000af600000| Untracked 
| 759|0x00000000af700000, 0x00000000af700000, 0x00000000af800000|  0%| F|  |TAMS 0x00000000af700000| PB 0x00000000af700000| Untracked 
| 760|0x00000000af800000, 0x00000000af800000, 0x00000000af900000|  0%| F|  |TAMS 0x00000000af800000| PB 0x00000000af800000| Untracked 
| 761|0x00000000af900000, 0x00000000af900000, 0x00000000afa00000|  0%| F|  |TAMS 0x00000000af900000| PB 0x00000000af900000| Untracked 
| 762|0x00000000afa00000, 0x00000000afa00000, 0x00000000afb00000|  0%| F|  |TAMS 0x00000000afa00000| PB 0x00000000afa00000| Untracked 
| 763|0x00000000afb00000, 0x00000000afb00000, 0x00000000afc00000|  0%| F|  |TAMS 0x00000000afb00000| PB 0x00000000afb00000| Untracked 
| 764|0x00000000afc00000, 0x00000000afc00000, 0x00000000afd00000|  0%| F|  |TAMS 0x00000000afc00000| PB 0x00000000afc00000| Untracked 
| 765|0x00000000afd00000, 0x00000000afd00000, 0x00000000afe00000|  0%| F|  |TAMS 0x00000000afd00000| PB 0x00000000afd00000| Untracked 
| 766|0x00000000afe00000, 0x00000000afe00000, 0x00000000aff00000|  0%| F|  |TAMS 0x00000000afe00000| PB 0x00000000afe00000| Untracked 
| 767|0x00000000aff00000, 0x00000000aff00000, 0x00000000b0000000|  0%| F|  |TAMS 0x00000000aff00000| PB 0x00000000aff00000| Untracked 
| 768|0x00000000b0000000, 0x00000000b0000000, 0x00000000b0100000|  0%| F|  |TAMS 0x00000000b0000000| PB 0x00000000b0000000| Untracked 
| 769|0x00000000b0100000, 0x00000000b0100000, 0x00000000b0200000|  0%| F|  |TAMS 0x00000000b0100000| PB 0x00000000b0100000| Untracked 
| 770|0x00000000b0200000, 0x00000000b0200000, 0x00000000b0300000|  0%| F|  |TAMS 0x00000000b0200000| PB 0x00000000b0200000| Untracked 
| 771|0x00000000b0300000, 0x00000000b0300000, 0x00000000b0400000|  0%| F|  |TAMS 0x00000000b0300000| PB 0x00000000b0300000| Untracked 
| 772|0x00000000b0400000, 0x00000000b0400000, 0x00000000b0500000|  0%| F|  |TAMS 0x00000000b0400000| PB 0x00000000b0400000| Untracked 
| 773|0x00000000b0500000, 0x00000000b0500000, 0x00000000b0600000|  0%| F|  |TAMS 0x00000000b0500000| PB 0x00000000b0500000| Untracked 
| 774|0x00000000b0600000, 0x00000000b0600000, 0x00000000b0700000|  0%| F|  |TAMS 0x00000000b0600000| PB 0x00000000b0600000| Untracked 
| 775|0x00000000b0700000, 0x00000000b0700000, 0x00000000b0800000|  0%| F|  |TAMS 0x00000000b0700000| PB 0x00000000b0700000| Untracked 
| 776|0x00000000b0800000, 0x00000000b0800000, 0x00000000b0900000|  0%| F|  |TAMS 0x00000000b0800000| PB 0x00000000b0800000| Untracked 
| 777|0x00000000b0900000, 0x00000000b0900000, 0x00000000b0a00000|  0%| F|  |TAMS 0x00000000b0900000| PB 0x00000000b0900000| Untracked 
| 778|0x00000000b0a00000, 0x00000000b0a00000, 0x00000000b0b00000|  0%| F|  |TAMS 0x00000000b0a00000| PB 0x00000000b0a00000| Untracked 
| 779|0x00000000b0b00000, 0x00000000b0b00000, 0x00000000b0c00000|  0%| F|  |TAMS 0x00000000b0b00000| PB 0x00000000b0b00000| Untracked 
| 780|0x00000000b0c00000, 0x00000000b0c00000, 0x00000000b0d00000|  0%| F|  |TAMS 0x00000000b0c00000| PB 0x00000000b0c00000| Untracked 
| 781|0x00000000b0d00000, 0x00000000b0d00000, 0x00000000b0e00000|  0%| F|  |TAMS 0x00000000b0d00000| PB 0x00000000b0d00000| Untracked 
| 782|0x00000000b0e00000, 0x00000000b0e00000, 0x00000000b0f00000|  0%| F|  |TAMS 0x00000000b0e00000| PB 0x00000000b0e00000| Untracked 
| 783|0x00000000b0f00000, 0x00000000b0f00000, 0x00000000b1000000|  0%| F|  |TAMS 0x00000000b0f00000| PB 0x00000000b0f00000| Untracked 
| 784|0x00000000b1000000, 0x00000000b1000000, 0x00000000b1100000|  0%| F|  |TAMS 0x00000000b1000000| PB 0x00000000b1000000| Untracked 
| 785|0x00000000b1100000, 0x00000000b1100000, 0x00000000b1200000|  0%| F|  |TAMS 0x00000000b1100000| PB 0x00000000b1100000| Untracked 
| 786|0x00000000b1200000, 0x00000000b1200000, 0x00000000b1300000|  0%| F|  |TAMS 0x00000000b1200000| PB 0x00000000b1200000| Untracked 
| 787|0x00000000b1300000, 0x00000000b1300000, 0x00000000b1400000|  0%| F|  |TAMS 0x00000000b1300000| PB 0x00000000b1300000| Untracked 
| 788|0x00000000b1400000, 0x00000000b1400000, 0x00000000b1500000|  0%| F|  |TAMS 0x00000000b1400000| PB 0x00000000b1400000| Untracked 
| 789|0x00000000b1500000, 0x00000000b1500000, 0x00000000b1600000|  0%| F|  |TAMS 0x00000000b1500000| PB 0x00000000b1500000| Untracked 
| 790|0x00000000b1600000, 0x00000000b1600000, 0x00000000b1700000|  0%| F|  |TAMS 0x00000000b1600000| PB 0x00000000b1600000| Untracked 
| 791|0x00000000b1700000, 0x00000000b1700000, 0x00000000b1800000|  0%| F|  |TAMS 0x00000000b1700000| PB 0x00000000b1700000| Untracked 
| 792|0x00000000b1800000, 0x00000000b1800000, 0x00000000b1900000|  0%| F|  |TAMS 0x00000000b1800000| PB 0x00000000b1800000| Untracked 
| 793|0x00000000b1900000, 0x00000000b1900000, 0x00000000b1a00000|  0%| F|  |TAMS 0x00000000b1900000| PB 0x00000000b1900000| Untracked 
| 794|0x00000000b1a00000, 0x00000000b1a00000, 0x00000000b1b00000|  0%| F|  |TAMS 0x00000000b1a00000| PB 0x00000000b1a00000| Untracked 
| 795|0x00000000b1b00000, 0x00000000b1b00000, 0x00000000b1c00000|  0%| F|  |TAMS 0x00000000b1b00000| PB 0x00000000b1b00000| Untracked 
| 796|0x00000000b1c00000, 0x00000000b1c00000, 0x00000000b1d00000|  0%| F|  |TAMS 0x00000000b1c00000| PB 0x00000000b1c00000| Untracked 
| 797|0x00000000b1d00000, 0x00000000b1d00000, 0x00000000b1e00000|  0%| F|  |TAMS 0x00000000b1d00000| PB 0x00000000b1d00000| Untracked 
| 798|0x00000000b1e00000, 0x00000000b1e00000, 0x00000000b1f00000|  0%| F|  |TAMS 0x00000000b1e00000| PB 0x00000000b1e00000| Untracked 
| 799|0x00000000b1f00000, 0x00000000b1f00000, 0x00000000b2000000|  0%| F|  |TAMS 0x00000000b1f00000| PB 0x00000000b1f00000| Untracked 
| 800|0x00000000b2000000, 0x00000000b2000000, 0x00000000b2100000|  0%| F|  |TAMS 0x00000000b2000000| PB 0x00000000b2000000| Untracked 
| 801|0x00000000b2100000, 0x00000000b2100000, 0x00000000b2200000|  0%| F|  |TAMS 0x00000000b2100000| PB 0x00000000b2100000| Untracked 
| 802|0x00000000b2200000, 0x00000000b2200000, 0x00000000b2300000|  0%| F|  |TAMS 0x00000000b2200000| PB 0x00000000b2200000| Untracked 
| 803|0x00000000b2300000, 0x00000000b2300000, 0x00000000b2400000|  0%| F|  |TAMS 0x00000000b2300000| PB 0x00000000b2300000| Untracked 
| 804|0x00000000b2400000, 0x00000000b2400000, 0x00000000b2500000|  0%| F|  |TAMS 0x00000000b2400000| PB 0x00000000b2400000| Untracked 
| 805|0x00000000b2500000, 0x00000000b2500000, 0x00000000b2600000|  0%| F|  |TAMS 0x00000000b2500000| PB 0x00000000b2500000| Untracked 
| 806|0x00000000b2600000, 0x00000000b2600000, 0x00000000b2700000|  0%| F|  |TAMS 0x00000000b2600000| PB 0x00000000b2600000| Untracked 
| 807|0x00000000b2700000, 0x00000000b2700000, 0x00000000b2800000|  0%| F|  |TAMS 0x00000000b2700000| PB 0x00000000b2700000| Untracked 
| 808|0x00000000b2800000, 0x00000000b2800000, 0x00000000b2900000|  0%| F|  |TAMS 0x00000000b2800000| PB 0x00000000b2800000| Untracked 
| 809|0x00000000b2900000, 0x00000000b2900000, 0x00000000b2a00000|  0%| F|  |TAMS 0x00000000b2900000| PB 0x00000000b2900000| Untracked 
| 810|0x00000000b2a00000, 0x00000000b2a00000, 0x00000000b2b00000|  0%| F|  |TAMS 0x00000000b2a00000| PB 0x00000000b2a00000| Untracked 
| 811|0x00000000b2b00000, 0x00000000b2b00000, 0x00000000b2c00000|  0%| F|  |TAMS 0x00000000b2b00000| PB 0x00000000b2b00000| Untracked 
| 812|0x00000000b2c00000, 0x00000000b2c00000, 0x00000000b2d00000|  0%| F|  |TAMS 0x00000000b2c00000| PB 0x00000000b2c00000| Untracked 
| 813|0x00000000b2d00000, 0x00000000b2d00000, 0x00000000b2e00000|  0%| F|  |TAMS 0x00000000b2d00000| PB 0x00000000b2d00000| Untracked 
| 814|0x00000000b2e00000, 0x00000000b2e00000, 0x00000000b2f00000|  0%| F|  |TAMS 0x00000000b2e00000| PB 0x00000000b2e00000| Untracked 
| 815|0x00000000b2f00000, 0x00000000b2f00000, 0x00000000b3000000|  0%| F|  |TAMS 0x00000000b2f00000| PB 0x00000000b2f00000| Untracked 
| 816|0x00000000b3000000, 0x00000000b3000000, 0x00000000b3100000|  0%| F|  |TAMS 0x00000000b3000000| PB 0x00000000b3000000| Untracked 
| 817|0x00000000b3100000, 0x00000000b3100000, 0x00000000b3200000|  0%| F|  |TAMS 0x00000000b3100000| PB 0x00000000b3100000| Untracked 
| 818|0x00000000b3200000, 0x00000000b3200000, 0x00000000b3300000|  0%| F|  |TAMS 0x00000000b3200000| PB 0x00000000b3200000| Untracked 
| 819|0x00000000b3300000, 0x00000000b3300000, 0x00000000b3400000|  0%| F|  |TAMS 0x00000000b3300000| PB 0x00000000b3300000| Untracked 
| 820|0x00000000b3400000, 0x00000000b3400000, 0x00000000b3500000|  0%| F|  |TAMS 0x00000000b3400000| PB 0x00000000b3400000| Untracked 
| 821|0x00000000b3500000, 0x00000000b3500000, 0x00000000b3600000|  0%| F|  |TAMS 0x00000000b3500000| PB 0x00000000b3500000| Untracked 
| 822|0x00000000b3600000, 0x00000000b3600000, 0x00000000b3700000|  0%| F|  |TAMS 0x00000000b3600000| PB 0x00000000b3600000| Untracked 
| 823|0x00000000b3700000, 0x00000000b3700000, 0x00000000b3800000|  0%| F|  |TAMS 0x00000000b3700000| PB 0x00000000b3700000| Untracked 
| 824|0x00000000b3800000, 0x00000000b3800000, 0x00000000b3900000|  0%| F|  |TAMS 0x00000000b3800000| PB 0x00000000b3800000| Untracked 
| 825|0x00000000b3900000, 0x00000000b3900000, 0x00000000b3a00000|  0%| F|  |TAMS 0x00000000b3900000| PB 0x00000000b3900000| Untracked 
| 826|0x00000000b3a00000, 0x00000000b3a00000, 0x00000000b3b00000|  0%| F|  |TAMS 0x00000000b3a00000| PB 0x00000000b3a00000| Untracked 
| 827|0x00000000b3b00000, 0x00000000b3b00000, 0x00000000b3c00000|  0%| F|  |TAMS 0x00000000b3b00000| PB 0x00000000b3b00000| Untracked 
| 828|0x00000000b3c00000, 0x00000000b3c00000, 0x00000000b3d00000|  0%| F|  |TAMS 0x00000000b3c00000| PB 0x00000000b3c00000| Untracked 
| 829|0x00000000b3d00000, 0x00000000b3d00000, 0x00000000b3e00000|  0%| F|  |TAMS 0x00000000b3d00000| PB 0x00000000b3d00000| Untracked 
| 830|0x00000000b3e00000, 0x00000000b3e00000, 0x00000000b3f00000|  0%| F|  |TAMS 0x00000000b3e00000| PB 0x00000000b3e00000| Untracked 
| 831|0x00000000b3f00000, 0x00000000b3f00000, 0x00000000b4000000|  0%| F|  |TAMS 0x00000000b3f00000| PB 0x00000000b3f00000| Untracked 
| 832|0x00000000b4000000, 0x00000000b4000000, 0x00000000b4100000|  0%| F|  |TAMS 0x00000000b4000000| PB 0x00000000b4000000| Untracked 
| 833|0x00000000b4100000, 0x00000000b4100000, 0x00000000b4200000|  0%| F|  |TAMS 0x00000000b4100000| PB 0x00000000b4100000| Untracked 
| 834|0x00000000b4200000, 0x00000000b4200000, 0x00000000b4300000|  0%| F|  |TAMS 0x00000000b4200000| PB 0x00000000b4200000| Untracked 
| 835|0x00000000b4300000, 0x00000000b4300000, 0x00000000b4400000|  0%| F|  |TAMS 0x00000000b4300000| PB 0x00000000b4300000| Untracked 
| 836|0x00000000b4400000, 0x00000000b4400000, 0x00000000b4500000|  0%| F|  |TAMS 0x00000000b4400000| PB 0x00000000b4400000| Untracked 
| 837|0x00000000b4500000, 0x00000000b4500000, 0x00000000b4600000|  0%| F|  |TAMS 0x00000000b4500000| PB 0x00000000b4500000| Untracked 
| 838|0x00000000b4600000, 0x00000000b4600000, 0x00000000b4700000|  0%| F|  |TAMS 0x00000000b4600000| PB 0x00000000b4600000| Untracked 
| 839|0x00000000b4700000, 0x00000000b4700000, 0x00000000b4800000|  0%| F|  |TAMS 0x00000000b4700000| PB 0x00000000b4700000| Untracked 
| 840|0x00000000b4800000, 0x00000000b4800000, 0x00000000b4900000|  0%| F|  |TAMS 0x00000000b4800000| PB 0x00000000b4800000| Untracked 
| 841|0x00000000b4900000, 0x00000000b4900000, 0x00000000b4a00000|  0%| F|  |TAMS 0x00000000b4900000| PB 0x00000000b4900000| Untracked 
| 842|0x00000000b4a00000, 0x00000000b4a00000, 0x00000000b4b00000|  0%| F|  |TAMS 0x00000000b4a00000| PB 0x00000000b4a00000| Untracked 
| 843|0x00000000b4b00000, 0x00000000b4b00000, 0x00000000b4c00000|  0%| F|  |TAMS 0x00000000b4b00000| PB 0x00000000b4b00000| Untracked 
| 844|0x00000000b4c00000, 0x00000000b4c00000, 0x00000000b4d00000|  0%| F|  |TAMS 0x00000000b4c00000| PB 0x00000000b4c00000| Untracked 
| 845|0x00000000b4d00000, 0x00000000b4d00000, 0x00000000b4e00000|  0%| F|  |TAMS 0x00000000b4d00000| PB 0x00000000b4d00000| Untracked 
| 846|0x00000000b4e00000, 0x00000000b4e00000, 0x00000000b4f00000|  0%| F|  |TAMS 0x00000000b4e00000| PB 0x00000000b4e00000| Untracked 
| 847|0x00000000b4f00000, 0x00000000b4f00000, 0x00000000b5000000|  0%| F|  |TAMS 0x00000000b4f00000| PB 0x00000000b4f00000| Untracked 
| 848|0x00000000b5000000, 0x00000000b5000000, 0x00000000b5100000|  0%| F|  |TAMS 0x00000000b5000000| PB 0x00000000b5000000| Untracked 
| 849|0x00000000b5100000, 0x00000000b5100000, 0x00000000b5200000|  0%| F|  |TAMS 0x00000000b5100000| PB 0x00000000b5100000| Untracked 
| 850|0x00000000b5200000, 0x00000000b5200000, 0x00000000b5300000|  0%| F|  |TAMS 0x00000000b5200000| PB 0x00000000b5200000| Untracked 
| 851|0x00000000b5300000, 0x00000000b5300000, 0x00000000b5400000|  0%| F|  |TAMS 0x00000000b5300000| PB 0x00000000b5300000| Untracked 
| 852|0x00000000b5400000, 0x00000000b5400000, 0x00000000b5500000|  0%| F|  |TAMS 0x00000000b5400000| PB 0x00000000b5400000| Untracked 
| 853|0x00000000b5500000, 0x00000000b5500000, 0x00000000b5600000|  0%| F|  |TAMS 0x00000000b5500000| PB 0x00000000b5500000| Untracked 
| 854|0x00000000b5600000, 0x00000000b5600000, 0x00000000b5700000|  0%| F|  |TAMS 0x00000000b5600000| PB 0x00000000b5600000| Untracked 
| 855|0x00000000b5700000, 0x00000000b5700000, 0x00000000b5800000|  0%| F|  |TAMS 0x00000000b5700000| PB 0x00000000b5700000| Untracked 
| 856|0x00000000b5800000, 0x00000000b5800000, 0x00000000b5900000|  0%| F|  |TAMS 0x00000000b5800000| PB 0x00000000b5800000| Untracked 
| 857|0x00000000b5900000, 0x00000000b5900000, 0x00000000b5a00000|  0%| F|  |TAMS 0x00000000b5900000| PB 0x00000000b5900000| Untracked 
| 858|0x00000000b5a00000, 0x00000000b5a00000, 0x00000000b5b00000|  0%| F|  |TAMS 0x00000000b5a00000| PB 0x00000000b5a00000| Untracked 
| 859|0x00000000b5b00000, 0x00000000b5b00000, 0x00000000b5c00000|  0%| F|  |TAMS 0x00000000b5b00000| PB 0x00000000b5b00000| Untracked 
| 860|0x00000000b5c00000, 0x00000000b5c00000, 0x00000000b5d00000|  0%| F|  |TAMS 0x00000000b5c00000| PB 0x00000000b5c00000| Untracked 
| 861|0x00000000b5d00000, 0x00000000b5d00000, 0x00000000b5e00000|  0%| F|  |TAMS 0x00000000b5d00000| PB 0x00000000b5d00000| Untracked 
| 862|0x00000000b5e00000, 0x00000000b5e00000, 0x00000000b5f00000|  0%| F|  |TAMS 0x00000000b5e00000| PB 0x00000000b5e00000| Untracked 
| 863|0x00000000b5f00000, 0x00000000b5f00000, 0x00000000b6000000|  0%| F|  |TAMS 0x00000000b5f00000| PB 0x00000000b5f00000| Untracked 
| 864|0x00000000b6000000, 0x00000000b6000000, 0x00000000b6100000|  0%| F|  |TAMS 0x00000000b6000000| PB 0x00000000b6000000| Untracked 
| 865|0x00000000b6100000, 0x00000000b6100000, 0x00000000b6200000|  0%| F|  |TAMS 0x00000000b6100000| PB 0x00000000b6100000| Untracked 
| 866|0x00000000b6200000, 0x00000000b6200000, 0x00000000b6300000|  0%| F|  |TAMS 0x00000000b6200000| PB 0x00000000b6200000| Untracked 
| 867|0x00000000b6300000, 0x00000000b6300000, 0x00000000b6400000|  0%| F|  |TAMS 0x00000000b6300000| PB 0x00000000b6300000| Untracked 
| 868|0x00000000b6400000, 0x00000000b6400000, 0x00000000b6500000|  0%| F|  |TAMS 0x00000000b6400000| PB 0x00000000b6400000| Untracked 
| 869|0x00000000b6500000, 0x00000000b6500000, 0x00000000b6600000|  0%| F|  |TAMS 0x00000000b6500000| PB 0x00000000b6500000| Untracked 
| 870|0x00000000b6600000, 0x00000000b6600000, 0x00000000b6700000|  0%| F|  |TAMS 0x00000000b6600000| PB 0x00000000b6600000| Untracked 
| 871|0x00000000b6700000, 0x00000000b6700000, 0x00000000b6800000|  0%| F|  |TAMS 0x00000000b6700000| PB 0x00000000b6700000| Untracked 
| 872|0x00000000b6800000, 0x00000000b6800000, 0x00000000b6900000|  0%| F|  |TAMS 0x00000000b6800000| PB 0x00000000b6800000| Untracked 
| 873|0x00000000b6900000, 0x00000000b6900000, 0x00000000b6a00000|  0%| F|  |TAMS 0x00000000b6900000| PB 0x00000000b6900000| Untracked 
| 874|0x00000000b6a00000, 0x00000000b6a00000, 0x00000000b6b00000|  0%| F|  |TAMS 0x00000000b6a00000| PB 0x00000000b6a00000| Untracked 
| 875|0x00000000b6b00000, 0x00000000b6b00000, 0x00000000b6c00000|  0%| F|  |TAMS 0x00000000b6b00000| PB 0x00000000b6b00000| Untracked 
| 876|0x00000000b6c00000, 0x00000000b6c00000, 0x00000000b6d00000|  0%| F|  |TAMS 0x00000000b6c00000| PB 0x00000000b6c00000| Untracked 
| 877|0x00000000b6d00000, 0x00000000b6d00000, 0x00000000b6e00000|  0%| F|  |TAMS 0x00000000b6d00000| PB 0x00000000b6d00000| Untracked 
| 878|0x00000000b6e00000, 0x00000000b6e00000, 0x00000000b6f00000|  0%| F|  |TAMS 0x00000000b6e00000| PB 0x00000000b6e00000| Untracked 
| 879|0x00000000b6f00000, 0x00000000b6f00000, 0x00000000b7000000|  0%| F|  |TAMS 0x00000000b6f00000| PB 0x00000000b6f00000| Untracked 
| 880|0x00000000b7000000, 0x00000000b7000000, 0x00000000b7100000|  0%| F|  |TAMS 0x00000000b7000000| PB 0x00000000b7000000| Untracked 
| 881|0x00000000b7100000, 0x00000000b7100000, 0x00000000b7200000|  0%| F|  |TAMS 0x00000000b7100000| PB 0x00000000b7100000| Untracked 
| 882|0x00000000b7200000, 0x00000000b7200000, 0x00000000b7300000|  0%| F|  |TAMS 0x00000000b7200000| PB 0x00000000b7200000| Untracked 
| 883|0x00000000b7300000, 0x00000000b7300000, 0x00000000b7400000|  0%| F|  |TAMS 0x00000000b7300000| PB 0x00000000b7300000| Untracked 
| 884|0x00000000b7400000, 0x00000000b7400000, 0x00000000b7500000|  0%| F|  |TAMS 0x00000000b7400000| PB 0x00000000b7400000| Untracked 
| 885|0x00000000b7500000, 0x00000000b7500000, 0x00000000b7600000|  0%| F|  |TAMS 0x00000000b7500000| PB 0x00000000b7500000| Untracked 
| 886|0x00000000b7600000, 0x00000000b7600000, 0x00000000b7700000|  0%| F|  |TAMS 0x00000000b7600000| PB 0x00000000b7600000| Untracked 
| 887|0x00000000b7700000, 0x00000000b7700000, 0x00000000b7800000|  0%| F|  |TAMS 0x00000000b7700000| PB 0x00000000b7700000| Untracked 
| 888|0x00000000b7800000, 0x00000000b7800000, 0x00000000b7900000|  0%| F|  |TAMS 0x00000000b7800000| PB 0x00000000b7800000| Untracked 
| 889|0x00000000b7900000, 0x00000000b7900000, 0x00000000b7a00000|  0%| F|  |TAMS 0x00000000b7900000| PB 0x00000000b7900000| Untracked 
| 890|0x00000000b7a00000, 0x00000000b7a00000, 0x00000000b7b00000|  0%| F|  |TAMS 0x00000000b7a00000| PB 0x00000000b7a00000| Untracked 
| 891|0x00000000b7b00000, 0x00000000b7b00000, 0x00000000b7c00000|  0%| F|  |TAMS 0x00000000b7b00000| PB 0x00000000b7b00000| Untracked 
| 892|0x00000000b7c00000, 0x00000000b7c00000, 0x00000000b7d00000|  0%| F|  |TAMS 0x00000000b7c00000| PB 0x00000000b7c00000| Untracked 
| 893|0x00000000b7d00000, 0x00000000b7d00000, 0x00000000b7e00000|  0%| F|  |TAMS 0x00000000b7d00000| PB 0x00000000b7d00000| Untracked 
| 894|0x00000000b7e00000, 0x00000000b7e00000, 0x00000000b7f00000|  0%| F|  |TAMS 0x00000000b7e00000| PB 0x00000000b7e00000| Untracked 
| 895|0x00000000b7f00000, 0x00000000b7f00000, 0x00000000b8000000|  0%| F|  |TAMS 0x00000000b7f00000| PB 0x00000000b7f00000| Untracked 
| 896|0x00000000b8000000, 0x00000000b8000000, 0x00000000b8100000|  0%| F|  |TAMS 0x00000000b8000000| PB 0x00000000b8000000| Untracked 
| 897|0x00000000b8100000, 0x00000000b8100000, 0x00000000b8200000|  0%| F|  |TAMS 0x00000000b8100000| PB 0x00000000b8100000| Untracked 
| 898|0x00000000b8200000, 0x00000000b8200000, 0x00000000b8300000|  0%| F|  |TAMS 0x00000000b8200000| PB 0x00000000b8200000| Untracked 
| 899|0x00000000b8300000, 0x00000000b8300000, 0x00000000b8400000|  0%| F|  |TAMS 0x00000000b8300000| PB 0x00000000b8300000| Untracked 
| 900|0x00000000b8400000, 0x00000000b8400000, 0x00000000b8500000|  0%| F|  |TAMS 0x00000000b8400000| PB 0x00000000b8400000| Untracked 
| 901|0x00000000b8500000, 0x00000000b8500000, 0x00000000b8600000|  0%| F|  |TAMS 0x00000000b8500000| PB 0x00000000b8500000| Untracked 
| 902|0x00000000b8600000, 0x00000000b8600000, 0x00000000b8700000|  0%| F|  |TAMS 0x00000000b8600000| PB 0x00000000b8600000| Untracked 
| 903|0x00000000b8700000, 0x00000000b8700000, 0x00000000b8800000|  0%| F|  |TAMS 0x00000000b8700000| PB 0x00000000b8700000| Untracked 
| 904|0x00000000b8800000, 0x00000000b8800000, 0x00000000b8900000|  0%| F|  |TAMS 0x00000000b8800000| PB 0x00000000b8800000| Untracked 
| 905|0x00000000b8900000, 0x00000000b8900000, 0x00000000b8a00000|  0%| F|  |TAMS 0x00000000b8900000| PB 0x00000000b8900000| Untracked 
| 906|0x00000000b8a00000, 0x00000000b8a00000, 0x00000000b8b00000|  0%| F|  |TAMS 0x00000000b8a00000| PB 0x00000000b8a00000| Untracked 
| 907|0x00000000b8b00000, 0x00000000b8b00000, 0x00000000b8c00000|  0%| F|  |TAMS 0x00000000b8b00000| PB 0x00000000b8b00000| Untracked 
| 908|0x00000000b8c00000, 0x00000000b8c00000, 0x00000000b8d00000|  0%| F|  |TAMS 0x00000000b8c00000| PB 0x00000000b8c00000| Untracked 
| 909|0x00000000b8d00000, 0x00000000b8d00000, 0x00000000b8e00000|  0%| F|  |TAMS 0x00000000b8d00000| PB 0x00000000b8d00000| Untracked 
| 910|0x00000000b8e00000, 0x00000000b8e00000, 0x00000000b8f00000|  0%| F|  |TAMS 0x00000000b8e00000| PB 0x00000000b8e00000| Untracked 
| 911|0x00000000b8f00000, 0x00000000b8f00000, 0x00000000b9000000|  0%| F|  |TAMS 0x00000000b8f00000| PB 0x00000000b8f00000| Untracked 
| 912|0x00000000b9000000, 0x00000000b9000000, 0x00000000b9100000|  0%| F|  |TAMS 0x00000000b9000000| PB 0x00000000b9000000| Untracked 
| 913|0x00000000b9100000, 0x00000000b9100000, 0x00000000b9200000|  0%| F|  |TAMS 0x00000000b9100000| PB 0x00000000b9100000| Untracked 
| 914|0x00000000b9200000, 0x00000000b9200000, 0x00000000b9300000|  0%| F|  |TAMS 0x00000000b9200000| PB 0x00000000b9200000| Untracked 
| 915|0x00000000b9300000, 0x00000000b9300000, 0x00000000b9400000|  0%| F|  |TAMS 0x00000000b9300000| PB 0x00000000b9300000| Untracked 
| 916|0x00000000b9400000, 0x00000000b9400000, 0x00000000b9500000|  0%| F|  |TAMS 0x00000000b9400000| PB 0x00000000b9400000| Untracked 
| 917|0x00000000b9500000, 0x00000000b9500000, 0x00000000b9600000|  0%| F|  |TAMS 0x00000000b9500000| PB 0x00000000b9500000| Untracked 
| 918|0x00000000b9600000, 0x00000000b9600000, 0x00000000b9700000|  0%| F|  |TAMS 0x00000000b9600000| PB 0x00000000b9600000| Untracked 
| 919|0x00000000b9700000, 0x00000000b9700000, 0x00000000b9800000|  0%| F|  |TAMS 0x00000000b9700000| PB 0x00000000b9700000| Untracked 
| 920|0x00000000b9800000, 0x00000000b9800000, 0x00000000b9900000|  0%| F|  |TAMS 0x00000000b9800000| PB 0x00000000b9800000| Untracked 
| 921|0x00000000b9900000, 0x00000000b9900000, 0x00000000b9a00000|  0%| F|  |TAMS 0x00000000b9900000| PB 0x00000000b9900000| Untracked 
| 922|0x00000000b9a00000, 0x00000000b9a00000, 0x00000000b9b00000|  0%| F|  |TAMS 0x00000000b9a00000| PB 0x00000000b9a00000| Untracked 
| 923|0x00000000b9b00000, 0x00000000b9b00000, 0x00000000b9c00000|  0%| F|  |TAMS 0x00000000b9b00000| PB 0x00000000b9b00000| Untracked 
| 924|0x00000000b9c00000, 0x00000000b9c00000, 0x00000000b9d00000|  0%| F|  |TAMS 0x00000000b9c00000| PB 0x00000000b9c00000| Untracked 
| 925|0x00000000b9d00000, 0x00000000b9d00000, 0x00000000b9e00000|  0%| F|  |TAMS 0x00000000b9d00000| PB 0x00000000b9d00000| Untracked 
| 926|0x00000000b9e00000, 0x00000000b9e00000, 0x00000000b9f00000|  0%| F|  |TAMS 0x00000000b9e00000| PB 0x00000000b9e00000| Untracked 
| 927|0x00000000b9f00000, 0x00000000b9f00000, 0x00000000ba000000|  0%| F|  |TAMS 0x00000000b9f00000| PB 0x00000000b9f00000| Untracked 
| 928|0x00000000ba000000, 0x00000000ba000000, 0x00000000ba100000|  0%| F|  |TAMS 0x00000000ba000000| PB 0x00000000ba000000| Untracked 
| 929|0x00000000ba100000, 0x00000000ba100000, 0x00000000ba200000|  0%| F|  |TAMS 0x00000000ba100000| PB 0x00000000ba100000| Untracked 
| 930|0x00000000ba200000, 0x00000000ba200000, 0x00000000ba300000|  0%| F|  |TAMS 0x00000000ba200000| PB 0x00000000ba200000| Untracked 
| 931|0x00000000ba300000, 0x00000000ba300000, 0x00000000ba400000|  0%| F|  |TAMS 0x00000000ba300000| PB 0x00000000ba300000| Untracked 
| 932|0x00000000ba400000, 0x00000000ba400000, 0x00000000ba500000|  0%| F|  |TAMS 0x00000000ba400000| PB 0x00000000ba400000| Untracked 
| 933|0x00000000ba500000, 0x00000000ba500000, 0x00000000ba600000|  0%| F|  |TAMS 0x00000000ba500000| PB 0x00000000ba500000| Untracked 
| 934|0x00000000ba600000, 0x00000000ba600000, 0x00000000ba700000|  0%| F|  |TAMS 0x00000000ba600000| PB 0x00000000ba600000| Untracked 
| 935|0x00000000ba700000, 0x00000000ba700000, 0x00000000ba800000|  0%| F|  |TAMS 0x00000000ba700000| PB 0x00000000ba700000| Untracked 
| 936|0x00000000ba800000, 0x00000000ba800000, 0x00000000ba900000|  0%| F|  |TAMS 0x00000000ba800000| PB 0x00000000ba800000| Untracked 
| 937|0x00000000ba900000, 0x00000000ba900000, 0x00000000baa00000|  0%| F|  |TAMS 0x00000000ba900000| PB 0x00000000ba900000| Untracked 
| 938|0x00000000baa00000, 0x00000000baa00000, 0x00000000bab00000|  0%| F|  |TAMS 0x00000000baa00000| PB 0x00000000baa00000| Untracked 
| 939|0x00000000bab00000, 0x00000000bab00000, 0x00000000bac00000|  0%| F|  |TAMS 0x00000000bab00000| PB 0x00000000bab00000| Untracked 
| 940|0x00000000bac00000, 0x00000000bac00000, 0x00000000bad00000|  0%| F|  |TAMS 0x00000000bac00000| PB 0x00000000bac00000| Untracked 
| 941|0x00000000bad00000, 0x00000000bad00000, 0x00000000bae00000|  0%| F|  |TAMS 0x00000000bad00000| PB 0x00000000bad00000| Untracked 
| 942|0x00000000bae00000, 0x00000000bae00000, 0x00000000baf00000|  0%| F|  |TAMS 0x00000000bae00000| PB 0x00000000bae00000| Untracked 
| 943|0x00000000baf00000, 0x00000000baf00000, 0x00000000bb000000|  0%| F|  |TAMS 0x00000000baf00000| PB 0x00000000baf00000| Untracked 
| 944|0x00000000bb000000, 0x00000000bb000000, 0x00000000bb100000|  0%| F|  |TAMS 0x00000000bb000000| PB 0x00000000bb000000| Untracked 
| 945|0x00000000bb100000, 0x00000000bb100000, 0x00000000bb200000|  0%| F|  |TAMS 0x00000000bb100000| PB 0x00000000bb100000| Untracked 
| 946|0x00000000bb200000, 0x00000000bb200000, 0x00000000bb300000|  0%| F|  |TAMS 0x00000000bb200000| PB 0x00000000bb200000| Untracked 
| 947|0x00000000bb300000, 0x00000000bb300000, 0x00000000bb400000|  0%| F|  |TAMS 0x00000000bb300000| PB 0x00000000bb300000| Untracked 
| 948|0x00000000bb400000, 0x00000000bb400000, 0x00000000bb500000|  0%| F|  |TAMS 0x00000000bb400000| PB 0x00000000bb400000| Untracked 
| 949|0x00000000bb500000, 0x00000000bb500000, 0x00000000bb600000|  0%| F|  |TAMS 0x00000000bb500000| PB 0x00000000bb500000| Untracked 
| 950|0x00000000bb600000, 0x00000000bb600000, 0x00000000bb700000|  0%| F|  |TAMS 0x00000000bb600000| PB 0x00000000bb600000| Untracked 
| 951|0x00000000bb700000, 0x00000000bb700000, 0x00000000bb800000|  0%| F|  |TAMS 0x00000000bb700000| PB 0x00000000bb700000| Untracked 
| 952|0x00000000bb800000, 0x00000000bb800000, 0x00000000bb900000|  0%| F|  |TAMS 0x00000000bb800000| PB 0x00000000bb800000| Untracked 
| 953|0x00000000bb900000, 0x00000000bb900000, 0x00000000bba00000|  0%| F|  |TAMS 0x00000000bb900000| PB 0x00000000bb900000| Untracked 
| 954|0x00000000bba00000, 0x00000000bba00000, 0x00000000bbb00000|  0%| F|  |TAMS 0x00000000bba00000| PB 0x00000000bba00000| Untracked 
| 955|0x00000000bbb00000, 0x00000000bbb00000, 0x00000000bbc00000|  0%| F|  |TAMS 0x00000000bbb00000| PB 0x00000000bbb00000| Untracked 
| 956|0x00000000bbc00000, 0x00000000bbc00000, 0x00000000bbd00000|  0%| F|  |TAMS 0x00000000bbc00000| PB 0x00000000bbc00000| Untracked 
| 957|0x00000000bbd00000, 0x00000000bbd00000, 0x00000000bbe00000|  0%| F|  |TAMS 0x00000000bbd00000| PB 0x00000000bbd00000| Untracked 
| 958|0x00000000bbe00000, 0x00000000bbe00000, 0x00000000bbf00000|  0%| F|  |TAMS 0x00000000bbe00000| PB 0x00000000bbe00000| Untracked 
| 959|0x00000000bbf00000, 0x00000000bbf00000, 0x00000000bc000000|  0%| F|  |TAMS 0x00000000bbf00000| PB 0x00000000bbf00000| Untracked 
| 960|0x00000000bc000000, 0x00000000bc000000, 0x00000000bc100000|  0%| F|  |TAMS 0x00000000bc000000| PB 0x00000000bc000000| Untracked 
| 961|0x00000000bc100000, 0x00000000bc100000, 0x00000000bc200000|  0%| F|  |TAMS 0x00000000bc100000| PB 0x00000000bc100000| Untracked 
| 962|0x00000000bc200000, 0x00000000bc200000, 0x00000000bc300000|  0%| F|  |TAMS 0x00000000bc200000| PB 0x00000000bc200000| Untracked 
| 963|0x00000000bc300000, 0x00000000bc300000, 0x00000000bc400000|  0%| F|  |TAMS 0x00000000bc300000| PB 0x00000000bc300000| Untracked 
| 964|0x00000000bc400000, 0x00000000bc400000, 0x00000000bc500000|  0%| F|  |TAMS 0x00000000bc400000| PB 0x00000000bc400000| Untracked 
| 965|0x00000000bc500000, 0x00000000bc500000, 0x00000000bc600000|  0%| F|  |TAMS 0x00000000bc500000| PB 0x00000000bc500000| Untracked 
| 966|0x00000000bc600000, 0x00000000bc600000, 0x00000000bc700000|  0%| F|  |TAMS 0x00000000bc600000| PB 0x00000000bc600000| Untracked 
| 967|0x00000000bc700000, 0x00000000bc700000, 0x00000000bc800000|  0%| F|  |TAMS 0x00000000bc700000| PB 0x00000000bc700000| Untracked 
| 968|0x00000000bc800000, 0x00000000bc800000, 0x00000000bc900000|  0%| F|  |TAMS 0x00000000bc800000| PB 0x00000000bc800000| Untracked 
| 969|0x00000000bc900000, 0x00000000bc900000, 0x00000000bca00000|  0%| F|  |TAMS 0x00000000bc900000| PB 0x00000000bc900000| Untracked 
| 970|0x00000000bca00000, 0x00000000bca00000, 0x00000000bcb00000|  0%| F|  |TAMS 0x00000000bca00000| PB 0x00000000bca00000| Untracked 
| 971|0x00000000bcb00000, 0x00000000bcb00000, 0x00000000bcc00000|  0%| F|  |TAMS 0x00000000bcb00000| PB 0x00000000bcb00000| Untracked 
| 972|0x00000000bcc00000, 0x00000000bcc00000, 0x00000000bcd00000|  0%| F|  |TAMS 0x00000000bcc00000| PB 0x00000000bcc00000| Untracked 
| 973|0x00000000bcd00000, 0x00000000bcd00000, 0x00000000bce00000|  0%| F|  |TAMS 0x00000000bcd00000| PB 0x00000000bcd00000| Untracked 
| 974|0x00000000bce00000, 0x00000000bce00000, 0x00000000bcf00000|  0%| F|  |TAMS 0x00000000bce00000| PB 0x00000000bce00000| Untracked 
| 975|0x00000000bcf00000, 0x00000000bcf00000, 0x00000000bd000000|  0%| F|  |TAMS 0x00000000bcf00000| PB 0x00000000bcf00000| Untracked 
| 976|0x00000000bd000000, 0x00000000bd000000, 0x00000000bd100000|  0%| F|  |TAMS 0x00000000bd000000| PB 0x00000000bd000000| Untracked 
| 977|0x00000000bd100000, 0x00000000bd100000, 0x00000000bd200000|  0%| F|  |TAMS 0x00000000bd100000| PB 0x00000000bd100000| Untracked 
| 978|0x00000000bd200000, 0x00000000bd200000, 0x00000000bd300000|  0%| F|  |TAMS 0x00000000bd200000| PB 0x00000000bd200000| Untracked 
| 979|0x00000000bd300000, 0x00000000bd300000, 0x00000000bd400000|  0%| F|  |TAMS 0x00000000bd300000| PB 0x00000000bd300000| Untracked 
| 980|0x00000000bd400000, 0x00000000bd400000, 0x00000000bd500000|  0%| F|  |TAMS 0x00000000bd400000| PB 0x00000000bd400000| Untracked 
| 981|0x00000000bd500000, 0x00000000bd500000, 0x00000000bd600000|  0%| F|  |TAMS 0x00000000bd500000| PB 0x00000000bd500000| Untracked 
| 982|0x00000000bd600000, 0x00000000bd600000, 0x00000000bd700000|  0%| F|  |TAMS 0x00000000bd600000| PB 0x00000000bd600000| Untracked 
| 983|0x00000000bd700000, 0x00000000bd700000, 0x00000000bd800000|  0%| F|  |TAMS 0x00000000bd700000| PB 0x00000000bd700000| Untracked 
| 984|0x00000000bd800000, 0x00000000bd800000, 0x00000000bd900000|  0%| F|  |TAMS 0x00000000bd800000| PB 0x00000000bd800000| Untracked 
| 985|0x00000000bd900000, 0x00000000bd900000, 0x00000000bda00000|  0%| F|  |TAMS 0x00000000bd900000| PB 0x00000000bd900000| Untracked 
| 986|0x00000000bda00000, 0x00000000bda00000, 0x00000000bdb00000|  0%| F|  |TAMS 0x00000000bda00000| PB 0x00000000bda00000| Untracked 
| 987|0x00000000bdb00000, 0x00000000bdb00000, 0x00000000bdc00000|  0%| F|  |TAMS 0x00000000bdb00000| PB 0x00000000bdb00000| Untracked 
| 988|0x00000000bdc00000, 0x00000000bdc00000, 0x00000000bdd00000|  0%| F|  |TAMS 0x00000000bdc00000| PB 0x00000000bdc00000| Untracked 
| 989|0x00000000bdd00000, 0x00000000bdd00000, 0x00000000bde00000|  0%| F|  |TAMS 0x00000000bdd00000| PB 0x00000000bdd00000| Untracked 
| 990|0x00000000bde00000, 0x00000000bde00000, 0x00000000bdf00000|  0%| F|  |TAMS 0x00000000bde00000| PB 0x00000000bde00000| Untracked 
| 991|0x00000000bdf00000, 0x00000000bdf00000, 0x00000000be000000|  0%| F|  |TAMS 0x00000000bdf00000| PB 0x00000000bdf00000| Untracked 
| 992|0x00000000be000000, 0x00000000be000000, 0x00000000be100000|  0%| F|  |TAMS 0x00000000be000000| PB 0x00000000be000000| Untracked 
| 993|0x00000000be100000, 0x00000000be100000, 0x00000000be200000|  0%| F|  |TAMS 0x00000000be100000| PB 0x00000000be100000| Untracked 
| 994|0x00000000be200000, 0x00000000be200000, 0x00000000be300000|  0%| F|  |TAMS 0x00000000be200000| PB 0x00000000be200000| Untracked 
| 995|0x00000000be300000, 0x00000000be300000, 0x00000000be400000|  0%| F|  |TAMS 0x00000000be300000| PB 0x00000000be300000| Untracked 
| 996|0x00000000be400000, 0x00000000be400000, 0x00000000be500000|  0%| F|  |TAMS 0x00000000be400000| PB 0x00000000be400000| Untracked 
| 997|0x00000000be500000, 0x00000000be500000, 0x00000000be600000|  0%| F|  |TAMS 0x00000000be500000| PB 0x00000000be500000| Untracked 
| 998|0x00000000be600000, 0x00000000be600000, 0x00000000be700000|  0%| F|  |TAMS 0x00000000be600000| PB 0x00000000be600000| Untracked 
| 999|0x00000000be700000, 0x00000000be700000, 0x00000000be800000|  0%| F|  |TAMS 0x00000000be700000| PB 0x00000000be700000| Untracked 
|1000|0x00000000be800000, 0x00000000be800000, 0x00000000be900000|  0%| F|  |TAMS 0x00000000be800000| PB 0x00000000be800000| Untracked 
|1001|0x00000000be900000, 0x00000000be900000, 0x00000000bea00000|  0%| F|  |TAMS 0x00000000be900000| PB 0x00000000be900000| Untracked 
|1002|0x00000000bea00000, 0x00000000bea00000, 0x00000000beb00000|  0%| F|  |TAMS 0x00000000bea00000| PB 0x00000000bea00000| Untracked 
|1003|0x00000000beb00000, 0x00000000beb00000, 0x00000000bec00000|  0%| F|  |TAMS 0x00000000beb00000| PB 0x00000000beb00000| Untracked 
|1004|0x00000000bec00000, 0x00000000bec00000, 0x00000000bed00000|  0%| F|  |TAMS 0x00000000bec00000| PB 0x00000000bec00000| Untracked 
|1005|0x00000000bed00000, 0x00000000bed00000, 0x00000000bee00000|  0%| F|  |TAMS 0x00000000bed00000| PB 0x00000000bed00000| Untracked 
|1006|0x00000000bee00000, 0x00000000bee00000, 0x00000000bef00000|  0%| F|  |TAMS 0x00000000bee00000| PB 0x00000000bee00000| Untracked 
|1007|0x00000000bef00000, 0x00000000bef00000, 0x00000000bf000000|  0%| F|  |TAMS 0x00000000bef00000| PB 0x00000000bef00000| Untracked 
|1008|0x00000000bf000000, 0x00000000bf000000, 0x00000000bf100000|  0%| F|  |TAMS 0x00000000bf000000| PB 0x00000000bf000000| Untracked 
|1009|0x00000000bf100000, 0x00000000bf100000, 0x00000000bf200000|  0%| F|  |TAMS 0x00000000bf100000| PB 0x00000000bf100000| Untracked 
|1010|0x00000000bf200000, 0x00000000bf200000, 0x00000000bf300000|  0%| F|  |TAMS 0x00000000bf200000| PB 0x00000000bf200000| Untracked 
|1011|0x00000000bf300000, 0x00000000bf300000, 0x00000000bf400000|  0%| F|  |TAMS 0x00000000bf300000| PB 0x00000000bf300000| Untracked 
|1012|0x00000000bf400000, 0x00000000bf400000, 0x00000000bf500000|  0%| F|  |TAMS 0x00000000bf400000| PB 0x00000000bf400000| Untracked 
|1013|0x00000000bf500000, 0x00000000bf500000, 0x00000000bf600000|  0%| F|  |TAMS 0x00000000bf500000| PB 0x00000000bf500000| Untracked 
|1014|0x00000000bf600000, 0x00000000bf600000, 0x00000000bf700000|  0%| F|  |TAMS 0x00000000bf600000| PB 0x00000000bf600000| Untracked 
|1015|0x00000000bf700000, 0x00000000bf700000, 0x00000000bf800000|  0%| F|  |TAMS 0x00000000bf700000| PB 0x00000000bf700000| Untracked 
|1016|0x00000000bf800000, 0x00000000bf800000, 0x00000000bf900000|  0%| F|  |TAMS 0x00000000bf800000| PB 0x00000000bf800000| Untracked 
|1017|0x00000000bf900000, 0x00000000bf900000, 0x00000000bfa00000|  0%| F|  |TAMS 0x00000000bf900000| PB 0x00000000bf900000| Untracked 
|1018|0x00000000bfa00000, 0x00000000bfa00000, 0x00000000bfb00000|  0%| F|  |TAMS 0x00000000bfa00000| PB 0x00000000bfa00000| Untracked 
|1019|0x00000000bfb00000, 0x00000000bfb00000, 0x00000000bfc00000|  0%| F|  |TAMS 0x00000000bfb00000| PB 0x00000000bfb00000| Untracked 
|1020|0x00000000bfc00000, 0x00000000bfc00000, 0x00000000bfd00000|  0%| F|  |TAMS 0x00000000bfc00000| PB 0x00000000bfc00000| Untracked 
|1021|0x00000000bfd00000, 0x00000000bfd00000, 0x00000000bfe00000|  0%| F|  |TAMS 0x00000000bfd00000| PB 0x00000000bfd00000| Untracked 
|1022|0x00000000bfe00000, 0x00000000bfe00000, 0x00000000bff00000|  0%| F|  |TAMS 0x00000000bfe00000| PB 0x00000000bfe00000| Untracked 
|1023|0x00000000bff00000, 0x00000000bff00000, 0x00000000c0000000|  0%| F|  |TAMS 0x00000000bff00000| PB 0x00000000bff00000| Untracked 
|1024|0x00000000c0000000, 0x00000000c0000000, 0x00000000c0100000|  0%| F|  |TAMS 0x00000000c0000000| PB 0x00000000c0000000| Untracked 
|1025|0x00000000c0100000, 0x00000000c0100000, 0x00000000c0200000|  0%| F|  |TAMS 0x00000000c0100000| PB 0x00000000c0100000| Untracked 
|1026|0x00000000c0200000, 0x00000000c0200000, 0x00000000c0300000|  0%| F|  |TAMS 0x00000000c0200000| PB 0x00000000c0200000| Untracked 
|1027|0x00000000c0300000, 0x00000000c0300000, 0x00000000c0400000|  0%| F|  |TAMS 0x00000000c0300000| PB 0x00000000c0300000| Untracked 
|1028|0x00000000c0400000, 0x00000000c0400000, 0x00000000c0500000|  0%| F|  |TAMS 0x00000000c0400000| PB 0x00000000c0400000| Untracked 
|1029|0x00000000c0500000, 0x00000000c0500000, 0x00000000c0600000|  0%| F|  |TAMS 0x00000000c0500000| PB 0x00000000c0500000| Untracked 
|1030|0x00000000c0600000, 0x00000000c0600000, 0x00000000c0700000|  0%| F|  |TAMS 0x00000000c0600000| PB 0x00000000c0600000| Untracked 
|1031|0x00000000c0700000, 0x00000000c0700000, 0x00000000c0800000|  0%| F|  |TAMS 0x00000000c0700000| PB 0x00000000c0700000| Untracked 
|1032|0x00000000c0800000, 0x00000000c0800000, 0x00000000c0900000|  0%| F|  |TAMS 0x00000000c0800000| PB 0x00000000c0800000| Untracked 
|1033|0x00000000c0900000, 0x00000000c0900000, 0x00000000c0a00000|  0%| F|  |TAMS 0x00000000c0900000| PB 0x00000000c0900000| Untracked 
|1034|0x00000000c0a00000, 0x00000000c0a00000, 0x00000000c0b00000|  0%| F|  |TAMS 0x00000000c0a00000| PB 0x00000000c0a00000| Untracked 
|1035|0x00000000c0b00000, 0x00000000c0b00000, 0x00000000c0c00000|  0%| F|  |TAMS 0x00000000c0b00000| PB 0x00000000c0b00000| Untracked 
|1036|0x00000000c0c00000, 0x00000000c0c00000, 0x00000000c0d00000|  0%| F|  |TAMS 0x00000000c0c00000| PB 0x00000000c0c00000| Untracked 
|1037|0x00000000c0d00000, 0x00000000c0d00000, 0x00000000c0e00000|  0%| F|  |TAMS 0x00000000c0d00000| PB 0x00000000c0d00000| Untracked 
|1038|0x00000000c0e00000, 0x00000000c0e00000, 0x00000000c0f00000|  0%| F|  |TAMS 0x00000000c0e00000| PB 0x00000000c0e00000| Untracked 
|1039|0x00000000c0f00000, 0x00000000c0f00000, 0x00000000c1000000|  0%| F|  |TAMS 0x00000000c0f00000| PB 0x00000000c0f00000| Untracked 
|1040|0x00000000c1000000, 0x00000000c1000000, 0x00000000c1100000|  0%| F|  |TAMS 0x00000000c1000000| PB 0x00000000c1000000| Untracked 
|1041|0x00000000c1100000, 0x00000000c1100000, 0x00000000c1200000|  0%| F|  |TAMS 0x00000000c1100000| PB 0x00000000c1100000| Untracked 
|1042|0x00000000c1200000, 0x00000000c1200000, 0x00000000c1300000|  0%| F|  |TAMS 0x00000000c1200000| PB 0x00000000c1200000| Untracked 
|1043|0x00000000c1300000, 0x00000000c1300000, 0x00000000c1400000|  0%| F|  |TAMS 0x00000000c1300000| PB 0x00000000c1300000| Untracked 
|1044|0x00000000c1400000, 0x00000000c1400000, 0x00000000c1500000|  0%| F|  |TAMS 0x00000000c1400000| PB 0x00000000c1400000| Untracked 
|1045|0x00000000c1500000, 0x00000000c1500000, 0x00000000c1600000|  0%| F|  |TAMS 0x00000000c1500000| PB 0x00000000c1500000| Untracked 
|1046|0x00000000c1600000, 0x00000000c1600000, 0x00000000c1700000|  0%| F|  |TAMS 0x00000000c1600000| PB 0x00000000c1600000| Untracked 
|1047|0x00000000c1700000, 0x00000000c1700000, 0x00000000c1800000|  0%| F|  |TAMS 0x00000000c1700000| PB 0x00000000c1700000| Untracked 
|1048|0x00000000c1800000, 0x00000000c1800000, 0x00000000c1900000|  0%| F|  |TAMS 0x00000000c1800000| PB 0x00000000c1800000| Untracked 
|1049|0x00000000c1900000, 0x00000000c1900000, 0x00000000c1a00000|  0%| F|  |TAMS 0x00000000c1900000| PB 0x00000000c1900000| Untracked 
|1050|0x00000000c1a00000, 0x00000000c1a00000, 0x00000000c1b00000|  0%| F|  |TAMS 0x00000000c1a00000| PB 0x00000000c1a00000| Untracked 
|1051|0x00000000c1b00000, 0x00000000c1b00000, 0x00000000c1c00000|  0%| F|  |TAMS 0x00000000c1b00000| PB 0x00000000c1b00000| Untracked 
|1052|0x00000000c1c00000, 0x00000000c1c00000, 0x00000000c1d00000|  0%| F|  |TAMS 0x00000000c1c00000| PB 0x00000000c1c00000| Untracked 
|1053|0x00000000c1d00000, 0x00000000c1d00000, 0x00000000c1e00000|  0%| F|  |TAMS 0x00000000c1d00000| PB 0x00000000c1d00000| Untracked 
|1054|0x00000000c1e00000, 0x00000000c1e00000, 0x00000000c1f00000|  0%| F|  |TAMS 0x00000000c1e00000| PB 0x00000000c1e00000| Untracked 
|1055|0x00000000c1f00000, 0x00000000c1f00000, 0x00000000c2000000|  0%| F|  |TAMS 0x00000000c1f00000| PB 0x00000000c1f00000| Untracked 
|1056|0x00000000c2000000, 0x00000000c2000000, 0x00000000c2100000|  0%| F|  |TAMS 0x00000000c2000000| PB 0x00000000c2000000| Untracked 
|1057|0x00000000c2100000, 0x00000000c2100000, 0x00000000c2200000|  0%| F|  |TAMS 0x00000000c2100000| PB 0x00000000c2100000| Untracked 
|1058|0x00000000c2200000, 0x00000000c2200000, 0x00000000c2300000|  0%| F|  |TAMS 0x00000000c2200000| PB 0x00000000c2200000| Untracked 
|1059|0x00000000c2300000, 0x00000000c2300000, 0x00000000c2400000|  0%| F|  |TAMS 0x00000000c2300000| PB 0x00000000c2300000| Untracked 
|1060|0x00000000c2400000, 0x00000000c2400000, 0x00000000c2500000|  0%| F|  |TAMS 0x00000000c2400000| PB 0x00000000c2400000| Untracked 
|1061|0x00000000c2500000, 0x00000000c2500000, 0x00000000c2600000|  0%| F|  |TAMS 0x00000000c2500000| PB 0x00000000c2500000| Untracked 
|1062|0x00000000c2600000, 0x00000000c2600000, 0x00000000c2700000|  0%| F|  |TAMS 0x00000000c2600000| PB 0x00000000c2600000| Untracked 
|1063|0x00000000c2700000, 0x00000000c2700000, 0x00000000c2800000|  0%| F|  |TAMS 0x00000000c2700000| PB 0x00000000c2700000| Untracked 
|1064|0x00000000c2800000, 0x00000000c2800000, 0x00000000c2900000|  0%| F|  |TAMS 0x00000000c2800000| PB 0x00000000c2800000| Untracked 
|1065|0x00000000c2900000, 0x00000000c2900000, 0x00000000c2a00000|  0%| F|  |TAMS 0x00000000c2900000| PB 0x00000000c2900000| Untracked 
|1066|0x00000000c2a00000, 0x00000000c2a00000, 0x00000000c2b00000|  0%| F|  |TAMS 0x00000000c2a00000| PB 0x00000000c2a00000| Untracked 
|1067|0x00000000c2b00000, 0x00000000c2b00000, 0x00000000c2c00000|  0%| F|  |TAMS 0x00000000c2b00000| PB 0x00000000c2b00000| Untracked 
|1068|0x00000000c2c00000, 0x00000000c2c00000, 0x00000000c2d00000|  0%| F|  |TAMS 0x00000000c2c00000| PB 0x00000000c2c00000| Untracked 
|1069|0x00000000c2d00000, 0x00000000c2d00000, 0x00000000c2e00000|  0%| F|  |TAMS 0x00000000c2d00000| PB 0x00000000c2d00000| Untracked 
|1070|0x00000000c2e00000, 0x00000000c2e00000, 0x00000000c2f00000|  0%| F|  |TAMS 0x00000000c2e00000| PB 0x00000000c2e00000| Untracked 
|1071|0x00000000c2f00000, 0x00000000c2f00000, 0x00000000c3000000|  0%| F|  |TAMS 0x00000000c2f00000| PB 0x00000000c2f00000| Untracked 
|1072|0x00000000c3000000, 0x00000000c3000000, 0x00000000c3100000|  0%| F|  |TAMS 0x00000000c3000000| PB 0x00000000c3000000| Untracked 
|1073|0x00000000c3100000, 0x00000000c3100000, 0x00000000c3200000|  0%| F|  |TAMS 0x00000000c3100000| PB 0x00000000c3100000| Untracked 
|1074|0x00000000c3200000, 0x00000000c3200000, 0x00000000c3300000|  0%| F|  |TAMS 0x00000000c3200000| PB 0x00000000c3200000| Untracked 
|1075|0x00000000c3300000, 0x00000000c3300000, 0x00000000c3400000|  0%| F|  |TAMS 0x00000000c3300000| PB 0x00000000c3300000| Untracked 
|1076|0x00000000c3400000, 0x00000000c3400000, 0x00000000c3500000|  0%| F|  |TAMS 0x00000000c3400000| PB 0x00000000c3400000| Untracked 
|1077|0x00000000c3500000, 0x00000000c3500000, 0x00000000c3600000|  0%| F|  |TAMS 0x00000000c3500000| PB 0x00000000c3500000| Untracked 
|1078|0x00000000c3600000, 0x00000000c3600000, 0x00000000c3700000|  0%| F|  |TAMS 0x00000000c3600000| PB 0x00000000c3600000| Untracked 
|1079|0x00000000c3700000, 0x00000000c3700000, 0x00000000c3800000|  0%| F|  |TAMS 0x00000000c3700000| PB 0x00000000c3700000| Untracked 
|1080|0x00000000c3800000, 0x00000000c3800000, 0x00000000c3900000|  0%| F|  |TAMS 0x00000000c3800000| PB 0x00000000c3800000| Untracked 
|1081|0x00000000c3900000, 0x00000000c3900000, 0x00000000c3a00000|  0%| F|  |TAMS 0x00000000c3900000| PB 0x00000000c3900000| Untracked 
|1082|0x00000000c3a00000, 0x00000000c3a00000, 0x00000000c3b00000|  0%| F|  |TAMS 0x00000000c3a00000| PB 0x00000000c3a00000| Untracked 
|1083|0x00000000c3b00000, 0x00000000c3b00000, 0x00000000c3c00000|  0%| F|  |TAMS 0x00000000c3b00000| PB 0x00000000c3b00000| Untracked 
|1084|0x00000000c3c00000, 0x00000000c3c00000, 0x00000000c3d00000|  0%| F|  |TAMS 0x00000000c3c00000| PB 0x00000000c3c00000| Untracked 
|1085|0x00000000c3d00000, 0x00000000c3d00000, 0x00000000c3e00000|  0%| F|  |TAMS 0x00000000c3d00000| PB 0x00000000c3d00000| Untracked 
|1086|0x00000000c3e00000, 0x00000000c3e00000, 0x00000000c3f00000|  0%| F|  |TAMS 0x00000000c3e00000| PB 0x00000000c3e00000| Untracked 
|1087|0x00000000c3f00000, 0x00000000c3f00000, 0x00000000c4000000|  0%| F|  |TAMS 0x00000000c3f00000| PB 0x00000000c3f00000| Untracked 
|1088|0x00000000c4000000, 0x00000000c4000000, 0x00000000c4100000|  0%| F|  |TAMS 0x00000000c4000000| PB 0x00000000c4000000| Untracked 
|1089|0x00000000c4100000, 0x00000000c4100000, 0x00000000c4200000|  0%| F|  |TAMS 0x00000000c4100000| PB 0x00000000c4100000| Untracked 
|1090|0x00000000c4200000, 0x00000000c4200000, 0x00000000c4300000|  0%| F|  |TAMS 0x00000000c4200000| PB 0x00000000c4200000| Untracked 
|1091|0x00000000c4300000, 0x00000000c4300000, 0x00000000c4400000|  0%| F|  |TAMS 0x00000000c4300000| PB 0x00000000c4300000| Untracked 
|1092|0x00000000c4400000, 0x00000000c4400000, 0x00000000c4500000|  0%| F|  |TAMS 0x00000000c4400000| PB 0x00000000c4400000| Untracked 
|1093|0x00000000c4500000, 0x00000000c4500000, 0x00000000c4600000|  0%| F|  |TAMS 0x00000000c4500000| PB 0x00000000c4500000| Untracked 
|1094|0x00000000c4600000, 0x00000000c4600000, 0x00000000c4700000|  0%| F|  |TAMS 0x00000000c4600000| PB 0x00000000c4600000| Untracked 
|1095|0x00000000c4700000, 0x00000000c4700000, 0x00000000c4800000|  0%| F|  |TAMS 0x00000000c4700000| PB 0x00000000c4700000| Untracked 
|1096|0x00000000c4800000, 0x00000000c4800000, 0x00000000c4900000|  0%| F|  |TAMS 0x00000000c4800000| PB 0x00000000c4800000| Untracked 
|1097|0x00000000c4900000, 0x00000000c4900000, 0x00000000c4a00000|  0%| F|  |TAMS 0x00000000c4900000| PB 0x00000000c4900000| Untracked 
|1098|0x00000000c4a00000, 0x00000000c4a00000, 0x00000000c4b00000|  0%| F|  |TAMS 0x00000000c4a00000| PB 0x00000000c4a00000| Untracked 
|1099|0x00000000c4b00000, 0x00000000c4b00000, 0x00000000c4c00000|  0%| F|  |TAMS 0x00000000c4b00000| PB 0x00000000c4b00000| Untracked 
|1100|0x00000000c4c00000, 0x00000000c4c00000, 0x00000000c4d00000|  0%| F|  |TAMS 0x00000000c4c00000| PB 0x00000000c4c00000| Untracked 
|1101|0x00000000c4d00000, 0x00000000c4d00000, 0x00000000c4e00000|  0%| F|  |TAMS 0x00000000c4d00000| PB 0x00000000c4d00000| Untracked 
|1102|0x00000000c4e00000, 0x00000000c4e00000, 0x00000000c4f00000|  0%| F|  |TAMS 0x00000000c4e00000| PB 0x00000000c4e00000| Untracked 
|1103|0x00000000c4f00000, 0x00000000c4f00000, 0x00000000c5000000|  0%| F|  |TAMS 0x00000000c4f00000| PB 0x00000000c4f00000| Untracked 
|1104|0x00000000c5000000, 0x00000000c5000000, 0x00000000c5100000|  0%| F|  |TAMS 0x00000000c5000000| PB 0x00000000c5000000| Untracked 
|1105|0x00000000c5100000, 0x00000000c5100000, 0x00000000c5200000|  0%| F|  |TAMS 0x00000000c5100000| PB 0x00000000c5100000| Untracked 
|1106|0x00000000c5200000, 0x00000000c5200000, 0x00000000c5300000|  0%| F|  |TAMS 0x00000000c5200000| PB 0x00000000c5200000| Untracked 
|1107|0x00000000c5300000, 0x00000000c5300000, 0x00000000c5400000|  0%| F|  |TAMS 0x00000000c5300000| PB 0x00000000c5300000| Untracked 
|1108|0x00000000c5400000, 0x00000000c5400000, 0x00000000c5500000|  0%| F|  |TAMS 0x00000000c5400000| PB 0x00000000c5400000| Untracked 
|1109|0x00000000c5500000, 0x00000000c5500000, 0x00000000c5600000|  0%| F|  |TAMS 0x00000000c5500000| PB 0x00000000c5500000| Untracked 
|1110|0x00000000c5600000, 0x00000000c5600000, 0x00000000c5700000|  0%| F|  |TAMS 0x00000000c5600000| PB 0x00000000c5600000| Untracked 
|1111|0x00000000c5700000, 0x00000000c5700000, 0x00000000c5800000|  0%| F|  |TAMS 0x00000000c5700000| PB 0x00000000c5700000| Untracked 
|1112|0x00000000c5800000, 0x00000000c5800000, 0x00000000c5900000|  0%| F|  |TAMS 0x00000000c5800000| PB 0x00000000c5800000| Untracked 
|1113|0x00000000c5900000, 0x00000000c5900000, 0x00000000c5a00000|  0%| F|  |TAMS 0x00000000c5900000| PB 0x00000000c5900000| Untracked 
|1114|0x00000000c5a00000, 0x00000000c5a00000, 0x00000000c5b00000|  0%| F|  |TAMS 0x00000000c5a00000| PB 0x00000000c5a00000| Untracked 
|1115|0x00000000c5b00000, 0x00000000c5b00000, 0x00000000c5c00000|  0%| F|  |TAMS 0x00000000c5b00000| PB 0x00000000c5b00000| Untracked 
|1116|0x00000000c5c00000, 0x00000000c5c00000, 0x00000000c5d00000|  0%| F|  |TAMS 0x00000000c5c00000| PB 0x00000000c5c00000| Untracked 
|1117|0x00000000c5d00000, 0x00000000c5d00000, 0x00000000c5e00000|  0%| F|  |TAMS 0x00000000c5d00000| PB 0x00000000c5d00000| Untracked 
|1118|0x00000000c5e00000, 0x00000000c5e00000, 0x00000000c5f00000|  0%| F|  |TAMS 0x00000000c5e00000| PB 0x00000000c5e00000| Untracked 
|1119|0x00000000c5f00000, 0x00000000c5f00000, 0x00000000c6000000|  0%| F|  |TAMS 0x00000000c5f00000| PB 0x00000000c5f00000| Untracked 
|1120|0x00000000c6000000, 0x00000000c6000000, 0x00000000c6100000|  0%| F|  |TAMS 0x00000000c6000000| PB 0x00000000c6000000| Untracked 
|1121|0x00000000c6100000, 0x00000000c6100000, 0x00000000c6200000|  0%| F|  |TAMS 0x00000000c6100000| PB 0x00000000c6100000| Untracked 
|1122|0x00000000c6200000, 0x00000000c6200000, 0x00000000c6300000|  0%| F|  |TAMS 0x00000000c6200000| PB 0x00000000c6200000| Untracked 
|1123|0x00000000c6300000, 0x00000000c6300000, 0x00000000c6400000|  0%| F|  |TAMS 0x00000000c6300000| PB 0x00000000c6300000| Untracked 
|1124|0x00000000c6400000, 0x00000000c6400000, 0x00000000c6500000|  0%| F|  |TAMS 0x00000000c6400000| PB 0x00000000c6400000| Untracked 
|1125|0x00000000c6500000, 0x00000000c6500000, 0x00000000c6600000|  0%| F|  |TAMS 0x00000000c6500000| PB 0x00000000c6500000| Untracked 
|1126|0x00000000c6600000, 0x00000000c6600000, 0x00000000c6700000|  0%| F|  |TAMS 0x00000000c6600000| PB 0x00000000c6600000| Untracked 
|1127|0x00000000c6700000, 0x00000000c6700000, 0x00000000c6800000|  0%| F|  |TAMS 0x00000000c6700000| PB 0x00000000c6700000| Untracked 
|1128|0x00000000c6800000, 0x00000000c6800000, 0x00000000c6900000|  0%| F|  |TAMS 0x00000000c6800000| PB 0x00000000c6800000| Untracked 
|1129|0x00000000c6900000, 0x00000000c6900000, 0x00000000c6a00000|  0%| F|  |TAMS 0x00000000c6900000| PB 0x00000000c6900000| Untracked 
|1130|0x00000000c6a00000, 0x00000000c6a00000, 0x00000000c6b00000|  0%| F|  |TAMS 0x00000000c6a00000| PB 0x00000000c6a00000| Untracked 
|1131|0x00000000c6b00000, 0x00000000c6b00000, 0x00000000c6c00000|  0%| F|  |TAMS 0x00000000c6b00000| PB 0x00000000c6b00000| Untracked 
|1132|0x00000000c6c00000, 0x00000000c6c00000, 0x00000000c6d00000|  0%| F|  |TAMS 0x00000000c6c00000| PB 0x00000000c6c00000| Untracked 
|1133|0x00000000c6d00000, 0x00000000c6d00000, 0x00000000c6e00000|  0%| F|  |TAMS 0x00000000c6d00000| PB 0x00000000c6d00000| Untracked 
|1134|0x00000000c6e00000, 0x00000000c6e00000, 0x00000000c6f00000|  0%| F|  |TAMS 0x00000000c6e00000| PB 0x00000000c6e00000| Untracked 
|1135|0x00000000c6f00000, 0x00000000c6f00000, 0x00000000c7000000|  0%| F|  |TAMS 0x00000000c6f00000| PB 0x00000000c6f00000| Untracked 
|1136|0x00000000c7000000, 0x00000000c7000000, 0x00000000c7100000|  0%| F|  |TAMS 0x00000000c7000000| PB 0x00000000c7000000| Untracked 
|1137|0x00000000c7100000, 0x00000000c7100000, 0x00000000c7200000|  0%| F|  |TAMS 0x00000000c7100000| PB 0x00000000c7100000| Untracked 
|1138|0x00000000c7200000, 0x00000000c7200000, 0x00000000c7300000|  0%| F|  |TAMS 0x00000000c7200000| PB 0x00000000c7200000| Untracked 
|1139|0x00000000c7300000, 0x00000000c7300000, 0x00000000c7400000|  0%| F|  |TAMS 0x00000000c7300000| PB 0x00000000c7300000| Untracked 
|1140|0x00000000c7400000, 0x00000000c7400000, 0x00000000c7500000|  0%| F|  |TAMS 0x00000000c7400000| PB 0x00000000c7400000| Untracked 
|1141|0x00000000c7500000, 0x00000000c7500000, 0x00000000c7600000|  0%| F|  |TAMS 0x00000000c7500000| PB 0x00000000c7500000| Untracked 
|1142|0x00000000c7600000, 0x00000000c7600000, 0x00000000c7700000|  0%| F|  |TAMS 0x00000000c7600000| PB 0x00000000c7600000| Untracked 
|1143|0x00000000c7700000, 0x00000000c7700000, 0x00000000c7800000|  0%| F|  |TAMS 0x00000000c7700000| PB 0x00000000c7700000| Untracked 
|1144|0x00000000c7800000, 0x00000000c7800000, 0x00000000c7900000|  0%| F|  |TAMS 0x00000000c7800000| PB 0x00000000c7800000| Untracked 
|1145|0x00000000c7900000, 0x00000000c7900000, 0x00000000c7a00000|  0%| F|  |TAMS 0x00000000c7900000| PB 0x00000000c7900000| Untracked 
|1146|0x00000000c7a00000, 0x00000000c7a00000, 0x00000000c7b00000|  0%| F|  |TAMS 0x00000000c7a00000| PB 0x00000000c7a00000| Untracked 
|1147|0x00000000c7b00000, 0x00000000c7b00000, 0x00000000c7c00000|  0%| F|  |TAMS 0x00000000c7b00000| PB 0x00000000c7b00000| Untracked 
|1148|0x00000000c7c00000, 0x00000000c7c00000, 0x00000000c7d00000|  0%| F|  |TAMS 0x00000000c7c00000| PB 0x00000000c7c00000| Untracked 
|1149|0x00000000c7d00000, 0x00000000c7d00000, 0x00000000c7e00000|  0%| F|  |TAMS 0x00000000c7d00000| PB 0x00000000c7d00000| Untracked 
|1150|0x00000000c7e00000, 0x00000000c7e00000, 0x00000000c7f00000|  0%| F|  |TAMS 0x00000000c7e00000| PB 0x00000000c7e00000| Untracked 
|1151|0x00000000c7f00000, 0x00000000c7f00000, 0x00000000c8000000|  0%| F|  |TAMS 0x00000000c7f00000| PB 0x00000000c7f00000| Untracked 
|1152|0x00000000c8000000, 0x00000000c8000000, 0x00000000c8100000|  0%| F|  |TAMS 0x00000000c8000000| PB 0x00000000c8000000| Untracked 
|1153|0x00000000c8100000, 0x00000000c8100000, 0x00000000c8200000|  0%| F|  |TAMS 0x00000000c8100000| PB 0x00000000c8100000| Untracked 
|1154|0x00000000c8200000, 0x00000000c8200000, 0x00000000c8300000|  0%| F|  |TAMS 0x00000000c8200000| PB 0x00000000c8200000| Untracked 
|1155|0x00000000c8300000, 0x00000000c8300000, 0x00000000c8400000|  0%| F|  |TAMS 0x00000000c8300000| PB 0x00000000c8300000| Untracked 
|1156|0x00000000c8400000, 0x00000000c8400000, 0x00000000c8500000|  0%| F|  |TAMS 0x00000000c8400000| PB 0x00000000c8400000| Untracked 
|1157|0x00000000c8500000, 0x00000000c8500000, 0x00000000c8600000|  0%| F|  |TAMS 0x00000000c8500000| PB 0x00000000c8500000| Untracked 
|1158|0x00000000c8600000, 0x00000000c8600000, 0x00000000c8700000|  0%| F|  |TAMS 0x00000000c8600000| PB 0x00000000c8600000| Untracked 
|1159|0x00000000c8700000, 0x00000000c8700000, 0x00000000c8800000|  0%| F|  |TAMS 0x00000000c8700000| PB 0x00000000c8700000| Untracked 
|1160|0x00000000c8800000, 0x00000000c8800000, 0x00000000c8900000|  0%| F|  |TAMS 0x00000000c8800000| PB 0x00000000c8800000| Untracked 
|1161|0x00000000c8900000, 0x00000000c8900000, 0x00000000c8a00000|  0%| F|  |TAMS 0x00000000c8900000| PB 0x00000000c8900000| Untracked 
|1162|0x00000000c8a00000, 0x00000000c8a00000, 0x00000000c8b00000|  0%| F|  |TAMS 0x00000000c8a00000| PB 0x00000000c8a00000| Untracked 
|1163|0x00000000c8b00000, 0x00000000c8b00000, 0x00000000c8c00000|  0%| F|  |TAMS 0x00000000c8b00000| PB 0x00000000c8b00000| Untracked 
|1164|0x00000000c8c00000, 0x00000000c8c00000, 0x00000000c8d00000|  0%| F|  |TAMS 0x00000000c8c00000| PB 0x00000000c8c00000| Untracked 
|1165|0x00000000c8d00000, 0x00000000c8d00000, 0x00000000c8e00000|  0%| F|  |TAMS 0x00000000c8d00000| PB 0x00000000c8d00000| Untracked 
|1166|0x00000000c8e00000, 0x00000000c8e00000, 0x00000000c8f00000|  0%| F|  |TAMS 0x00000000c8e00000| PB 0x00000000c8e00000| Untracked 
|1167|0x00000000c8f00000, 0x00000000c8f00000, 0x00000000c9000000|  0%| F|  |TAMS 0x00000000c8f00000| PB 0x00000000c8f00000| Untracked 
|1168|0x00000000c9000000, 0x00000000c9000000, 0x00000000c9100000|  0%| F|  |TAMS 0x00000000c9000000| PB 0x00000000c9000000| Untracked 
|1169|0x00000000c9100000, 0x00000000c9100000, 0x00000000c9200000|  0%| F|  |TAMS 0x00000000c9100000| PB 0x00000000c9100000| Untracked 
|1170|0x00000000c9200000, 0x00000000c9200000, 0x00000000c9300000|  0%| F|  |TAMS 0x00000000c9200000| PB 0x00000000c9200000| Untracked 
|1171|0x00000000c9300000, 0x00000000c9300000, 0x00000000c9400000|  0%| F|  |TAMS 0x00000000c9300000| PB 0x00000000c9300000| Untracked 
|1172|0x00000000c9400000, 0x00000000c9400000, 0x00000000c9500000|  0%| F|  |TAMS 0x00000000c9400000| PB 0x00000000c9400000| Untracked 
|1173|0x00000000c9500000, 0x00000000c9500000, 0x00000000c9600000|  0%| F|  |TAMS 0x00000000c9500000| PB 0x00000000c9500000| Untracked 
|1174|0x00000000c9600000, 0x00000000c9600000, 0x00000000c9700000|  0%| F|  |TAMS 0x00000000c9600000| PB 0x00000000c9600000| Untracked 
|1175|0x00000000c9700000, 0x00000000c9700000, 0x00000000c9800000|  0%| F|  |TAMS 0x00000000c9700000| PB 0x00000000c9700000| Untracked 
|1176|0x00000000c9800000, 0x00000000c9800000, 0x00000000c9900000|  0%| F|  |TAMS 0x00000000c9800000| PB 0x00000000c9800000| Untracked 
|1177|0x00000000c9900000, 0x00000000c9900000, 0x00000000c9a00000|  0%| F|  |TAMS 0x00000000c9900000| PB 0x00000000c9900000| Untracked 
|1178|0x00000000c9a00000, 0x00000000c9a00000, 0x00000000c9b00000|  0%| F|  |TAMS 0x00000000c9a00000| PB 0x00000000c9a00000| Untracked 
|1179|0x00000000c9b00000, 0x00000000c9b00000, 0x00000000c9c00000|  0%| F|  |TAMS 0x00000000c9b00000| PB 0x00000000c9b00000| Untracked 
|1180|0x00000000c9c00000, 0x00000000c9c00000, 0x00000000c9d00000|  0%| F|  |TAMS 0x00000000c9c00000| PB 0x00000000c9c00000| Untracked 
|1181|0x00000000c9d00000, 0x00000000c9d00000, 0x00000000c9e00000|  0%| F|  |TAMS 0x00000000c9d00000| PB 0x00000000c9d00000| Untracked 
|1182|0x00000000c9e00000, 0x00000000c9e00000, 0x00000000c9f00000|  0%| F|  |TAMS 0x00000000c9e00000| PB 0x00000000c9e00000| Untracked 
|1183|0x00000000c9f00000, 0x00000000c9f00000, 0x00000000ca000000|  0%| F|  |TAMS 0x00000000c9f00000| PB 0x00000000c9f00000| Untracked 
|1184|0x00000000ca000000, 0x00000000ca000000, 0x00000000ca100000|  0%| F|  |TAMS 0x00000000ca000000| PB 0x00000000ca000000| Untracked 
|1185|0x00000000ca100000, 0x00000000ca100000, 0x00000000ca200000|  0%| F|  |TAMS 0x00000000ca100000| PB 0x00000000ca100000| Untracked 
|1186|0x00000000ca200000, 0x00000000ca200000, 0x00000000ca300000|  0%| F|  |TAMS 0x00000000ca200000| PB 0x00000000ca200000| Untracked 
|1187|0x00000000ca300000, 0x00000000ca300000, 0x00000000ca400000|  0%| F|  |TAMS 0x00000000ca300000| PB 0x00000000ca300000| Untracked 
|1188|0x00000000ca400000, 0x00000000ca400000, 0x00000000ca500000|  0%| F|  |TAMS 0x00000000ca400000| PB 0x00000000ca400000| Untracked 
|1189|0x00000000ca500000, 0x00000000ca500000, 0x00000000ca600000|  0%| F|  |TAMS 0x00000000ca500000| PB 0x00000000ca500000| Untracked 
|1190|0x00000000ca600000, 0x00000000ca600000, 0x00000000ca700000|  0%| F|  |TAMS 0x00000000ca600000| PB 0x00000000ca600000| Untracked 
|1191|0x00000000ca700000, 0x00000000ca700000, 0x00000000ca800000|  0%| F|  |TAMS 0x00000000ca700000| PB 0x00000000ca700000| Untracked 
|1192|0x00000000ca800000, 0x00000000ca800000, 0x00000000ca900000|  0%| F|  |TAMS 0x00000000ca800000| PB 0x00000000ca800000| Untracked 
|1193|0x00000000ca900000, 0x00000000ca900000, 0x00000000caa00000|  0%| F|  |TAMS 0x00000000ca900000| PB 0x00000000ca900000| Untracked 
|1194|0x00000000caa00000, 0x00000000caa00000, 0x00000000cab00000|  0%| F|  |TAMS 0x00000000caa00000| PB 0x00000000caa00000| Untracked 
|1195|0x00000000cab00000, 0x00000000cab00000, 0x00000000cac00000|  0%| F|  |TAMS 0x00000000cab00000| PB 0x00000000cab00000| Untracked 
|1196|0x00000000cac00000, 0x00000000cac00000, 0x00000000cad00000|  0%| F|  |TAMS 0x00000000cac00000| PB 0x00000000cac00000| Untracked 
|1197|0x00000000cad00000, 0x00000000cad00000, 0x00000000cae00000|  0%| F|  |TAMS 0x00000000cad00000| PB 0x00000000cad00000| Untracked 
|1198|0x00000000cae00000, 0x00000000cae00000, 0x00000000caf00000|  0%| F|  |TAMS 0x00000000cae00000| PB 0x00000000cae00000| Untracked 
|1199|0x00000000caf00000, 0x00000000caf00000, 0x00000000cb000000|  0%| F|  |TAMS 0x00000000caf00000| PB 0x00000000caf00000| Untracked 
|1200|0x00000000cb000000, 0x00000000cb000000, 0x00000000cb100000|  0%| F|  |TAMS 0x00000000cb000000| PB 0x00000000cb000000| Untracked 
|1201|0x00000000cb100000, 0x00000000cb100000, 0x00000000cb200000|  0%| F|  |TAMS 0x00000000cb100000| PB 0x00000000cb100000| Untracked 
|1202|0x00000000cb200000, 0x00000000cb200000, 0x00000000cb300000|  0%| F|  |TAMS 0x00000000cb200000| PB 0x00000000cb200000| Untracked 
|1203|0x00000000cb300000, 0x00000000cb300000, 0x00000000cb400000|  0%| F|  |TAMS 0x00000000cb300000| PB 0x00000000cb300000| Untracked 
|1204|0x00000000cb400000, 0x00000000cb400000, 0x00000000cb500000|  0%| F|  |TAMS 0x00000000cb400000| PB 0x00000000cb400000| Untracked 
|1205|0x00000000cb500000, 0x00000000cb500000, 0x00000000cb600000|  0%| F|  |TAMS 0x00000000cb500000| PB 0x00000000cb500000| Untracked 
|1206|0x00000000cb600000, 0x00000000cb600000, 0x00000000cb700000|  0%| F|  |TAMS 0x00000000cb600000| PB 0x00000000cb600000| Untracked 
|1207|0x00000000cb700000, 0x00000000cb700000, 0x00000000cb800000|  0%| F|  |TAMS 0x00000000cb700000| PB 0x00000000cb700000| Untracked 
|1208|0x00000000cb800000, 0x00000000cb800000, 0x00000000cb900000|  0%| F|  |TAMS 0x00000000cb800000| PB 0x00000000cb800000| Untracked 
|1209|0x00000000cb900000, 0x00000000cb900000, 0x00000000cba00000|  0%| F|  |TAMS 0x00000000cb900000| PB 0x00000000cb900000| Untracked 
|1210|0x00000000cba00000, 0x00000000cba00000, 0x00000000cbb00000|  0%| F|  |TAMS 0x00000000cba00000| PB 0x00000000cba00000| Untracked 
|1211|0x00000000cbb00000, 0x00000000cbb00000, 0x00000000cbc00000|  0%| F|  |TAMS 0x00000000cbb00000| PB 0x00000000cbb00000| Untracked 
|1212|0x00000000cbc00000, 0x00000000cbc00000, 0x00000000cbd00000|  0%| F|  |TAMS 0x00000000cbc00000| PB 0x00000000cbc00000| Untracked 
|1213|0x00000000cbd00000, 0x00000000cbd00000, 0x00000000cbe00000|  0%| F|  |TAMS 0x00000000cbd00000| PB 0x00000000cbd00000| Untracked 
|1214|0x00000000cbe00000, 0x00000000cbe00000, 0x00000000cbf00000|  0%| F|  |TAMS 0x00000000cbe00000| PB 0x00000000cbe00000| Untracked 
|1215|0x00000000cbf00000, 0x00000000cbf00000, 0x00000000cc000000|  0%| F|  |TAMS 0x00000000cbf00000| PB 0x00000000cbf00000| Untracked 
|1216|0x00000000cc000000, 0x00000000cc000000, 0x00000000cc100000|  0%| F|  |TAMS 0x00000000cc000000| PB 0x00000000cc000000| Untracked 
|1217|0x00000000cc100000, 0x00000000cc100000, 0x00000000cc200000|  0%| F|  |TAMS 0x00000000cc100000| PB 0x00000000cc100000| Untracked 
|1218|0x00000000cc200000, 0x00000000cc200000, 0x00000000cc300000|  0%| F|  |TAMS 0x00000000cc200000| PB 0x00000000cc200000| Untracked 
|1219|0x00000000cc300000, 0x00000000cc300000, 0x00000000cc400000|  0%| F|  |TAMS 0x00000000cc300000| PB 0x00000000cc300000| Untracked 
|1220|0x00000000cc400000, 0x00000000cc400000, 0x00000000cc500000|  0%| F|  |TAMS 0x00000000cc400000| PB 0x00000000cc400000| Untracked 
|1221|0x00000000cc500000, 0x00000000cc500000, 0x00000000cc600000|  0%| F|  |TAMS 0x00000000cc500000| PB 0x00000000cc500000| Untracked 
|1222|0x00000000cc600000, 0x00000000cc600000, 0x00000000cc700000|  0%| F|  |TAMS 0x00000000cc600000| PB 0x00000000cc600000| Untracked 
|1223|0x00000000cc700000, 0x00000000cc700000, 0x00000000cc800000|  0%| F|  |TAMS 0x00000000cc700000| PB 0x00000000cc700000| Untracked 
|1224|0x00000000cc800000, 0x00000000cc800000, 0x00000000cc900000|  0%| F|  |TAMS 0x00000000cc800000| PB 0x00000000cc800000| Untracked 
|1225|0x00000000cc900000, 0x00000000cc900000, 0x00000000cca00000|  0%| F|  |TAMS 0x00000000cc900000| PB 0x00000000cc900000| Untracked 
|1226|0x00000000cca00000, 0x00000000cca00000, 0x00000000ccb00000|  0%| F|  |TAMS 0x00000000cca00000| PB 0x00000000cca00000| Untracked 
|1227|0x00000000ccb00000, 0x00000000ccb00000, 0x00000000ccc00000|  0%| F|  |TAMS 0x00000000ccb00000| PB 0x00000000ccb00000| Untracked 
|1228|0x00000000ccc00000, 0x00000000ccc00000, 0x00000000ccd00000|  0%| F|  |TAMS 0x00000000ccc00000| PB 0x00000000ccc00000| Untracked 
|1229|0x00000000ccd00000, 0x00000000ccd00000, 0x00000000cce00000|  0%| F|  |TAMS 0x00000000ccd00000| PB 0x00000000ccd00000| Untracked 
|1230|0x00000000cce00000, 0x00000000cce00000, 0x00000000ccf00000|  0%| F|  |TAMS 0x00000000cce00000| PB 0x00000000cce00000| Untracked 
|1231|0x00000000ccf00000, 0x00000000ccf00000, 0x00000000cd000000|  0%| F|  |TAMS 0x00000000ccf00000| PB 0x00000000ccf00000| Untracked 
|1232|0x00000000cd000000, 0x00000000cd000000, 0x00000000cd100000|  0%| F|  |TAMS 0x00000000cd000000| PB 0x00000000cd000000| Untracked 
|1233|0x00000000cd100000, 0x00000000cd100000, 0x00000000cd200000|  0%| F|  |TAMS 0x00000000cd100000| PB 0x00000000cd100000| Untracked 
|1234|0x00000000cd200000, 0x00000000cd200000, 0x00000000cd300000|  0%| F|  |TAMS 0x00000000cd200000| PB 0x00000000cd200000| Untracked 
|1235|0x00000000cd300000, 0x00000000cd300000, 0x00000000cd400000|  0%| F|  |TAMS 0x00000000cd300000| PB 0x00000000cd300000| Untracked 
|1236|0x00000000cd400000, 0x00000000cd400000, 0x00000000cd500000|  0%| F|  |TAMS 0x00000000cd400000| PB 0x00000000cd400000| Untracked 
|1237|0x00000000cd500000, 0x00000000cd500000, 0x00000000cd600000|  0%| F|  |TAMS 0x00000000cd500000| PB 0x00000000cd500000| Untracked 
|1238|0x00000000cd600000, 0x00000000cd600000, 0x00000000cd700000|  0%| F|  |TAMS 0x00000000cd600000| PB 0x00000000cd600000| Untracked 
|1239|0x00000000cd700000, 0x00000000cd700000, 0x00000000cd800000|  0%| F|  |TAMS 0x00000000cd700000| PB 0x00000000cd700000| Untracked 
|1240|0x00000000cd800000, 0x00000000cd800000, 0x00000000cd900000|  0%| F|  |TAMS 0x00000000cd800000| PB 0x00000000cd800000| Untracked 
|1241|0x00000000cd900000, 0x00000000cd900000, 0x00000000cda00000|  0%| F|  |TAMS 0x00000000cd900000| PB 0x00000000cd900000| Untracked 
|1242|0x00000000cda00000, 0x00000000cda00000, 0x00000000cdb00000|  0%| F|  |TAMS 0x00000000cda00000| PB 0x00000000cda00000| Untracked 
|1243|0x00000000cdb00000, 0x00000000cdb00000, 0x00000000cdc00000|  0%| F|  |TAMS 0x00000000cdb00000| PB 0x00000000cdb00000| Untracked 
|1244|0x00000000cdc00000, 0x00000000cdc00000, 0x00000000cdd00000|  0%| F|  |TAMS 0x00000000cdc00000| PB 0x00000000cdc00000| Untracked 
|1245|0x00000000cdd00000, 0x00000000cdd00000, 0x00000000cde00000|  0%| F|  |TAMS 0x00000000cdd00000| PB 0x00000000cdd00000| Untracked 
|1246|0x00000000cde00000, 0x00000000cde00000, 0x00000000cdf00000|  0%| F|  |TAMS 0x00000000cde00000| PB 0x00000000cde00000| Untracked 
|1247|0x00000000cdf00000, 0x00000000cdf00000, 0x00000000ce000000|  0%| F|  |TAMS 0x00000000cdf00000| PB 0x00000000cdf00000| Untracked 
|1248|0x00000000ce000000, 0x00000000ce000000, 0x00000000ce100000|  0%| F|  |TAMS 0x00000000ce000000| PB 0x00000000ce000000| Untracked 
|1249|0x00000000ce100000, 0x00000000ce100000, 0x00000000ce200000|  0%| F|  |TAMS 0x00000000ce100000| PB 0x00000000ce100000| Untracked 
|1250|0x00000000ce200000, 0x00000000ce200000, 0x00000000ce300000|  0%| F|  |TAMS 0x00000000ce200000| PB 0x00000000ce200000| Untracked 
|1251|0x00000000ce300000, 0x00000000ce300000, 0x00000000ce400000|  0%| F|  |TAMS 0x00000000ce300000| PB 0x00000000ce300000| Untracked 
|1252|0x00000000ce400000, 0x00000000ce400000, 0x00000000ce500000|  0%| F|  |TAMS 0x00000000ce400000| PB 0x00000000ce400000| Untracked 
|1253|0x00000000ce500000, 0x00000000ce500000, 0x00000000ce600000|  0%| F|  |TAMS 0x00000000ce500000| PB 0x00000000ce500000| Untracked 
|1254|0x00000000ce600000, 0x00000000ce600000, 0x00000000ce700000|  0%| F|  |TAMS 0x00000000ce600000| PB 0x00000000ce600000| Untracked 
|1255|0x00000000ce700000, 0x00000000ce700000, 0x00000000ce800000|  0%| F|  |TAMS 0x00000000ce700000| PB 0x00000000ce700000| Untracked 
|1256|0x00000000ce800000, 0x00000000ce800000, 0x00000000ce900000|  0%| F|  |TAMS 0x00000000ce800000| PB 0x00000000ce800000| Untracked 
|1257|0x00000000ce900000, 0x00000000ce900000, 0x00000000cea00000|  0%| F|  |TAMS 0x00000000ce900000| PB 0x00000000ce900000| Untracked 
|1258|0x00000000cea00000, 0x00000000cea00000, 0x00000000ceb00000|  0%| F|  |TAMS 0x00000000cea00000| PB 0x00000000cea00000| Untracked 
|1259|0x00000000ceb00000, 0x00000000ceb00000, 0x00000000cec00000|  0%| F|  |TAMS 0x00000000ceb00000| PB 0x00000000ceb00000| Untracked 
|1260|0x00000000cec00000, 0x00000000cec00000, 0x00000000ced00000|  0%| F|  |TAMS 0x00000000cec00000| PB 0x00000000cec00000| Untracked 
|1261|0x00000000ced00000, 0x00000000ced00000, 0x00000000cee00000|  0%| F|  |TAMS 0x00000000ced00000| PB 0x00000000ced00000| Untracked 
|1262|0x00000000cee00000, 0x00000000cee00000, 0x00000000cef00000|  0%| F|  |TAMS 0x00000000cee00000| PB 0x00000000cee00000| Untracked 
|1263|0x00000000cef00000, 0x00000000cef00000, 0x00000000cf000000|  0%| F|  |TAMS 0x00000000cef00000| PB 0x00000000cef00000| Untracked 
|1264|0x00000000cf000000, 0x00000000cf000000, 0x00000000cf100000|  0%| F|  |TAMS 0x00000000cf000000| PB 0x00000000cf000000| Untracked 
|1265|0x00000000cf100000, 0x00000000cf100000, 0x00000000cf200000|  0%| F|  |TAMS 0x00000000cf100000| PB 0x00000000cf100000| Untracked 
|1266|0x00000000cf200000, 0x00000000cf200000, 0x00000000cf300000|  0%| F|  |TAMS 0x00000000cf200000| PB 0x00000000cf200000| Untracked 
|1267|0x00000000cf300000, 0x00000000cf300000, 0x00000000cf400000|  0%| F|  |TAMS 0x00000000cf300000| PB 0x00000000cf300000| Untracked 
|1268|0x00000000cf400000, 0x00000000cf400000, 0x00000000cf500000|  0%| F|  |TAMS 0x00000000cf400000| PB 0x00000000cf400000| Untracked 
|1269|0x00000000cf500000, 0x00000000cf500000, 0x00000000cf600000|  0%| F|  |TAMS 0x00000000cf500000| PB 0x00000000cf500000| Untracked 
|1270|0x00000000cf600000, 0x00000000cf600000, 0x00000000cf700000|  0%| F|  |TAMS 0x00000000cf600000| PB 0x00000000cf600000| Untracked 
|1271|0x00000000cf700000, 0x00000000cf700000, 0x00000000cf800000|  0%| F|  |TAMS 0x00000000cf700000| PB 0x00000000cf700000| Untracked 
|1272|0x00000000cf800000, 0x00000000cf800000, 0x00000000cf900000|  0%| F|  |TAMS 0x00000000cf800000| PB 0x00000000cf800000| Untracked 
|1273|0x00000000cf900000, 0x00000000cf900000, 0x00000000cfa00000|  0%| F|  |TAMS 0x00000000cf900000| PB 0x00000000cf900000| Untracked 
|1274|0x00000000cfa00000, 0x00000000cfa00000, 0x00000000cfb00000|  0%| F|  |TAMS 0x00000000cfa00000| PB 0x00000000cfa00000| Untracked 
|1275|0x00000000cfb00000, 0x00000000cfb00000, 0x00000000cfc00000|  0%| F|  |TAMS 0x00000000cfb00000| PB 0x00000000cfb00000| Untracked 
|1276|0x00000000cfc00000, 0x00000000cfc00000, 0x00000000cfd00000|  0%| F|  |TAMS 0x00000000cfc00000| PB 0x00000000cfc00000| Untracked 
|1277|0x00000000cfd00000, 0x00000000cfd00000, 0x00000000cfe00000|  0%| F|  |TAMS 0x00000000cfd00000| PB 0x00000000cfd00000| Untracked 
|1278|0x00000000cfe00000, 0x00000000cfe00000, 0x00000000cff00000|  0%| F|  |TAMS 0x00000000cfe00000| PB 0x00000000cfe00000| Untracked 
|1279|0x00000000cff00000, 0x00000000cff00000, 0x00000000d0000000|  0%| F|  |TAMS 0x00000000cff00000| PB 0x00000000cff00000| Untracked 
|1280|0x00000000d0000000, 0x00000000d0000000, 0x00000000d0100000|  0%| F|  |TAMS 0x00000000d0000000| PB 0x00000000d0000000| Untracked 
|1281|0x00000000d0100000, 0x00000000d0100000, 0x00000000d0200000|  0%| F|  |TAMS 0x00000000d0100000| PB 0x00000000d0100000| Untracked 
|1282|0x00000000d0200000, 0x00000000d0200000, 0x00000000d0300000|  0%| F|  |TAMS 0x00000000d0200000| PB 0x00000000d0200000| Untracked 
|1283|0x00000000d0300000, 0x00000000d0300000, 0x00000000d0400000|  0%| F|  |TAMS 0x00000000d0300000| PB 0x00000000d0300000| Untracked 
|1284|0x00000000d0400000, 0x00000000d0400000, 0x00000000d0500000|  0%| F|  |TAMS 0x00000000d0400000| PB 0x00000000d0400000| Untracked 
|1285|0x00000000d0500000, 0x00000000d0500000, 0x00000000d0600000|  0%| F|  |TAMS 0x00000000d0500000| PB 0x00000000d0500000| Untracked 
|1286|0x00000000d0600000, 0x00000000d0600000, 0x00000000d0700000|  0%| F|  |TAMS 0x00000000d0600000| PB 0x00000000d0600000| Untracked 
|1287|0x00000000d0700000, 0x00000000d0700000, 0x00000000d0800000|  0%| F|  |TAMS 0x00000000d0700000| PB 0x00000000d0700000| Untracked 
|1288|0x00000000d0800000, 0x00000000d0800000, 0x00000000d0900000|  0%| F|  |TAMS 0x00000000d0800000| PB 0x00000000d0800000| Untracked 
|1289|0x00000000d0900000, 0x00000000d0900000, 0x00000000d0a00000|  0%| F|  |TAMS 0x00000000d0900000| PB 0x00000000d0900000| Untracked 
|1290|0x00000000d0a00000, 0x00000000d0a00000, 0x00000000d0b00000|  0%| F|  |TAMS 0x00000000d0a00000| PB 0x00000000d0a00000| Untracked 
|1291|0x00000000d0b00000, 0x00000000d0b00000, 0x00000000d0c00000|  0%| F|  |TAMS 0x00000000d0b00000| PB 0x00000000d0b00000| Untracked 
|1292|0x00000000d0c00000, 0x00000000d0c00000, 0x00000000d0d00000|  0%| F|  |TAMS 0x00000000d0c00000| PB 0x00000000d0c00000| Untracked 
|1293|0x00000000d0d00000, 0x00000000d0d00000, 0x00000000d0e00000|  0%| F|  |TAMS 0x00000000d0d00000| PB 0x00000000d0d00000| Untracked 
|1294|0x00000000d0e00000, 0x00000000d0e00000, 0x00000000d0f00000|  0%| F|  |TAMS 0x00000000d0e00000| PB 0x00000000d0e00000| Untracked 
|1295|0x00000000d0f00000, 0x00000000d0f00000, 0x00000000d1000000|  0%| F|  |TAMS 0x00000000d0f00000| PB 0x00000000d0f00000| Untracked 
|1296|0x00000000d1000000, 0x00000000d1000000, 0x00000000d1100000|  0%| F|  |TAMS 0x00000000d1000000| PB 0x00000000d1000000| Untracked 
|1297|0x00000000d1100000, 0x00000000d1100000, 0x00000000d1200000|  0%| F|  |TAMS 0x00000000d1100000| PB 0x00000000d1100000| Untracked 
|1298|0x00000000d1200000, 0x00000000d1200000, 0x00000000d1300000|  0%| F|  |TAMS 0x00000000d1200000| PB 0x00000000d1200000| Untracked 
|1299|0x00000000d1300000, 0x00000000d1300000, 0x00000000d1400000|  0%| F|  |TAMS 0x00000000d1300000| PB 0x00000000d1300000| Untracked 
|1300|0x00000000d1400000, 0x00000000d1400000, 0x00000000d1500000|  0%| F|  |TAMS 0x00000000d1400000| PB 0x00000000d1400000| Untracked 
|1301|0x00000000d1500000, 0x00000000d1500000, 0x00000000d1600000|  0%| F|  |TAMS 0x00000000d1500000| PB 0x00000000d1500000| Untracked 
|1302|0x00000000d1600000, 0x00000000d1600000, 0x00000000d1700000|  0%| F|  |TAMS 0x00000000d1600000| PB 0x00000000d1600000| Untracked 
|1303|0x00000000d1700000, 0x00000000d1700000, 0x00000000d1800000|  0%| F|  |TAMS 0x00000000d1700000| PB 0x00000000d1700000| Untracked 
|1304|0x00000000d1800000, 0x00000000d1800000, 0x00000000d1900000|  0%| F|  |TAMS 0x00000000d1800000| PB 0x00000000d1800000| Untracked 
|1305|0x00000000d1900000, 0x00000000d1900000, 0x00000000d1a00000|  0%| F|  |TAMS 0x00000000d1900000| PB 0x00000000d1900000| Untracked 
|1306|0x00000000d1a00000, 0x00000000d1a00000, 0x00000000d1b00000|  0%| F|  |TAMS 0x00000000d1a00000| PB 0x00000000d1a00000| Untracked 
|1307|0x00000000d1b00000, 0x00000000d1b00000, 0x00000000d1c00000|  0%| F|  |TAMS 0x00000000d1b00000| PB 0x00000000d1b00000| Untracked 
|1308|0x00000000d1c00000, 0x00000000d1c00000, 0x00000000d1d00000|  0%| F|  |TAMS 0x00000000d1c00000| PB 0x00000000d1c00000| Untracked 
|1309|0x00000000d1d00000, 0x00000000d1d00000, 0x00000000d1e00000|  0%| F|  |TAMS 0x00000000d1d00000| PB 0x00000000d1d00000| Untracked 
|1310|0x00000000d1e00000, 0x00000000d1e00000, 0x00000000d1f00000|  0%| F|  |TAMS 0x00000000d1e00000| PB 0x00000000d1e00000| Untracked 
|1311|0x00000000d1f00000, 0x00000000d1f00000, 0x00000000d2000000|  0%| F|  |TAMS 0x00000000d1f00000| PB 0x00000000d1f00000| Untracked 
|1312|0x00000000d2000000, 0x00000000d2000000, 0x00000000d2100000|  0%| F|  |TAMS 0x00000000d2000000| PB 0x00000000d2000000| Untracked 
|1313|0x00000000d2100000, 0x00000000d2100000, 0x00000000d2200000|  0%| F|  |TAMS 0x00000000d2100000| PB 0x00000000d2100000| Untracked 
|1314|0x00000000d2200000, 0x00000000d2200000, 0x00000000d2300000|  0%| F|  |TAMS 0x00000000d2200000| PB 0x00000000d2200000| Untracked 
|1315|0x00000000d2300000, 0x00000000d2300000, 0x00000000d2400000|  0%| F|  |TAMS 0x00000000d2300000| PB 0x00000000d2300000| Untracked 
|1316|0x00000000d2400000, 0x00000000d2400000, 0x00000000d2500000|  0%| F|  |TAMS 0x00000000d2400000| PB 0x00000000d2400000| Untracked 
|1317|0x00000000d2500000, 0x00000000d2500000, 0x00000000d2600000|  0%| F|  |TAMS 0x00000000d2500000| PB 0x00000000d2500000| Untracked 
|1318|0x00000000d2600000, 0x00000000d2600000, 0x00000000d2700000|  0%| F|  |TAMS 0x00000000d2600000| PB 0x00000000d2600000| Untracked 
|1319|0x00000000d2700000, 0x00000000d2700000, 0x00000000d2800000|  0%| F|  |TAMS 0x00000000d2700000| PB 0x00000000d2700000| Untracked 
|1320|0x00000000d2800000, 0x00000000d2800000, 0x00000000d2900000|  0%| F|  |TAMS 0x00000000d2800000| PB 0x00000000d2800000| Untracked 
|1321|0x00000000d2900000, 0x00000000d2900000, 0x00000000d2a00000|  0%| F|  |TAMS 0x00000000d2900000| PB 0x00000000d2900000| Untracked 
|1322|0x00000000d2a00000, 0x00000000d2a00000, 0x00000000d2b00000|  0%| F|  |TAMS 0x00000000d2a00000| PB 0x00000000d2a00000| Untracked 
|1323|0x00000000d2b00000, 0x00000000d2b00000, 0x00000000d2c00000|  0%| F|  |TAMS 0x00000000d2b00000| PB 0x00000000d2b00000| Untracked 
|1324|0x00000000d2c00000, 0x00000000d2c00000, 0x00000000d2d00000|  0%| F|  |TAMS 0x00000000d2c00000| PB 0x00000000d2c00000| Untracked 
|1325|0x00000000d2d00000, 0x00000000d2d00000, 0x00000000d2e00000|  0%| F|  |TAMS 0x00000000d2d00000| PB 0x00000000d2d00000| Untracked 
|1326|0x00000000d2e00000, 0x00000000d2e00000, 0x00000000d2f00000|  0%| F|  |TAMS 0x00000000d2e00000| PB 0x00000000d2e00000| Untracked 
|1327|0x00000000d2f00000, 0x00000000d2f00000, 0x00000000d3000000|  0%| F|  |TAMS 0x00000000d2f00000| PB 0x00000000d2f00000| Untracked 
|1328|0x00000000d3000000, 0x00000000d3000000, 0x00000000d3100000|  0%| F|  |TAMS 0x00000000d3000000| PB 0x00000000d3000000| Untracked 
|1329|0x00000000d3100000, 0x00000000d3100000, 0x00000000d3200000|  0%| F|  |TAMS 0x00000000d3100000| PB 0x00000000d3100000| Untracked 
|1330|0x00000000d3200000, 0x00000000d3200000, 0x00000000d3300000|  0%| F|  |TAMS 0x00000000d3200000| PB 0x00000000d3200000| Untracked 
|1331|0x00000000d3300000, 0x00000000d3300000, 0x00000000d3400000|  0%| F|  |TAMS 0x00000000d3300000| PB 0x00000000d3300000| Untracked 
|1332|0x00000000d3400000, 0x00000000d3400000, 0x00000000d3500000|  0%| F|  |TAMS 0x00000000d3400000| PB 0x00000000d3400000| Untracked 
|1333|0x00000000d3500000, 0x00000000d3500000, 0x00000000d3600000|  0%| F|  |TAMS 0x00000000d3500000| PB 0x00000000d3500000| Untracked 
|1334|0x00000000d3600000, 0x00000000d3600000, 0x00000000d3700000|  0%| F|  |TAMS 0x00000000d3600000| PB 0x00000000d3600000| Untracked 
|1335|0x00000000d3700000, 0x00000000d3700000, 0x00000000d3800000|  0%| F|  |TAMS 0x00000000d3700000| PB 0x00000000d3700000| Untracked 
|1336|0x00000000d3800000, 0x00000000d3800000, 0x00000000d3900000|  0%| F|  |TAMS 0x00000000d3800000| PB 0x00000000d3800000| Untracked 
|1337|0x00000000d3900000, 0x00000000d3900000, 0x00000000d3a00000|  0%| F|  |TAMS 0x00000000d3900000| PB 0x00000000d3900000| Untracked 
|1338|0x00000000d3a00000, 0x00000000d3a00000, 0x00000000d3b00000|  0%| F|  |TAMS 0x00000000d3a00000| PB 0x00000000d3a00000| Untracked 
|1339|0x00000000d3b00000, 0x00000000d3b00000, 0x00000000d3c00000|  0%| F|  |TAMS 0x00000000d3b00000| PB 0x00000000d3b00000| Untracked 
|1340|0x00000000d3c00000, 0x00000000d3c00000, 0x00000000d3d00000|  0%| F|  |TAMS 0x00000000d3c00000| PB 0x00000000d3c00000| Untracked 
|1341|0x00000000d3d00000, 0x00000000d3d00000, 0x00000000d3e00000|  0%| F|  |TAMS 0x00000000d3d00000| PB 0x00000000d3d00000| Untracked 
|1342|0x00000000d3e00000, 0x00000000d3e00000, 0x00000000d3f00000|  0%| F|  |TAMS 0x00000000d3e00000| PB 0x00000000d3e00000| Untracked 
|1343|0x00000000d3f00000, 0x00000000d3f00000, 0x00000000d4000000|  0%| F|  |TAMS 0x00000000d3f00000| PB 0x00000000d3f00000| Untracked 
|1344|0x00000000d4000000, 0x00000000d4000000, 0x00000000d4100000|  0%| F|  |TAMS 0x00000000d4000000| PB 0x00000000d4000000| Untracked 
|1345|0x00000000d4100000, 0x00000000d4100000, 0x00000000d4200000|  0%| F|  |TAMS 0x00000000d4100000| PB 0x00000000d4100000| Untracked 
|1346|0x00000000d4200000, 0x00000000d4200000, 0x00000000d4300000|  0%| F|  |TAMS 0x00000000d4200000| PB 0x00000000d4200000| Untracked 
|1347|0x00000000d4300000, 0x00000000d4400000, 0x00000000d4400000|100%| S|CS|TAMS 0x00000000d4300000| PB 0x00000000d4300000| Complete 
|1348|0x00000000d4400000, 0x00000000d4500000, 0x00000000d4500000|100%| S|CS|TAMS 0x00000000d4400000| PB 0x00000000d4400000| Complete 
|1349|0x00000000d4500000, 0x00000000d4600000, 0x00000000d4600000|100%| S|CS|TAMS 0x00000000d4500000| PB 0x00000000d4500000| Complete 
|1350|0x00000000d4600000, 0x00000000d4700000, 0x00000000d4700000|100%| S|CS|TAMS 0x00000000d4600000| PB 0x00000000d4600000| Complete 
|1351|0x00000000d4700000, 0x00000000d4800000, 0x00000000d4800000|100%| S|CS|TAMS 0x00000000d4700000| PB 0x00000000d4700000| Complete 
|1352|0x00000000d4800000, 0x00000000d4900000, 0x00000000d4900000|100%| S|CS|TAMS 0x00000000d4800000| PB 0x00000000d4800000| Complete 
|1353|0x00000000d4900000, 0x00000000d4a00000, 0x00000000d4a00000|100%| S|CS|TAMS 0x00000000d4900000| PB 0x00000000d4900000| Complete 
|1354|0x00000000d4a00000, 0x00000000d4b00000, 0x00000000d4b00000|100%| S|CS|TAMS 0x00000000d4a00000| PB 0x00000000d4a00000| Complete 
|1355|0x00000000d4b00000, 0x00000000d4c00000, 0x00000000d4c00000|100%| S|CS|TAMS 0x00000000d4b00000| PB 0x00000000d4b00000| Complete 
|1356|0x00000000d4c00000, 0x00000000d4d00000, 0x00000000d4d00000|100%| S|CS|TAMS 0x00000000d4c00000| PB 0x00000000d4c00000| Complete 
|1357|0x00000000d4d00000, 0x00000000d4e00000, 0x00000000d4e00000|100%| S|CS|TAMS 0x00000000d4d00000| PB 0x00000000d4d00000| Complete 
|1358|0x00000000d4e00000, 0x00000000d4f00000, 0x00000000d4f00000|100%| S|CS|TAMS 0x00000000d4e00000| PB 0x00000000d4e00000| Complete 
|1359|0x00000000d4f00000, 0x00000000d5000000, 0x00000000d5000000|100%| S|CS|TAMS 0x00000000d4f00000| PB 0x00000000d4f00000| Complete 
|1360|0x00000000d5000000, 0x00000000d5100000, 0x00000000d5100000|100%| S|CS|TAMS 0x00000000d5000000| PB 0x00000000d5000000| Complete 
|1361|0x00000000d5100000, 0x00000000d5200000, 0x00000000d5200000|100%| S|CS|TAMS 0x00000000d5100000| PB 0x00000000d5100000| Complete 
|1362|0x00000000d5200000, 0x00000000d5300000, 0x00000000d5300000|100%| S|CS|TAMS 0x00000000d5200000| PB 0x00000000d5200000| Complete 
|1363|0x00000000d5300000, 0x00000000d5300000, 0x00000000d5400000|  0%| F|  |TAMS 0x00000000d5300000| PB 0x00000000d5300000| Untracked 
|1364|0x00000000d5400000, 0x00000000d5400000, 0x00000000d5500000|  0%| F|  |TAMS 0x00000000d5400000| PB 0x00000000d5400000| Untracked 
|1365|0x00000000d5500000, 0x00000000d5500000, 0x00000000d5600000|  0%| F|  |TAMS 0x00000000d5500000| PB 0x00000000d5500000| Untracked 
|1366|0x00000000d5600000, 0x00000000d5600000, 0x00000000d5700000|  0%| F|  |TAMS 0x00000000d5600000| PB 0x00000000d5600000| Untracked 
|1367|0x00000000d5700000, 0x00000000d5700000, 0x00000000d5800000|  0%| F|  |TAMS 0x00000000d5700000| PB 0x00000000d5700000| Untracked 
|1368|0x00000000d5800000, 0x00000000d5800000, 0x00000000d5900000|  0%| F|  |TAMS 0x00000000d5800000| PB 0x00000000d5800000| Untracked 
|1369|0x00000000d5900000, 0x00000000d5900000, 0x00000000d5a00000|  0%| F|  |TAMS 0x00000000d5900000| PB 0x00000000d5900000| Untracked 
|1370|0x00000000d5a00000, 0x00000000d5a00000, 0x00000000d5b00000|  0%| F|  |TAMS 0x00000000d5a00000| PB 0x00000000d5a00000| Untracked 
|1371|0x00000000d5b00000, 0x00000000d5b00000, 0x00000000d5c00000|  0%| F|  |TAMS 0x00000000d5b00000| PB 0x00000000d5b00000| Untracked 
|1372|0x00000000d5c00000, 0x00000000d5c00000, 0x00000000d5d00000|  0%| F|  |TAMS 0x00000000d5c00000| PB 0x00000000d5c00000| Untracked 
|1373|0x00000000d5d00000, 0x00000000d5d00000, 0x00000000d5e00000|  0%| F|  |TAMS 0x00000000d5d00000| PB 0x00000000d5d00000| Untracked 
|1374|0x00000000d5e00000, 0x00000000d5e00000, 0x00000000d5f00000|  0%| F|  |TAMS 0x00000000d5e00000| PB 0x00000000d5e00000| Untracked 
|1375|0x00000000d5f00000, 0x00000000d5f00000, 0x00000000d6000000|  0%| F|  |TAMS 0x00000000d5f00000| PB 0x00000000d5f00000| Untracked 
|1376|0x00000000d6000000, 0x00000000d6000000, 0x00000000d6100000|  0%| F|  |TAMS 0x00000000d6000000| PB 0x00000000d6000000| Untracked 
|1377|0x00000000d6100000, 0x00000000d6100000, 0x00000000d6200000|  0%| F|  |TAMS 0x00000000d6100000| PB 0x00000000d6100000| Untracked 
|1378|0x00000000d6200000, 0x00000000d6200000, 0x00000000d6300000|  0%| F|  |TAMS 0x00000000d6200000| PB 0x00000000d6200000| Untracked 
|1379|0x00000000d6300000, 0x00000000d6300000, 0x00000000d6400000|  0%| F|  |TAMS 0x00000000d6300000| PB 0x00000000d6300000| Untracked 
|1380|0x00000000d6400000, 0x00000000d6400000, 0x00000000d6500000|  0%| F|  |TAMS 0x00000000d6400000| PB 0x00000000d6400000| Untracked 
|1381|0x00000000d6500000, 0x00000000d6500000, 0x00000000d6600000|  0%| F|  |TAMS 0x00000000d6500000| PB 0x00000000d6500000| Untracked 
|1382|0x00000000d6600000, 0x00000000d6600000, 0x00000000d6700000|  0%| F|  |TAMS 0x00000000d6600000| PB 0x00000000d6600000| Untracked 
|1383|0x00000000d6700000, 0x00000000d6700000, 0x00000000d6800000|  0%| F|  |TAMS 0x00000000d6700000| PB 0x00000000d6700000| Untracked 
|1384|0x00000000d6800000, 0x00000000d6800000, 0x00000000d6900000|  0%| F|  |TAMS 0x00000000d6800000| PB 0x00000000d6800000| Untracked 
|1385|0x00000000d6900000, 0x00000000d6900000, 0x00000000d6a00000|  0%| F|  |TAMS 0x00000000d6900000| PB 0x00000000d6900000| Untracked 
|1386|0x00000000d6a00000, 0x00000000d6a00000, 0x00000000d6b00000|  0%| F|  |TAMS 0x00000000d6a00000| PB 0x00000000d6a00000| Untracked 
|1387|0x00000000d6b00000, 0x00000000d6b00000, 0x00000000d6c00000|  0%| F|  |TAMS 0x00000000d6b00000| PB 0x00000000d6b00000| Untracked 
|1388|0x00000000d6c00000, 0x00000000d6c00000, 0x00000000d6d00000|  0%| F|  |TAMS 0x00000000d6c00000| PB 0x00000000d6c00000| Untracked 
|1389|0x00000000d6d00000, 0x00000000d6d00000, 0x00000000d6e00000|  0%| F|  |TAMS 0x00000000d6d00000| PB 0x00000000d6d00000| Untracked 
|1390|0x00000000d6e00000, 0x00000000d6e00000, 0x00000000d6f00000|  0%| F|  |TAMS 0x00000000d6e00000| PB 0x00000000d6e00000| Untracked 
|1391|0x00000000d6f00000, 0x00000000d6f00000, 0x00000000d7000000|  0%| F|  |TAMS 0x00000000d6f00000| PB 0x00000000d6f00000| Untracked 
|1392|0x00000000d7000000, 0x00000000d7000000, 0x00000000d7100000|  0%| F|  |TAMS 0x00000000d7000000| PB 0x00000000d7000000| Untracked 
|1393|0x00000000d7100000, 0x00000000d7100000, 0x00000000d7200000|  0%| F|  |TAMS 0x00000000d7100000| PB 0x00000000d7100000| Untracked 
|1394|0x00000000d7200000, 0x00000000d7200000, 0x00000000d7300000|  0%| F|  |TAMS 0x00000000d7200000| PB 0x00000000d7200000| Untracked 
|1395|0x00000000d7300000, 0x00000000d7300000, 0x00000000d7400000|  0%| F|  |TAMS 0x00000000d7300000| PB 0x00000000d7300000| Untracked 
|1396|0x00000000d7400000, 0x00000000d7400000, 0x00000000d7500000|  0%| F|  |TAMS 0x00000000d7400000| PB 0x00000000d7400000| Untracked 
|1397|0x00000000d7500000, 0x00000000d7500000, 0x00000000d7600000|  0%| F|  |TAMS 0x00000000d7500000| PB 0x00000000d7500000| Untracked 
|1398|0x00000000d7600000, 0x00000000d7600000, 0x00000000d7700000|  0%| F|  |TAMS 0x00000000d7600000| PB 0x00000000d7600000| Untracked 
|1399|0x00000000d7700000, 0x00000000d7700000, 0x00000000d7800000|  0%| F|  |TAMS 0x00000000d7700000| PB 0x00000000d7700000| Untracked 
|1400|0x00000000d7800000, 0x00000000d7800000, 0x00000000d7900000|  0%| F|  |TAMS 0x00000000d7800000| PB 0x00000000d7800000| Untracked 
|1401|0x00000000d7900000, 0x00000000d7900000, 0x00000000d7a00000|  0%| F|  |TAMS 0x00000000d7900000| PB 0x00000000d7900000| Untracked 
|1402|0x00000000d7a00000, 0x00000000d7a00000, 0x00000000d7b00000|  0%| F|  |TAMS 0x00000000d7a00000| PB 0x00000000d7a00000| Untracked 
|1403|0x00000000d7b00000, 0x00000000d7b00000, 0x00000000d7c00000|  0%| F|  |TAMS 0x00000000d7b00000| PB 0x00000000d7b00000| Untracked 
|1404|0x00000000d7c00000, 0x00000000d7c00000, 0x00000000d7d00000|  0%| F|  |TAMS 0x00000000d7c00000| PB 0x00000000d7c00000| Untracked 
|1405|0x00000000d7d00000, 0x00000000d7d00000, 0x00000000d7e00000|  0%| F|  |TAMS 0x00000000d7d00000| PB 0x00000000d7d00000| Untracked 
|1406|0x00000000d7e00000, 0x00000000d7e00000, 0x00000000d7f00000|  0%| F|  |TAMS 0x00000000d7e00000| PB 0x00000000d7e00000| Untracked 
|1407|0x00000000d7f00000, 0x00000000d7f00000, 0x00000000d8000000|  0%| F|  |TAMS 0x00000000d7f00000| PB 0x00000000d7f00000| Untracked 
|1408|0x00000000d8000000, 0x00000000d8000000, 0x00000000d8100000|  0%| F|  |TAMS 0x00000000d8000000| PB 0x00000000d8000000| Untracked 
|1409|0x00000000d8100000, 0x00000000d8100000, 0x00000000d8200000|  0%| F|  |TAMS 0x00000000d8100000| PB 0x00000000d8100000| Untracked 
|1410|0x00000000d8200000, 0x00000000d8200000, 0x00000000d8300000|  0%| F|  |TAMS 0x00000000d8200000| PB 0x00000000d8200000| Untracked 
|1411|0x00000000d8300000, 0x00000000d8300000, 0x00000000d8400000|  0%| F|  |TAMS 0x00000000d8300000| PB 0x00000000d8300000| Untracked 
|1412|0x00000000d8400000, 0x00000000d8400000, 0x00000000d8500000|  0%| F|  |TAMS 0x00000000d8400000| PB 0x00000000d8400000| Untracked 
|1413|0x00000000d8500000, 0x00000000d8500000, 0x00000000d8600000|  0%| F|  |TAMS 0x00000000d8500000| PB 0x00000000d8500000| Untracked 
|1414|0x00000000d8600000, 0x00000000d8600000, 0x00000000d8700000|  0%| F|  |TAMS 0x00000000d8600000| PB 0x00000000d8600000| Untracked 
|1415|0x00000000d8700000, 0x00000000d8700000, 0x00000000d8800000|  0%| F|  |TAMS 0x00000000d8700000| PB 0x00000000d8700000| Untracked 
|1416|0x00000000d8800000, 0x00000000d8800000, 0x00000000d8900000|  0%| F|  |TAMS 0x00000000d8800000| PB 0x00000000d8800000| Untracked 
|1417|0x00000000d8900000, 0x00000000d8900000, 0x00000000d8a00000|  0%| F|  |TAMS 0x00000000d8900000| PB 0x00000000d8900000| Untracked 
|1418|0x00000000d8a00000, 0x00000000d8a00000, 0x00000000d8b00000|  0%| F|  |TAMS 0x00000000d8a00000| PB 0x00000000d8a00000| Untracked 
|1419|0x00000000d8b00000, 0x00000000d8b00000, 0x00000000d8c00000|  0%| F|  |TAMS 0x00000000d8b00000| PB 0x00000000d8b00000| Untracked 
|1420|0x00000000d8c00000, 0x00000000d8c00000, 0x00000000d8d00000|  0%| F|  |TAMS 0x00000000d8c00000| PB 0x00000000d8c00000| Untracked 
|1421|0x00000000d8d00000, 0x00000000d8d00000, 0x00000000d8e00000|  0%| F|  |TAMS 0x00000000d8d00000| PB 0x00000000d8d00000| Untracked 
|1422|0x00000000d8e00000, 0x00000000d8e00000, 0x00000000d8f00000|  0%| F|  |TAMS 0x00000000d8e00000| PB 0x00000000d8e00000| Untracked 
|1423|0x00000000d8f00000, 0x00000000d8f00000, 0x00000000d9000000|  0%| F|  |TAMS 0x00000000d8f00000| PB 0x00000000d8f00000| Untracked 
|1424|0x00000000d9000000, 0x00000000d9000000, 0x00000000d9100000|  0%| F|  |TAMS 0x00000000d9000000| PB 0x00000000d9000000| Untracked 
|1425|0x00000000d9100000, 0x00000000d9100000, 0x00000000d9200000|  0%| F|  |TAMS 0x00000000d9100000| PB 0x00000000d9100000| Untracked 
|1426|0x00000000d9200000, 0x00000000d9200000, 0x00000000d9300000|  0%| F|  |TAMS 0x00000000d9200000| PB 0x00000000d9200000| Untracked 
|1427|0x00000000d9300000, 0x00000000d9300000, 0x00000000d9400000|  0%| F|  |TAMS 0x00000000d9300000| PB 0x00000000d9300000| Untracked 
|1428|0x00000000d9400000, 0x00000000d9400000, 0x00000000d9500000|  0%| F|  |TAMS 0x00000000d9400000| PB 0x00000000d9400000| Untracked 
|1429|0x00000000d9500000, 0x00000000d9500000, 0x00000000d9600000|  0%| F|  |TAMS 0x00000000d9500000| PB 0x00000000d9500000| Untracked 
|1430|0x00000000d9600000, 0x00000000d9600000, 0x00000000d9700000|  0%| F|  |TAMS 0x00000000d9600000| PB 0x00000000d9600000| Untracked 
|1431|0x00000000d9700000, 0x00000000d9700000, 0x00000000d9800000|  0%| F|  |TAMS 0x00000000d9700000| PB 0x00000000d9700000| Untracked 
|1432|0x00000000d9800000, 0x00000000d9800000, 0x00000000d9900000|  0%| F|  |TAMS 0x00000000d9800000| PB 0x00000000d9800000| Untracked 
|1433|0x00000000d9900000, 0x00000000d9900000, 0x00000000d9a00000|  0%| F|  |TAMS 0x00000000d9900000| PB 0x00000000d9900000| Untracked 
|1434|0x00000000d9a00000, 0x00000000d9a00000, 0x00000000d9b00000|  0%| F|  |TAMS 0x00000000d9a00000| PB 0x00000000d9a00000| Untracked 
|1435|0x00000000d9b00000, 0x00000000d9b00000, 0x00000000d9c00000|  0%| F|  |TAMS 0x00000000d9b00000| PB 0x00000000d9b00000| Untracked 
|1436|0x00000000d9c00000, 0x00000000d9c00000, 0x00000000d9d00000|  0%| F|  |TAMS 0x00000000d9c00000| PB 0x00000000d9c00000| Untracked 
|1437|0x00000000d9d00000, 0x00000000d9d00000, 0x00000000d9e00000|  0%| F|  |TAMS 0x00000000d9d00000| PB 0x00000000d9d00000| Untracked 
|1438|0x00000000d9e00000, 0x00000000d9e00000, 0x00000000d9f00000|  0%| F|  |TAMS 0x00000000d9e00000| PB 0x00000000d9e00000| Untracked 
|1439|0x00000000d9f00000, 0x00000000d9f00000, 0x00000000da000000|  0%| F|  |TAMS 0x00000000d9f00000| PB 0x00000000d9f00000| Untracked 
|1440|0x00000000da000000, 0x00000000da000000, 0x00000000da100000|  0%| F|  |TAMS 0x00000000da000000| PB 0x00000000da000000| Untracked 
|1441|0x00000000da100000, 0x00000000da100000, 0x00000000da200000|  0%| F|  |TAMS 0x00000000da100000| PB 0x00000000da100000| Untracked 
|1442|0x00000000da200000, 0x00000000da200000, 0x00000000da300000|  0%| F|  |TAMS 0x00000000da200000| PB 0x00000000da200000| Untracked 
|1443|0x00000000da300000, 0x00000000da300000, 0x00000000da400000|  0%| F|  |TAMS 0x00000000da300000| PB 0x00000000da300000| Untracked 
|1444|0x00000000da400000, 0x00000000da400000, 0x00000000da500000|  0%| F|  |TAMS 0x00000000da400000| PB 0x00000000da400000| Untracked 
|1445|0x00000000da500000, 0x00000000da500000, 0x00000000da600000|  0%| F|  |TAMS 0x00000000da500000| PB 0x00000000da500000| Untracked 
|1446|0x00000000da600000, 0x00000000da600000, 0x00000000da700000|  0%| F|  |TAMS 0x00000000da600000| PB 0x00000000da600000| Untracked 
|1447|0x00000000da700000, 0x00000000da700000, 0x00000000da800000|  0%| F|  |TAMS 0x00000000da700000| PB 0x00000000da700000| Untracked 
|1448|0x00000000da800000, 0x00000000da800000, 0x00000000da900000|  0%| F|  |TAMS 0x00000000da800000| PB 0x00000000da800000| Untracked 
|1449|0x00000000da900000, 0x00000000da900000, 0x00000000daa00000|  0%| F|  |TAMS 0x00000000da900000| PB 0x00000000da900000| Untracked 
|1450|0x00000000daa00000, 0x00000000daa00000, 0x00000000dab00000|  0%| F|  |TAMS 0x00000000daa00000| PB 0x00000000daa00000| Untracked 
|1451|0x00000000dab00000, 0x00000000dab00000, 0x00000000dac00000|  0%| F|  |TAMS 0x00000000dab00000| PB 0x00000000dab00000| Untracked 
|1452|0x00000000dac00000, 0x00000000dac00000, 0x00000000dad00000|  0%| F|  |TAMS 0x00000000dac00000| PB 0x00000000dac00000| Untracked 
|1453|0x00000000dad00000, 0x00000000dad00000, 0x00000000dae00000|  0%| F|  |TAMS 0x00000000dad00000| PB 0x00000000dad00000| Untracked 
|1454|0x00000000dae00000, 0x00000000dae00000, 0x00000000daf00000|  0%| F|  |TAMS 0x00000000dae00000| PB 0x00000000dae00000| Untracked 
|1455|0x00000000daf00000, 0x00000000daf00000, 0x00000000db000000|  0%| F|  |TAMS 0x00000000daf00000| PB 0x00000000daf00000| Untracked 
|1456|0x00000000db000000, 0x00000000db000000, 0x00000000db100000|  0%| F|  |TAMS 0x00000000db000000| PB 0x00000000db000000| Untracked 
|1457|0x00000000db100000, 0x00000000db100000, 0x00000000db200000|  0%| F|  |TAMS 0x00000000db100000| PB 0x00000000db100000| Untracked 
|1458|0x00000000db200000, 0x00000000db200000, 0x00000000db300000|  0%| F|  |TAMS 0x00000000db200000| PB 0x00000000db200000| Untracked 
|1459|0x00000000db300000, 0x00000000db300000, 0x00000000db400000|  0%| F|  |TAMS 0x00000000db300000| PB 0x00000000db300000| Untracked 
|1460|0x00000000db400000, 0x00000000db400000, 0x00000000db500000|  0%| F|  |TAMS 0x00000000db400000| PB 0x00000000db400000| Untracked 
|1461|0x00000000db500000, 0x00000000db500000, 0x00000000db600000|  0%| F|  |TAMS 0x00000000db500000| PB 0x00000000db500000| Untracked 
|1462|0x00000000db600000, 0x00000000db600000, 0x00000000db700000|  0%| F|  |TAMS 0x00000000db600000| PB 0x00000000db600000| Untracked 
|1463|0x00000000db700000, 0x00000000db700000, 0x00000000db800000|  0%| F|  |TAMS 0x00000000db700000| PB 0x00000000db700000| Untracked 
|1464|0x00000000db800000, 0x00000000db800000, 0x00000000db900000|  0%| F|  |TAMS 0x00000000db800000| PB 0x00000000db800000| Untracked 
|1465|0x00000000db900000, 0x00000000db900000, 0x00000000dba00000|  0%| F|  |TAMS 0x00000000db900000| PB 0x00000000db900000| Untracked 
|1466|0x00000000dba00000, 0x00000000dba00000, 0x00000000dbb00000|  0%| F|  |TAMS 0x00000000dba00000| PB 0x00000000dba00000| Untracked 
|1467|0x00000000dbb00000, 0x00000000dbb00000, 0x00000000dbc00000|  0%| F|  |TAMS 0x00000000dbb00000| PB 0x00000000dbb00000| Untracked 
|1468|0x00000000dbc00000, 0x00000000dbc00000, 0x00000000dbd00000|  0%| F|  |TAMS 0x00000000dbc00000| PB 0x00000000dbc00000| Untracked 
|1469|0x00000000dbd00000, 0x00000000dbd00000, 0x00000000dbe00000|  0%| F|  |TAMS 0x00000000dbd00000| PB 0x00000000dbd00000| Untracked 
|1470|0x00000000dbe00000, 0x00000000dbe00000, 0x00000000dbf00000|  0%| F|  |TAMS 0x00000000dbe00000| PB 0x00000000dbe00000| Untracked 
|2027|0x00000000feb00000, 0x00000000feb00000, 0x00000000fec00000|  0%| F|  |TAMS 0x00000000feb00000| PB 0x00000000feb00000| Untracked 
|2028|0x00000000fec00000, 0x00000000fec00000, 0x00000000fed00000|  0%| F|  |TAMS 0x00000000fec00000| PB 0x00000000fec00000| Untracked 
|2029|0x00000000fed00000, 0x00000000fed00000, 0x00000000fee00000|  0%| F|  |TAMS 0x00000000fed00000| PB 0x00000000fed00000| Untracked 
|2030|0x00000000fee00000, 0x00000000fee00000, 0x00000000fef00000|  0%| F|  |TAMS 0x00000000fee00000| PB 0x00000000fee00000| Untracked 
|2031|0x00000000fef00000, 0x00000000fef00000, 0x00000000ff000000|  0%| F|  |TAMS 0x00000000fef00000| PB 0x00000000fef00000| Untracked 
|2032|0x00000000ff000000, 0x00000000ff000000, 0x00000000ff100000|  0%| F|  |TAMS 0x00000000ff000000| PB 0x00000000ff000000| Untracked 
|2033|0x00000000ff100000, 0x00000000ff100000, 0x00000000ff200000|  0%| F|  |TAMS 0x00000000ff100000| PB 0x00000000ff100000| Untracked 
|2034|0x00000000ff200000, 0x00000000ff200000, 0x00000000ff300000|  0%| F|  |TAMS 0x00000000ff200000| PB 0x00000000ff200000| Untracked 
|2035|0x00000000ff300000, 0x00000000ff300000, 0x00000000ff400000|  0%| F|  |TAMS 0x00000000ff300000| PB 0x00000000ff300000| Untracked 
|2036|0x00000000ff400000, 0x00000000ff400000, 0x00000000ff500000|  0%| F|  |TAMS 0x00000000ff400000| PB 0x00000000ff400000| Untracked 
|2037|0x00000000ff500000, 0x00000000ff500000, 0x00000000ff600000|  0%| F|  |TAMS 0x00000000ff500000| PB 0x00000000ff500000| Untracked 
|2038|0x00000000ff600000, 0x00000000ff600000, 0x00000000ff700000|  0%| F|  |TAMS 0x00000000ff600000| PB 0x00000000ff600000| Untracked 
|2039|0x00000000ff700000, 0x00000000ff700000, 0x00000000ff800000|  0%| F|  |TAMS 0x00000000ff700000| PB 0x00000000ff700000| Untracked 
|2040|0x00000000ff800000, 0x00000000ff800000, 0x00000000ff900000|  0%| F|  |TAMS 0x00000000ff800000| PB 0x00000000ff800000| Untracked 
|2041|0x00000000ff900000, 0x00000000ff900000, 0x00000000ffa00000|  0%| F|  |TAMS 0x00000000ff900000| PB 0x00000000ff900000| Untracked 
|2042|0x00000000ffa00000, 0x00000000ffa00000, 0x00000000ffb00000|  0%| F|  |TAMS 0x00000000ffa00000| PB 0x00000000ffa00000| Untracked 
|2043|0x00000000ffb00000, 0x00000000ffb00000, 0x00000000ffc00000|  0%| F|  |TAMS 0x00000000ffb00000| PB 0x00000000ffb00000| Untracked 
|2044|0x00000000ffc00000, 0x00000000ffd00000, 0x00000000ffd00000|100%| O|  |TAMS 0x00000000ffd00000| PB 0x00000000ffc00000| Untracked 
|2045|0x00000000ffd00000, 0x00000000ffe00000, 0x00000000ffe00000|100%| O|  |TAMS 0x00000000ffe00000| PB 0x00000000ffd00000| Untracked 
|2046|0x00000000ffe00000, 0x00000000fff00000, 0x00000000fff00000|100%| O|  |TAMS 0x00000000fff00000| PB 0x00000000ffe00000| Untracked 
|2047|0x00000000fff00000, 0x00000000fff00000, 0x0000000100000000|  0%| F|  |TAMS 0x00000000fff00000| PB 0x00000000fff00000| Untracked 

Card table byte_map: [0x000001e924e50000,0x000001e925250000] _byte_map_base: 0x000001e924a50000

Marking Bits: (CMBitMap*) 0x000001e912608c40
 Bits: [0x000001e925250000, 0x000001e927250000)

Polling page: 0x000001e9101b0000

Metaspace:

Usage:
  Non-class:    219.07 MB used.
      Class:     31.52 MB used.
       Both:    250.59 MB used.

Virtual space:
  Non-class space:      256.00 MB reserved,     219.88 MB ( 86%) committed,  4 nodes.
      Class space:        1.00 GB reserved,      32.19 MB (  3%) committed,  1 nodes.
             Both:        1.25 GB reserved,     252.06 MB ( 20%) committed. 

Chunk freelists:
   Non-Class:  3.86 MB
       Class:  15.77 MB
        Both:  19.62 MB

MaxMetaspaceSize: unlimited
CompressedClassSpaceSize: 1.00 GB
Initial GC threshold: 21.00 MB
Current GC threshold: 400.56 MB
CDS: off
 - commit_granule_bytes: 65536.
 - commit_granule_words: 8192.
 - virtual_space_node_default_size: 8388608.
 - enlarge_chunks_in_place: 1.
 - use_allocation_guard: 0.


Internal statistics:

num_allocs_failed_limit: 12.
num_arena_births: 5222.
num_arena_deaths: 2616.
num_vsnodes_births: 5.
num_vsnodes_deaths: 0.
num_space_committed: 4442.
num_space_uncommitted: 112.
num_chunks_returned_to_freelist: 4014.
num_chunks_taken_from_freelist: 17993.
num_chunk_merges: 1473.
num_chunk_splits: 11811.
num_chunks_enlarged: 8665.
num_inconsistent_stats: 0.

CodeHeap 'non-profiled nmethods': size=120000Kb used=27385Kb max_used=27385Kb free=92614Kb
 bounds [0x000001e91d1e0000, 0x000001e91ed10000, 0x000001e924710000]
CodeHeap 'profiled nmethods': size=120000Kb used=77194Kb max_used=83360Kb free=42805Kb
 bounds [0x000001e915710000, 0x000001e91a880000, 0x000001e91cc40000]
CodeHeap 'non-nmethods': size=5760Kb used=2378Kb max_used=2534Kb free=3381Kb
 bounds [0x000001e91cc40000, 0x000001e91ced0000, 0x000001e91d1e0000]
CodeCache: size=245760Kb, used=106957Kb, max_used=113279Kb, free=138800Kb
 total_blobs=30472, nmethods=29254, adapters=1119, full_count=0
Compilation: enabled, stopped_count=0, restarted_count=0

Compilation events (20 events):
Event: 2406.443 Thread 0x000001e9461619c0 nmethod 48852 0x000001e91d483710 code [0x000001e91d4838c0, 0x000001e91d483e38]
Event: 2406.443 Thread 0x000001e9461619c0 48929       4       ksp.com.intellij.psi.impl.compiled.FirstPassData$RegularClassEntry::<init> (6 bytes)
Event: 2406.445 Thread 0x000001e9461619c0 nmethod 48929 0x000001e91dda9290 code [0x000001e91dda9420, 0x000001e91dda95b0]
Event: 2406.445 Thread 0x000001e9461619c0 48753       4       kotlin.collections.MapsKt__MapWithDefaultKt::getOrImplicitDefaultNullable (93 bytes)
Event: 2406.445 Thread 0x000001e92e0b6de0 48931       3       ksp.org.jetbrains.kotlin.fir.resolve.providers.impl.AbstractFirBuiltinSymbolProvider$BuiltInsPackageFragmentWrapper$$Lambda/0x00000001016daea8::invoke (12 bytes)
Event: 2406.446 Thread 0x000001e92e0b6de0 nmethod 48931 0x000001e918f5f310 code [0x000001e918f5f600, 0x000001e918f60558]
Event: 2406.446 Thread 0x000001e92e0b6de0 48932       3       ksp.org.jetbrains.kotlin.fir.resolve.providers.impl.AbstractFirBuiltinSymbolProvider$BuiltInsPackageFragmentWrapper::classCache$lambda$0 (20 bytes)
Event: 2406.447 Thread 0x000001e92e0b6de0 nmethod 48932 0x000001e9191dc310 code [0x000001e9191dc5e0, 0x000001e9191dd2f8]
Event: 2406.447 Thread 0x000001e92e0b6de0 48933       3       ksp.org.jetbrains.kotlin.fir.deserialization.AbstractAnnotationDeserializer::loadClassAnnotations (161 bytes)
Event: 2406.449 Thread 0x000001e92e0b6de0 nmethod 48933 0x000001e917647f10 code [0x000001e917648420, 0x000001e91764ab60]
Event: 2406.451 Thread 0x000001e92e0b6de0 48936       3       ksp.org.jetbrains.kotlin.load.java.AbstractAnnotationTypeQualifierResolver::isAnnotationApplicableFromContainer (45 bytes)
Event: 2406.453 Thread 0x000001e92e0b6de0 nmethod 48936 0x000001e918b76c90 code [0x000001e918b76f20, 0x000001e918b779c0]
Event: 2406.454 Thread 0x000001e92e0b6de0 48937       3       com.squareup.kotlinpoet.TagMap$Companion::invoke-BEeaP9Q (14 bytes)
Event: 2406.455 Thread 0x000001e92e0b6de0 nmethod 48937 0x000001e919a56490 code [0x000001e919a567a0, 0x000001e919a57788]
Event: 2406.455 Thread 0x000001e92e0b6de0 48938       3       com.squareup.kotlinpoet.UtilKt::toImmutableMap (27 bytes)
Event: 2406.456 Thread 0x000001e92e0b6de0 nmethod 48938 0x000001e918eed910 code [0x000001e918eedba0, 0x000001e918eee630]
Event: 2406.467 Thread 0x000001e92e0b6de0 48939       3       ksp.com.intellij.psi.impl.cache.TypeAnnotationContainer$ClsTypeAnnotationImpl::getNameReferenceElement (19 bytes)
Event: 2406.468 Thread 0x000001e92e0b6de0 nmethod 48939 0x000001e918884990 code [0x000001e918884b60, 0x000001e918884ea0]
Event: 2406.468 Thread 0x000001e9461619c0 nmethod 48753 0x000001e91ed06490 code [0x000001e91ed06740, 0x000001e91ed077b0]
Event: 2406.468 Thread 0x000001e9461619c0 48934       4       ksp.org.jetbrains.kotlin.fir.java.JavaTypeConversionKt::toConeTypeProjection (994 bytes)

GC Heap History (20 events):
Event: 2400.488 GC heap after
{Heap after GC invocations=110 (full 0):
 garbage-first heap   total 909312K, used 422912K [0x0000000080000000, 0x0000000100000000)
  region size 1024K, 8 young (8192K), 8 survivors (8192K)
 Metaspace       used 240268K, committed 246080K, reserved 1310720K
  class space    used 30098K, committed 32256K, reserved 1048576K
}
Event: 2400.663 GC heap before
{Heap before GC invocations=111 (full 0):
 garbage-first heap   total 909312K, used 472064K [0x0000000080000000, 0x0000000100000000)
  region size 1024K, 56 young (57344K), 8 survivors (8192K)
 Metaspace       used 240272K, committed 246080K, reserved 1310720K
  class space    used 30098K, committed 32256K, reserved 1048576K
}
Event: 2400.707 GC heap after
{Heap after GC invocations=112 (full 0):
 garbage-first heap   total 909312K, used 434056K [0x0000000080000000, 0x0000000100000000)
  region size 1024K, 7 young (7168K), 7 survivors (7168K)
 Metaspace       used 240272K, committed 246080K, reserved 1310720K
  class space    used 30098K, committed 32256K, reserved 1048576K
}
Event: 2400.829 GC heap before
{Heap before GC invocations=112 (full 0):
 garbage-first heap   total 909312K, used 471944K [0x0000000080000000, 0x0000000100000000)
  region size 1024K, 44 young (45056K), 7 survivors (7168K)
 Metaspace       used 240292K, committed 246080K, reserved 1310720K
  class space    used 30100K, committed 32256K, reserved 1048576K
}
Event: 2400.865 GC heap after
{Heap after GC invocations=113 (full 0):
 garbage-first heap   total 1384448K, used 423192K [0x0000000080000000, 0x0000000100000000)
  region size 1024K, 6 young (6144K), 6 survivors (6144K)
 Metaspace       used 240292K, committed 246080K, reserved 1310720K
  class space    used 30100K, committed 32256K, reserved 1048576K
}
Event: 2401.277 GC heap before
{Heap before GC invocations=113 (full 0):
 garbage-first heap   total 1384448K, used 486680K [0x0000000080000000, 0x0000000100000000)
  region size 1024K, 67 young (68608K), 6 survivors (6144K)
 Metaspace       used 242530K, committed 246080K, reserved 1310720K
  class space    used 30357K, committed 32256K, reserved 1048576K
}
Event: 2401.313 GC heap after
{Heap after GC invocations=114 (full 0):
 garbage-first heap   total 1384448K, used 420074K [0x0000000080000000, 0x0000000100000000)
  region size 1024K, 9 young (9216K), 9 survivors (9216K)
 Metaspace       used 242530K, committed 246080K, reserved 1310720K
  class space    used 30357K, committed 32256K, reserved 1048576K
}
Event: 2401.560 GC heap before
{Heap before GC invocations=114 (full 0):
 garbage-first heap   total 1384448K, used 480490K [0x0000000080000000, 0x0000000100000000)
  region size 1024K, 67 young (68608K), 9 survivors (9216K)
 Metaspace       used 242586K, committed 246080K, reserved 1310720K
  class space    used 30358K, committed 32256K, reserved 1048576K
}
Event: 2401.636 GC heap after
{Heap after GC invocations=115 (full 0):
 garbage-first heap   total 1384448K, used 424244K [0x0000000080000000, 0x0000000100000000)
  region size 1024K, 9 young (9216K), 9 survivors (9216K)
 Metaspace       used 242586K, committed 246080K, reserved 1310720K
  class space    used 30358K, committed 32256K, reserved 1048576K
}
Event: 2401.944 GC heap before
{Heap before GC invocations=115 (full 0):
 garbage-first heap   total 1384448K, used 484660K [0x0000000080000000, 0x0000000100000000)
  region size 1024K, 67 young (68608K), 9 survivors (9216K)
 Metaspace       used 243269K, committed 246464K, reserved 1310720K
  class space    used 30437K, committed 32256K, reserved 1048576K
}
Event: 2402.020 GC heap after
{Heap after GC invocations=116 (full 0):
 garbage-first heap   total 1384448K, used 429056K [0x0000000080000000, 0x0000000100000000)
  region size 1024K, 9 young (9216K), 9 survivors (9216K)
 Metaspace       used 243269K, committed 246464K, reserved 1310720K
  class space    used 30437K, committed 32256K, reserved 1048576K
}
Event: 2402.749 GC heap before
{Heap before GC invocations=116 (full 0):
 garbage-first heap   total 1384448K, used 488448K [0x0000000080000000, 0x0000000100000000)
  region size 1024K, 67 young (68608K), 9 survivors (9216K)
 Metaspace       used 246524K, committed 248704K, reserved 1310720K
  class space    used 30866K, committed 32256K, reserved 1048576K
}
Event: 2403.097 GC heap after
{Heap after GC invocations=117 (full 0):
 garbage-first heap   total 1527808K, used 430726K [0x0000000080000000, 0x0000000100000000)
  region size 1024K, 9 young (9216K), 9 survivors (9216K)
 Metaspace       used 246524K, committed 248704K, reserved 1310720K
  class space    used 30866K, committed 32256K, reserved 1048576K
}
Event: 2403.931 GC heap before
{Heap before GC invocations=117 (full 0):
 garbage-first heap   total 1527808K, used 497286K [0x0000000080000000, 0x0000000100000000)
  region size 1024K, 74 young (75776K), 9 survivors (9216K)
 Metaspace       used 247343K, committed 249408K, reserved 1310720K
  class space    used 30990K, committed 32256K, reserved 1048576K
}
Event: 2404.024 GC heap after
{Heap after GC invocations=118 (full 0):
 garbage-first heap   total 1527808K, used 437248K [0x0000000080000000, 0x0000000100000000)
  region size 1024K, 10 young (10240K), 10 survivors (10240K)
 Metaspace       used 247343K, committed 249408K, reserved 1310720K
  class space    used 30990K, committed 32256K, reserved 1048576K
}
Event: 2404.660 GC heap before
{Heap before GC invocations=118 (full 0):
 garbage-first heap   total 1527808K, used 502784K [0x0000000080000000, 0x0000000100000000)
  region size 1024K, 74 young (75776K), 10 survivors (10240K)
 Metaspace       used 247571K, committed 249600K, reserved 1310720K
  class space    used 31006K, committed 32256K, reserved 1048576K
}
Event: 2404.757 GC heap after
{Heap after GC invocations=119 (full 0):
 garbage-first heap   total 1527808K, used 440832K [0x0000000080000000, 0x0000000100000000)
  region size 1024K, 10 young (10240K), 10 survivors (10240K)
 Metaspace       used 247571K, committed 249600K, reserved 1310720K
  class space    used 31006K, committed 32256K, reserved 1048576K
}
Event: 2405.159 GC heap before
{Heap before GC invocations=119 (full 0):
 garbage-first heap   total 1527808K, used 506368K [0x0000000080000000, 0x0000000100000000)
  region size 1024K, 74 young (75776K), 10 survivors (10240K)
 Metaspace       used 247920K, committed 249920K, reserved 1310720K
  class space    used 31033K, committed 32256K, reserved 1048576K
}
Event: 2405.235 GC heap after
{Heap after GC invocations=120 (full 0):
 garbage-first heap   total 1527808K, used 440061K [0x0000000080000000, 0x0000000100000000)
  region size 1024K, 8 young (8192K), 8 survivors (8192K)
 Metaspace       used 247920K, committed 249920K, reserved 1310720K
  class space    used 31033K, committed 32256K, reserved 1048576K
}
Event: 2406.470 GC heap before
{Heap before GC invocations=120 (full 0):
 garbage-first heap   total 1527808K, used 560893K [0x0000000080000000, 0x0000000100000000)
  region size 1024K, 126 young (129024K), 8 survivors (8192K)
 Metaspace       used 256600K, committed 258112K, reserved 1310720K
  class space    used 32273K, committed 32960K, reserved 1048576K
}

Dll operation events (6 events):
Event: 0.016 Loaded shared library C:\Program Files\Android\Android Studio\jbr\bin\java.dll
Event: 0.021 Loaded shared library C:\Program Files\Android\Android Studio\jbr\bin\zip.dll
Event: 0.596 Loaded shared library C:\Program Files\Android\Android Studio\jbr\bin\verify.dll
Event: 145.658 Unloaded dll "C:\Users\dell\AppData\Local\Temp\sqlite-3.41.2.2-eabf1153-0e7d-4247-9224-fb63a21c7729-sqlitejdbc.dll" [0x00007ffb77ef0000]
Event: 242.851 Unloaded dll "C:\Users\dell\AppData\Local\Temp\sqlite-3.41.2.2-a419d387-99de-47ee-8836-84c5090a20c6-sqlitejdbc.dll" [0x00007ffb77ef0000]
Event: 2399.258 Unloaded dll "C:\Users\dell\AppData\Local\Temp\sqlite-3.41.2.2-c6568d84-09b0-4804-b5ed-241be8cdc5b4-sqlitejdbc.dll" [0x00007ffb77ef0000]

Deoptimization events (20 events):
Event: 2406.122 Thread 0x000001e9307a4020 Uncommon trap: trap_request=0xffffffc6 fr.pc=0x000001e91ec4ce60 relative=0x0000000000000540
Event: 2406.122 Thread 0x000001e9307a4020 Uncommon trap: reason=bimorphic_or_optimized_type_check action=maybe_recompile pc=0x000001e91ec4ce60 method=ksp.com.intellij.lang.impl.PsiBuilderAdapter.getTokenText()Ljava/lang/String; @ 4 c2
Event: 2406.122 Thread 0x000001e9307a4020 DEOPT PACKING pc=0x000001e91ec4ce60 sp=0x000000187aefc720
Event: 2406.122 Thread 0x000001e9307a4020 DEOPT UNPACKING pc=0x000001e91cc943a2 sp=0x000000187aefc6c8 mode 2
Event: 2406.122 Thread 0x000001e9307a4020 Uncommon trap: trap_request=0xffffffc6 fr.pc=0x000001e91ec4ce60 relative=0x0000000000000540
Event: 2406.122 Thread 0x000001e9307a4020 Uncommon trap: reason=bimorphic_or_optimized_type_check action=maybe_recompile pc=0x000001e91ec4ce60 method=ksp.com.intellij.lang.impl.PsiBuilderAdapter.getTokenText()Ljava/lang/String; @ 4 c2
Event: 2406.122 Thread 0x000001e9307a4020 DEOPT PACKING pc=0x000001e91ec4ce60 sp=0x000000187aefc610
Event: 2406.122 Thread 0x000001e9307a4020 DEOPT UNPACKING pc=0x000001e91cc943a2 sp=0x000000187aefc5b8 mode 2
Event: 2406.126 Thread 0x000001e9307a4020 Uncommon trap: trap_request=0xffffffc6 fr.pc=0x000001e91e460e2c relative=0x000000000000108c
Event: 2406.126 Thread 0x000001e9307a4020 Uncommon trap: reason=bimorphic_or_optimized_type_check action=maybe_recompile pc=0x000001e91e460e2c method=java.util.concurrent.ConcurrentHashMap.replaceNode(Ljava/lang/Object;Ljava/lang/Object;Ljava/lang/Object;)Ljava/lang/Object; @ 147 c2
Event: 2406.126 Thread 0x000001e9307a4020 DEOPT PACKING pc=0x000001e91e460e2c sp=0x000000187aefcd40
Event: 2406.126 Thread 0x000001e9307a4020 DEOPT UNPACKING pc=0x000001e91cc943a2 sp=0x000000187aefccc8 mode 2
Event: 2406.127 Thread 0x000001e9307a4020 Uncommon trap: trap_request=0xffffffc6 fr.pc=0x000001e91e460e2c relative=0x000000000000108c
Event: 2406.127 Thread 0x000001e9307a4020 Uncommon trap: reason=bimorphic_or_optimized_type_check action=maybe_recompile pc=0x000001e91e460e2c method=java.util.concurrent.ConcurrentHashMap.replaceNode(Ljava/lang/Object;Ljava/lang/Object;Ljava/lang/Object;)Ljava/lang/Object; @ 147 c2
Event: 2406.127 Thread 0x000001e9307a4020 DEOPT PACKING pc=0x000001e91e460e2c sp=0x000000187aefbab0
Event: 2406.127 Thread 0x000001e9307a4020 DEOPT UNPACKING pc=0x000001e91cc943a2 sp=0x000000187aefba38 mode 2
Event: 2406.140 Thread 0x000001e9307a4020 Uncommon trap: trap_request=0xffffff6e fr.pc=0x000001e91ece2010 relative=0x0000000000003c70
Event: 2406.140 Thread 0x000001e9307a4020 Uncommon trap: reason=loop_limit_check action=maybe_recompile pc=0x000001e91ece2010 method=ksp.org.jetbrains.kotlin.fir.deserialization.AbstractFirDeserializedSymbolProvider$symbolNamesProvider$1.computeTopLevelClassifierNames(Lksp/org/jetbrains/kotlin/na
Event: 2406.140 Thread 0x000001e9307a4020 DEOPT PACKING pc=0x000001e91ece2010 sp=0x000000187aefbc70
Event: 2406.140 Thread 0x000001e9307a4020 DEOPT UNPACKING pc=0x000001e91cc943a2 sp=0x000000187aefbc08 mode 2

Classes loaded (20 events):
Event: 269.090 Loading class java/lang/StackStreamFactory
Event: 269.093 Loading class java/lang/StackStreamFactory done
Event: 269.093 Loading class java/lang/StackWalker$ExtendedOption
Event: 269.093 Loading class java/lang/StackWalker$ExtendedOption done
Event: 269.093 Loading class java/lang/StackStreamFactory$StackFrameTraverser
Event: 269.093 Loading class java/lang/StackStreamFactory$StackFrameTraverser done
Event: 269.093 Loading class java/lang/StackStreamFactory$WalkerState
Event: 269.093 Loading class java/lang/StackStreamFactory$WalkerState done
Event: 269.093 Loading class java/lang/StackStreamFactory$StackFrameTraverser$StackFrameBuffer
Event: 269.096 Loading class java/lang/StackStreamFactory$FrameBuffer
Event: 269.096 Loading class java/lang/StackStreamFactory$FrameBuffer done
Event: 269.096 Loading class java/lang/StackStreamFactory$StackFrameTraverser$StackFrameBuffer done
Event: 269.099 Loading class java/util/logging/LogRecord
Event: 269.101 Loading class java/util/logging/LogRecord done
Event: 1216.997 Loading class java/rmi/server/Unreferenced
Event: 1217.060 Loading class java/rmi/server/Unreferenced done
Event: 2229.710 Loading class jdk/internal/math/FormattedFPDecimal
Event: 2229.829 Loading class jdk/internal/math/FormattedFPDecimal done
Event: 2237.425 Loading class java/lang/annotation/IncompleteAnnotationException
Event: 2237.431 Loading class java/lang/annotation/IncompleteAnnotationException done

Classes unloaded (20 events):
Event: 2395.861 Thread 0x000001e92e044940 Unloading class 0x00000001001d4800 'java/lang/invoke/LambdaForm$MH+0x00000001001d4800'
Event: 2395.862 Thread 0x000001e92e044940 Unloading class 0x00000001001c9000 'java/lang/invoke/LambdaForm$MH+0x00000001001c9000'
Event: 2395.862 Thread 0x000001e92e044940 Unloading class 0x00000001001c8c00 'java/lang/invoke/LambdaForm$MH+0x00000001001c8c00'
Event: 2395.862 Thread 0x000001e92e044940 Unloading class 0x00000001001c8800 'java/lang/invoke/LambdaForm$BMH+0x00000001001c8800'
Event: 2395.862 Thread 0x000001e92e044940 Unloading class 0x00000001001c8000 'java/lang/invoke/LambdaForm$MH+0x00000001001c8000'
Event: 2395.862 Thread 0x000001e92e044940 Unloading class 0x00000001001a1000 'java/lang/invoke/LambdaForm$MH+0x00000001001a1000'
Event: 2395.862 Thread 0x000001e92e044940 Unloading class 0x00000001001a0c00 'java/lang/invoke/LambdaForm$MH+0x00000001001a0c00'
Event: 2395.862 Thread 0x000001e92e044940 Unloading class 0x00000001001a0800 'java/lang/invoke/LambdaForm$MH+0x00000001001a0800'
Event: 2395.862 Thread 0x000001e92e044940 Unloading class 0x0000000100190400 'java/lang/invoke/LambdaForm$MH+0x0000000100190400'
Event: 2395.862 Thread 0x000001e92e044940 Unloading class 0x0000000100190000 'java/lang/invoke/LambdaForm$MH+0x0000000100190000'
Event: 2395.862 Thread 0x000001e92e044940 Unloading class 0x0000000100184800 'java/lang/invoke/LambdaForm$MH+0x0000000100184800'
Event: 2395.862 Thread 0x000001e92e044940 Unloading class 0x0000000100120c00 'java/lang/invoke/LambdaForm$DMH+0x0000000100120c00'
Event: 2395.862 Thread 0x000001e92e044940 Unloading class 0x000000010011d400 'java/lang/invoke/LambdaForm$MH+0x000000010011d400'
Event: 2395.863 Thread 0x000001e92e044940 Unloading class 0x000000010011cc00 'java/lang/invoke/LambdaForm$MH+0x000000010011cc00'
Event: 2395.863 Thread 0x000001e92e044940 Unloading class 0x000000010011c800 'java/lang/invoke/LambdaForm$MH+0x000000010011c800'
Event: 2395.863 Thread 0x000001e92e044940 Unloading class 0x000000010011c000 'java/lang/invoke/LambdaForm$MH+0x000000010011c000'
Event: 2395.863 Thread 0x000001e92e044940 Unloading class 0x00000001000c1800 'java/lang/invoke/LambdaForm$MH+0x00000001000c1800'
Event: 2395.863 Thread 0x000001e92e044940 Unloading class 0x00000001000c1400 'java/lang/invoke/LambdaForm$MH+0x00000001000c1400'
Event: 2395.863 Thread 0x000001e92e044940 Unloading class 0x00000001000c1000 'java/lang/invoke/LambdaForm$MH+0x00000001000c1000'
Event: 2395.863 Thread 0x000001e92e044940 Unloading class 0x00000001000c0800 'java/lang/invoke/LambdaForm$MH+0x00000001000c0800'

Classes redefined (0 events):
No events

Internal exceptions (20 events):
Event: 2403.329 Thread 0x000001e9307a4d40 Exception <a 'java/lang/IncompatibleClassChangeError'{0x00000000fec571a0}: Found class java.lang.Object, but interface was expected> (0x00000000fec571a0) 
thrown [s\src\hotspot\share\interpreter\linkResolver.cpp, line 851]
Event: 2403.330 Thread 0x000001e9307a4d40 Exception <a 'sun/nio/fs/WindowsException'{0x00000000fec62648}> (0x00000000fec62648) 
thrown [s\src\hotspot\share\prims\jni.cpp, line 537]
Event: 2404.115 Thread 0x000001e9307a4d40 Implicit null exception at 0x000001e91e310fe0 to 0x000001e91e31102a
Event: 2405.245 Thread 0x000001e9307a4020 Exception <a 'sun/nio/fs/WindowsException'{0x00000000fff3d9f0}> (0x00000000fff3d9f0) 
thrown [s\src\hotspot\share\prims\jni.cpp, line 537]
Event: 2405.347 Thread 0x000001e9307a4d40 Implicit null exception at 0x000001e91d59dc60 to 0x000001e91d59dcaa
Event: 2405.540 Thread 0x000001e9307a4d40 Exception <a 'sun/nio/fs/WindowsException'{0x00000000dac8f428}> (0x00000000dac8f428) 
thrown [s\src\hotspot\share\prims\jni.cpp, line 537]
Event: 2405.575 Thread 0x000001e9307a4d40 Exception <a 'java/lang/IncompatibleClassChangeError'{0x00000000da804be8}: Found class java.lang.Object, but interface was expected> (0x00000000da804be8) 
thrown [s\src\hotspot\share\interpreter\linkResolver.cpp, line 851]
Event: 2405.628 Thread 0x000001e9307a4d40 Exception <a 'sun/nio/fs/WindowsException'{0x00000000da457838}> (0x00000000da457838) 
thrown [s\src\hotspot\share\prims\jni.cpp, line 537]
Event: 2405.628 Thread 0x000001e9307a4d40 Exception <a 'sun/nio/fs/WindowsException'{0x00000000da458400}> (0x00000000da458400) 
thrown [s\src\hotspot\share\prims\jni.cpp, line 537]
Event: 2405.630 Thread 0x000001e9307a4d40 Exception <a 'sun/nio/fs/WindowsException'{0x00000000da459620}> (0x00000000da459620) 
thrown [s\src\hotspot\share\prims\jni.cpp, line 537]
Event: 2405.646 Thread 0x000001e9307a4d40 Exception <a 'sun/nio/fs/WindowsException'{0x00000000da379bd0}> (0x00000000da379bd0) 
thrown [s\src\hotspot\share\prims\jni.cpp, line 537]
Event: 2405.649 Thread 0x000001e9307a4020 Exception <a 'java/lang/IncompatibleClassChangeError'{0x00000000da231c00}: Found class java.lang.Object, but interface was expected> (0x00000000da231c00) 
thrown [s\src\hotspot\share\interpreter\linkResolver.cpp, line 851]
Event: 2405.658 Thread 0x000001e9307a4d40 Exception <a 'sun/nio/fs/WindowsException'{0x00000000da2ce380}> (0x00000000da2ce380) 
thrown [s\src\hotspot\share\prims\jni.cpp, line 537]
Event: 2405.677 Thread 0x000001e9307a4020 Exception <a 'java/lang/IncompatibleClassChangeError'{0x00000000da0c8728}: Found class java.lang.Object, but interface was expected> (0x00000000da0c8728) 
thrown [s\src\hotspot\share\interpreter\linkResolver.cpp, line 851]
Event: 2405.827 Thread 0x000001e9307a4020 Implicit null exception at 0x000001e91e9a670c to 0x000001e91e9a6806
Event: 2405.895 Thread 0x000001e9307a4d40 Exception <a 'java/lang/IncompatibleClassChangeError'{0x00000000d86f1c98}: Found class java.lang.Object, but interface was expected> (0x00000000d86f1c98) 
thrown [s\src\hotspot\share\interpreter\linkResolver.cpp, line 851]
Event: 2405.921 Thread 0x000001e9307a4d40 Exception <a 'java/lang/IncompatibleClassChangeError'{0x00000000d846a098}: Found class java.lang.Object, but interface was expected> (0x00000000d846a098) 
thrown [s\src\hotspot\share\interpreter\linkResolver.cpp, line 851]
Event: 2406.083 Thread 0x000001e9307a4020 Exception <a 'sun/nio/fs/WindowsException'{0x00000000d7611ca8}> (0x00000000d7611ca8) 
thrown [s\src\hotspot\share\prims\jni.cpp, line 537]
Event: 2406.354 Thread 0x000001e9307a4d40 Exception <a 'java/lang/IncompatibleClassChangeError'{0x00000000d5fa3d28}: Found class java.lang.Object, but interface was expected> (0x00000000d5fa3d28) 
thrown [s\src\hotspot\share\interpreter\linkResolver.cpp, line 851]
Event: 2406.361 Thread 0x000001e9307a4d40 Exception <a 'java/lang/IncompatibleClassChangeError'{0x00000000d5fe73e8}: Found class java.lang.Object, but interface was expected> (0x00000000d5fe73e8) 
thrown [s\src\hotspot\share\interpreter\linkResolver.cpp, line 851]

ZGC Phase Switch (0 events):
No events

VM Operations (20 events):
Event: 2404.024 Executing safepoint VM operation: G1CollectForAllocation (G1 Evacuation Pause) done
Event: 2404.644 Executing safepoint VM operation: ICBufferFull
Event: 2404.644 Executing safepoint VM operation: ICBufferFull done
Event: 2404.660 Executing safepoint VM operation: G1CollectForAllocation (G1 Evacuation Pause)
Event: 2404.757 Executing safepoint VM operation: G1CollectForAllocation (G1 Evacuation Pause) done
Event: 2404.923 Executing non-safepoint VM operation: HandshakeAllThreads (HandshakeForDeflation)
Event: 2404.924 Executing non-safepoint VM operation: HandshakeAllThreads (HandshakeForDeflation) done
Event: 2404.924 Executing non-safepoint VM operation: RendezvousGCThreads
Event: 2404.924 Executing non-safepoint VM operation: RendezvousGCThreads done
Event: 2405.152 Executing safepoint VM operation: ICBufferFull
Event: 2405.152 Executing safepoint VM operation: ICBufferFull done
Event: 2405.159 Executing safepoint VM operation: G1CollectForAllocation (G1 Evacuation Pause)
Event: 2405.235 Executing safepoint VM operation: G1CollectForAllocation (G1 Evacuation Pause) done
Event: 2405.643 Executing safepoint VM operation: ICBufferFull
Event: 2405.643 Executing safepoint VM operation: ICBufferFull done
Event: 2406.029 Executing safepoint VM operation: ICBufferFull
Event: 2406.029 Executing safepoint VM operation: ICBufferFull done
Event: 2406.186 Executing safepoint VM operation: ICBufferFull
Event: 2406.187 Executing safepoint VM operation: ICBufferFull done
Event: 2406.470 Executing safepoint VM operation: G1CollectForAllocation (G1 Evacuation Pause)

Memory protections (0 events):
No events

Nmethod flushes (20 events):
Event: 2398.758 Thread 0x000001e92e044940 flushing  nmethod 0x000001e919f4ed10
Event: 2398.758 Thread 0x000001e92e044940 flushing  nmethod 0x000001e919f4f210
Event: 2398.758 Thread 0x000001e92e044940 flushing  nmethod 0x000001e919f4f590
Event: 2398.758 Thread 0x000001e92e044940 flushing  nmethod 0x000001e91a02a710
Event: 2398.758 Thread 0x000001e92e044940 flushing  nmethod 0x000001e91a02f810
Event: 2398.758 Thread 0x000001e92e044940 flushing  nmethod 0x000001e91a02fd90
Event: 2398.758 Thread 0x000001e92e044940 flushing  nmethod 0x000001e91a030290
Event: 2398.758 Thread 0x000001e92e044940 flushing  nmethod 0x000001e91a030690
Event: 2398.758 Thread 0x000001e92e044940 flushing  nmethod 0x000001e91a030b90
Event: 2398.758 Thread 0x000001e92e044940 flushing  nmethod 0x000001e91a030f90
Event: 2398.758 Thread 0x000001e92e044940 flushing  nmethod 0x000001e91a031490
Event: 2398.758 Thread 0x000001e92e044940 flushing  nmethod 0x000001e91a032410
Event: 2398.758 Thread 0x000001e92e044940 flushing  nmethod 0x000001e91a032890
Event: 2398.758 Thread 0x000001e92e044940 flushing  nmethod 0x000001e91a032d10
Event: 2398.758 Thread 0x000001e92e044940 flushing  nmethod 0x000001e91a033190
Event: 2398.758 Thread 0x000001e92e044940 flushing  nmethod 0x000001e91a033590
Event: 2398.758 Thread 0x000001e92e044940 flushing  nmethod 0x000001e91a033b10
Event: 2398.758 Thread 0x000001e92e044940 flushing  nmethod 0x000001e91a034010
Event: 2398.758 Thread 0x000001e92e044940 flushing  nmethod 0x000001e91a034510
Event: 2398.758 Thread 0x000001e92e044940 flushing  nmethod 0x000001e91a5b2010

Events (20 events):
Event: 2392.821 Thread 0x000001e946225ce0 Thread added: 0x000001e946230e10
Event: 2392.825 Thread 0x000001e946230e10 Thread added: 0x000001e94622d990
Event: 2392.827 Thread 0x000001e946230e10 Thread added: 0x000001e946233570
Event: 2392.827 Thread 0x000001e946230e10 Thread added: 0x000001e9462314a0
Event: 2392.827 Thread 0x000001e946230e10 Thread added: 0x000001e946234920
Event: 2392.827 Thread 0x000001e946230e10 Thread added: 0x000001e946231b30
Event: 2392.829 Thread 0x000001e946230e10 Thread added: 0x000001e9462321c0
Event: 2392.829 Thread 0x000001e946230e10 Thread added: 0x000001e946232850
Event: 2392.832 Thread 0x000001e94622d990 Thread added: 0x000001e946235640
Event: 2394.038 Thread 0x000001e94622d990 Thread added: 0x000001e9307a4020
Event: 2394.850 Thread 0x000001e93ffb0550 Thread exited: 0x000001e93ffb0550
Event: 2394.966 Thread 0x000001e946234920 Thread added: 0x000001e9307a4d40
Event: 2399.277 Thread 0x000001e94623d2f0 Thread exited: 0x000001e94623d2f0
Event: 2399.336 Thread 0x000001e92e0b6de0 Thread added: 0x000001e946160c20
Event: 2399.359 Thread 0x000001e92e0b6de0 Thread added: 0x000001e9461619c0
Event: 2400.913 Thread 0x000001e9307a4d40 Thread added: 0x000001e948aee990
Event: 2400.913 Thread 0x000001e9307a4020 Thread added: 0x000001e948aec8c0
Event: 2400.914 Thread 0x000001e9307a4020 Thread added: 0x000001e948aeb510
Event: 2400.914 Thread 0x000001e948aec8c0 Thread added: 0x000001e948aec230
Event: 2403.760 Thread 0x000001e948aec8c0 Thread added: 0x000001e948b07350


Dynamic libraries:
0x00007ff74fa90000 - 0x00007ff74fa9a000 	C:\Program Files\Android\Android Studio\jbr\bin\java.exe
0x00007ffbe3440000 - 0x00007ffbe36a6000 	C:\WINDOWS\SYSTEM32\ntdll.dll
0x00007ffbe1170000 - 0x00007ffbe1239000 	C:\WINDOWS\System32\KERNEL32.DLL
0x00007ffbe0c30000 - 0x00007ffbe102f000 	C:\WINDOWS\System32\KERNELBASE.dll
0x00007ffbe08a0000 - 0x00007ffbe09ec000 	C:\WINDOWS\System32\ucrtbase.dll
0x00007ffbb67b0000 - 0x00007ffbb67cb000 	C:\Program Files\Android\Android Studio\jbr\bin\VCRUNTIME140.dll
0x00007ffbb2e80000 - 0x00007ffbb2e98000 	C:\Program Files\Android\Android Studio\jbr\bin\jli.dll
0x00007ffbe3030000 - 0x00007ffbe31f6000 	C:\WINDOWS\System32\USER32.dll
0x00007ffbe0b70000 - 0x00007ffbe0b97000 	C:\WINDOWS\System32\win32u.dll
0x00007ffbc79e0000 - 0x00007ffbc7c71000 	C:\WINDOWS\WinSxS\amd64_microsoft.windows.common-controls_6595b64144ccf1df_6.0.26100.8972_none_3e0da176e32f9d4b\COMCTL32.dll
0x00007ffbe27a0000 - 0x00007ffbe27cb000 	C:\WINDOWS\System32\GDI32.dll
0x00007ffbe32c0000 - 0x00007ffbe3369000 	C:\WINDOWS\System32\msvcrt.dll
0x00007ffbe1040000 - 0x00007ffbe1169000 	C:\WINDOWS\System32\gdi32full.dll
0x00007ffbe0a00000 - 0x00007ffbe0aa3000 	C:\WINDOWS\System32\msvcp_win.dll
0x00007ffbe25b0000 - 0x00007ffbe25e2000 	C:\WINDOWS\System32\IMM32.DLL
0x00007ffbc8da0000 - 0x00007ffbc8dac000 	C:\Program Files\Android\Android Studio\jbr\bin\vcruntime140_1.dll
0x00007ffb77d00000 - 0x00007ffb77d8d000 	C:\Program Files\Android\Android Studio\jbr\bin\msvcp140.dll
0x00007ffb0ca30000 - 0x00007ffb0d6c6000 	C:\Program Files\Android\Android Studio\jbr\bin\server\jvm.dll
0x00007ffbe26d0000 - 0x00007ffbe278c000 	C:\WINDOWS\System32\ADVAPI32.dll
0x00007ffbe3200000 - 0x00007ffbe32aa000 	C:\WINDOWS\System32\sechost.dll
0x00007ffbe1ed0000 - 0x00007ffbe1fe8000 	C:\WINDOWS\System32\RPCRT4.dll
0x00007ffbe1360000 - 0x00007ffbe13e2000 	C:\WINDOWS\System32\WS2_32.dll
0x00007ffbe04b0000 - 0x00007ffbe050e000 	C:\WINDOWS\SYSTEM32\POWRPROF.dll
0x00007ffbcba20000 - 0x00007ffbcba56000 	C:\WINDOWS\SYSTEM32\WINMM.dll
0x00007ffbce250000 - 0x00007ffbce25b000 	C:\WINDOWS\SYSTEM32\VERSION.dll
0x00007ffbe0490000 - 0x00007ffbe04a5000 	C:\WINDOWS\SYSTEM32\UMPDC.dll
0x00007ffbdf300000 - 0x00007ffbdf31b000 	C:\WINDOWS\SYSTEM32\kernel.appcore.dll
0x00007ffbc8c10000 - 0x00007ffbc8c1a000 	C:\Program Files\Android\Android Studio\jbr\bin\jimage.dll
0x00007ffbdaad0000 - 0x00007ffbdad12000 	C:\WINDOWS\SYSTEM32\DBGHELP.DLL
0x00007ffbe1450000 - 0x00007ffbe17d5000 	C:\WINDOWS\System32\combase.dll
0x00007ffbe25f0000 - 0x00007ffbe26c9000 	C:\WINDOWS\System32\OLEAUT32.dll
0x00007ffbc5810000 - 0x00007ffbc584b000 	C:\WINDOWS\SYSTEM32\dbgcore.DLL
0x00007ffbe0650000 - 0x00007ffbe06fc000 	C:\WINDOWS\System32\bcryptPrimitives.dll
0x00007ffbd7f40000 - 0x00007ffbd7f4e000 	C:\Program Files\Android\Android Studio\jbr\bin\instrument.dll
0x00007ffbb3280000 - 0x00007ffbb32a0000 	C:\Program Files\Android\Android Studio\jbr\bin\java.dll
0x00007ffbb31e0000 - 0x00007ffbb31f8000 	C:\Program Files\Android\Android Studio\jbr\bin\zip.dll
0x00007ffbe27d0000 - 0x00007ffbe2f58000 	C:\WINDOWS\System32\SHELL32.dll
0x00007ffbde0c0000 - 0x00007ffbde95b000 	C:\WINDOWS\SYSTEM32\windows.storage.dll
0x00007ffbe1920000 - 0x00007ffbe1a19000 	C:\WINDOWS\System32\SHCORE.dll
0x00007ffbe1830000 - 0x00007ffbe1896000 	C:\WINDOWS\System32\shlwapi.dll
0x00007ffbe0570000 - 0x00007ffbe0599000 	C:\WINDOWS\SYSTEM32\profapi.dll
0x00007ffbb9e40000 - 0x00007ffbb9e50000 	C:\Program Files\Android\Android Studio\jbr\bin\net.dll
0x00007ffbd7030000 - 0x00007ffbd7158000 	C:\WINDOWS\SYSTEM32\WINHTTP.dll
0x00007ffbdf890000 - 0x00007ffbdf8fc000 	C:\WINDOWS\system32\mswsock.dll
0x00007ffbb30d0000 - 0x00007ffbb30e6000 	C:\Program Files\Android\Android Studio\jbr\bin\nio.dll
0x00007ffbb3220000 - 0x00007ffbb3230000 	C:\Program Files\Android\Android Studio\jbr\bin\verify.dll
0x00007ffbc8c40000 - 0x00007ffbc8c67000 	C:\Users\dell\.gradle\native\660c5614fbf4a5f2a75b1949f50a0caf5cd603558e7d8a26e50b933a0cfb79d1\windows-amd64\native-platform.dll
0x00007ffb990c0000 - 0x00007ffb99137000 	C:\Users\dell\.gradle\native\0.2.8\x86_64-windows-gnu\gradle-fileevents.dll
0x00007ffbb85e0000 - 0x00007ffbb85e9000 	C:\Program Files\Android\Android Studio\jbr\bin\management.dll
0x00007ffbb3dd0000 - 0x00007ffbb3ddb000 	C:\Program Files\Android\Android Studio\jbr\bin\management_ext.dll
0x00007ffbe32b0000 - 0x00007ffbe32b8000 	C:\WINDOWS\System32\PSAPI.DLL
0x00007ffbdecb0000 - 0x00007ffbdece3000 	C:\WINDOWS\SYSTEM32\IPHLPAPI.DLL
0x00007ffbe3020000 - 0x00007ffbe302a000 	C:\WINDOWS\System32\NSI.dll
0x00007ffbb9e10000 - 0x00007ffbb9e19000 	C:\Program Files\Android\Android Studio\jbr\bin\extnet.dll
0x00007ffbdfcb0000 - 0x00007ffbdfccb000 	C:\WINDOWS\SYSTEM32\CRYPTSP.dll
0x00007ffbdf260000 - 0x00007ffbdf299000 	C:\WINDOWS\system32\rsaenh.dll
0x00007ffbdf940000 - 0x00007ffbdf972000 	C:\WINDOWS\SYSTEM32\USERENV.dll
0x00007ffbe0540000 - 0x00007ffbe056a000 	C:\WINDOWS\SYSTEM32\bcrypt.dll
0x00007ffbdfaf0000 - 0x00007ffbdfafc000 	C:\WINDOWS\SYSTEM32\CRYPTBASE.dll
0x00007ffbaac20000 - 0x00007ffbaac28000 	C:\WINDOWS\system32\wshunix.dll
0x00007ffb61e50000 - 0x00007ffb61fe9000 	C:\Program Files\Android\Android Studio\jbr\bin\awt.dll
0x00007ffbda510000 - 0x00007ffbda53f000 	C:\WINDOWS\SYSTEM32\dwmapi.dll
0x00007ffba4cc0000 - 0x00007ffba4d04000 	C:\Program Files\Android\Android Studio\jbr\bin\nvdaControllerClient64.dll
0x00007ffbc1800000 - 0x00007ffbc1875000 	C:\WINDOWS\SYSTEM32\OLEACC.dll
0x00007ffbd9ec0000 - 0x00007ffbd9f5f000 	C:\WINDOWS\SYSTEM32\apphelp.dll
0x00007ffbda280000 - 0x00007ffbda328000 	C:\WINDOWS\system32\uxtheme.dll
0x00007ffbe2440000 - 0x00007ffbe259d000 	C:\WINDOWS\System32\MSCTF.dll
0x00007ffbe22a0000 - 0x00007ffbe2439000 	C:\WINDOWS\System32\ole32.dll
0x00007ffbdf430000 - 0x00007ffbdf466000 	C:\WINDOWS\SYSTEM32\ntmarta.dll
0x00007ffbc8e40000 - 0x00007ffbc8e47000 	C:\Program Files\Android\Android Studio\jbr\bin\rmi.dll
0x00007ffb994e0000 - 0x00007ffb99521000 	C:\Users\dell\AppData\Local\Temp\jna-3079617\jna1377884636824781941.dll

JVMTI agents:
C:\Users\dell\.gradle\wrapper\dists\gradle-9.4.1-bin\arn2x92ynaizyzdaamcbpbhtj\gradle-9.4.1\lib\agents\gradle-instrumentation-agent-9.4.1.jar path:C:\Program Files\Android\Android Studio\jbr\bin\instrument.dll, loaded, initialized, instrumentlib options:none

dbghelp: loaded successfully - version: 4.0.5 - missing functions: none
symbol engine: initialized successfully - sym options: 0x614 - pdb path: .;C:\Program Files\Android\Android Studio\jbr\bin;C:\WINDOWS\SYSTEM32;C:\WINDOWS\WinSxS\amd64_microsoft.windows.common-controls_6595b64144ccf1df_6.0.26100.8972_none_3e0da176e32f9d4b;C:\Program Files\Android\Android Studio\jbr\bin\server;C:\Users\dell\.gradle\native\660c5614fbf4a5f2a75b1949f50a0caf5cd603558e7d8a26e50b933a0cfb79d1\windows-amd64;C:\Users\dell\.gradle\native\0.2.8\x86_64-windows-gnu;C:\Users\dell\AppData\Local\Temp;C:\Users\dell\AppData\Local\Temp\jna-3079617

VM Arguments:
jvm_args: --add-opens=java.base/java.lang=ALL-UNNAMED --add-opens=java.base/java.lang.invoke=ALL-UNNAMED --add-opens=java.base/java.util=ALL-UNNAMED --add-opens=java.prefs/java.util.prefs=ALL-UNNAMED --add-exports=jdk.compiler/com.sun.tools.javac.api=ALL-UNNAMED --add-exports=jdk.compiler/com.sun.tools.javac.util=ALL-UNNAMED --add-opens=java.base/java.util=ALL-UNNAMED --add-opens=java.prefs/java.util.prefs=ALL-UNNAMED --add-opens=java.base/java.nio.charset=ALL-UNNAMED --add-opens=java.base/java.net=ALL-UNNAMED --add-opens=java.base/java.util.concurrent=ALL-UNNAMED --add-opens=java.base/java.util.concurrent.atomic=ALL-UNNAMED --add-opens=java.xml/javax.xml.namespace=ALL-UNNAMED --add-opens=java.base/java.time=ALL-UNNAMED -Xmx2048m -Dfile.encoding=UTF-8 -Duser.country=US -Duser.language=en -Duser.variant -javaagent:C:\Users\dell\.gradle\wrapper\dists\gradle-9.4.1-bin\arn2x92ynaizyzdaamcbpbhtj\gradle-9.4.1\lib\agents\gradle-instrumentation-agent-9.4.1.jar 
java_command: org.gradle.launcher.daemon.bootstrap.GradleDaemon 9.4.1
java_class_path (initial): C:\Users\dell\.gradle\wrapper\dists\gradle-9.4.1-bin\arn2x92ynaizyzdaamcbpbhtj\gradle-9.4.1\lib\gradle-daemon-main-9.4.1.jar
Launcher Type: SUN_STANDARD

[Global flags]
     intx CICompilerCount                          = 4                                         {product} {ergonomic}
     uint ConcGCThreads                            = 2                                         {product} {ergonomic}
     uint G1ConcRefinementThreads                  = 8                                         {product} {ergonomic}
   size_t G1HeapRegionSize                         = 1048576                                   {product} {ergonomic}
    uintx GCDrainStackTargetSize                   = 64                                        {product} {ergonomic}
   size_t InitialHeapSize                          = 132120576                                 {product} {ergonomic}
   size_t MarkStackSize                            = 4194304                                   {product} {ergonomic}
   size_t MaxHeapSize                              = 2147483648                                {product} {command line}
   size_t MaxNewSize                               = 1287651328                                {product} {ergonomic}
   size_t MinHeapDeltaBytes                        = 1048576                                   {product} {ergonomic}
   size_t MinHeapSize                              = 8388608                                   {product} {ergonomic}
    uintx NonNMethodCodeHeapSize                   = 5839372                                {pd product} {ergonomic}
    uintx NonProfiledCodeHeapSize                  = 122909434                              {pd product} {ergonomic}
    uintx ProfiledCodeHeapSize                     = 122909434                              {pd product} {ergonomic}
    uintx ReservedCodeCacheSize                    = 251658240                              {pd product} {ergonomic}
     bool SegmentedCodeCache                       = true                                      {product} {ergonomic}
   size_t SoftMaxHeapSize                          = 2147483648                             {manageable} {ergonomic}
     bool UseCompressedOops                        = true                           {product lp64_product} {ergonomic}
     bool UseG1GC                                  = true                                      {product} {ergonomic}
     bool UseLargePagesIndividualAllocation        = false                                  {pd product} {ergonomic}

Logging:
Log output configuration:
 #0: stdout all=warning uptime,level,tags foldmultilines=false
 #1: stderr all=off uptime,level,tags foldmultilines=false

Release file:
JAVA_VERSION="21.0.10" 
MODULES="java.base java.compiler java.datatransfer java.xml java.prefs java.desktop java.instrument java.logging java.management java.security.sasl java.naming java.rmi java.management.rmi java.net.http java.scripting java.security.jgss java.transaction.xa java.sql java.sql.rowset java.xml.crypto java.se java.smartcardio jdk.accessibility jdk.internal.jvmstat jdk.attach jdk.charsets jdk.internal.opt jdk.zipfs jdk.compiler jdk.crypto.ec jdk.crypto.cryptoki jdk.dynalink jdk.hotspot.agent jdk.httpserver jdk.internal.ed jdk.internal.le jdk.internal.vm.ci jdk.jartool jdk.javadoc jdk.jcmd jdk.jdeps jdk.jdwp.agent jdk.jdi jdk.jfr jdk.jlink jdk.jsobject jdk.localedata jdk.management jdk.management.agent jdk.management.jfr jdk.naming.dns jdk.naming.rmi jdk.net jdk.sctp jdk.security.auth jdk.security.jgss jdk.unsupported jdk.unsupported.desktop jdk.xml.dom" 
IMPLEMENTOR="JetBrains s.r.o." 
JAVA_RUNTIME_VERSION="21.0.10+-14961533-b1163.108" 
LIBC="default" 
OS_ARCH="x86_64" 
OS_NAME="Windows" 
SOURCE=".:git:1351622c2ff2" 

Environment Variables:
JAVA_HOME=C:/Program Files/Android/Android Studio/jbr
PATH=C:\Users\dell\bin;C:\Program Files\Git\mingw64\bin;C:\Program Files\Git\usr\local\bin;C:\Program Files\Git\usr\bin;C:\Program Files\Git\usr\bin;C:\Program Files\Git\mingw64\bin;C:\Program Files\Git\usr\bin;C:\Users\dell\bin;C:\WINDOWS\system32;C:\WINDOWS;C:\WINDOWS\System32\Wbem;C:\WINDOWS\System32\WindowsPowerShell\v1.0;C:\WINDOWS\System32\OpenSSH;C:\Program Files\dotnet;C:\Program Files (x86)\Windows Kits\10\Windows Performance Toolkit;C:\Program Files\Microsoft SQL Server\150\Tools\Binn;C:\Program Files\Microsoft SQL Server\Client SDK\ODBC\170\Tools\Binn;C:\Program Files (x86)\Incredibuild;C:\Program Files (x86)\Microsoft SQL Server\100\Tools\Binn;C:\Program Files\Microsoft SQL Server\100\Tools\Binn;C:\Program Files\Microsoft SQL Server\100\DTS\Binn;C:\Program Files\Git\cmd;C:\Program Files\nodejs;C:\Program Files\Microsoft SQL Server\170\Tools\Binn;C:\Program Files\Docker\Docker\resources\bin;C:\Users\dell\.cargo\bin;C:\Users\dell\AppData\Local\Programs\Python\Python39\Scripts;C:\Users\dell\AppData\Local\Programs\Python\Python39;C:\Users\dell\AppData\Local\Microsoft\WindowsApps;C:\Users\dell\AppData\Local\Programs\Microsoft VS Code\bin;C:\msys64\ucrt64\bin;C:\msys64\mingw64\bin;C:\msys64\ucrt64\x86_64-w64-mingw32\bin;C:\Users\dell\.dotnet\tools;C:\Users\dell\AppData\Roaming\npm;C:\Users\dell\.local\bin;C:\Users\dell\AppData\Local\Microsoft\WindowsApps;C:\Users\dell\.dotnet\tools;C:\Users\dell\AppData\Local\Programs\Windsurf\bin;C:\Users\dell\AppData\Local\gh-portable\bin;C:\Users\dell\.deno\bin;C:\Users\dell\.deno\bin;C:\Users\dell\AppData\Local\Android\Sdk\platform-tools;C:\Program Files\Git\usr\bin\vendor_perl;C:\Program Files\Git\usr\bin\core_perl;C:\Users\dell\.claude\plugins\cache\fullstack-dev-skills\fullstack-dev-skills\0.4.15\bin;C:\Users\dell\.claude\plugins\synced\d812ca00-0689-4351-a3d8-c2f7ce22617a_b93ac0d7-0166-452d-9847-f550e63b20c3\cowork-plugin-management\bin
USERNAME=dell
SHELL=C:\Program Files\Git\usr\bin\bash.exe
TERM=xterm-256color
OS=Windows_NT
PROCESSOR_IDENTIFIER=Intel64 Family 6 Model 142 Stepping 10, GenuineIntel
TMP=C:\Users\dell\AppData\Local\Temp
TEMP=C:\Users\dell\AppData\Local\Temp




Periodic native trim disabled

JNI global refs:
JNI global refs: 43, weak refs: 51

JNI global refs memory usage: 835, weak refs: 1465

Process memory usage:
Resident Set Size: 1156804K (14% of 8175672K total physical memory with 495828K free physical memory)

OOME stack traces (most recent first):
Classloader memory used:
Loader java.net.URLClassLoader                                                         : 103M
Loader org.gradle.internal.classloader.VisitableURLClassLoader                         : 49210K
Loader org.gradle.internal.classloader.VisitableURLClassLoader$InstrumentingVisitableURLClassLoader: 44988K
Loader bootstrap                                                                       : 30367K
Loader org.gradle.initialization.MixInLegacyTypesClassLoader                           : 14650K
Loader jdk.internal.loader.ClassLoaders$AppClassLoader                                 : 9335K
Loader jdk.internal.loader.ClassLoaders$PlatformClassLoader                            : 993K
Loader jdk.internal.reflect.DelegatingClassLoader                                      : 531K
Loader org.gradle.internal.classloader.VisitableURLClassLoader                         : 368K
Loader jdk.internal.jrtfs.JrtFileSystemProvider$JrtFsLoader                            : 342K
Loader sun.reflect.misc.MethodUtil                                                     : 2984B

Classes loaded by more than one classloader:
Class com.google.common.math.IntMath$1                                                : loaded 5 times (x 71B)
Class com.google.common.collect.Sets$SetView                                          : loaded 5 times (x 138B)
Class com.google.common.collect.ImmutableSet$Builder                                  : loaded 5 times (x 85B)
Class com.google.common.base.CharMatcher$InRange                                      : loaded 5 times (x 111B)
Class com.google.common.collect.Maps$8                                                : loaded 5 times (x 82B)
Class com.google.common.collect.SetMultimap                                           : loaded 5 times (x 70B)
Class com.google.common.collect.RegularImmutableMap$KeySet                            : loaded 5 times (x 152B)
Class com.google.common.collect.Sets$4                                                : loaded 5 times (x 139B)
Class com.google.common.base.PairwiseEquivalence                                      : loaded 5 times (x 83B)
Class com.google.common.base.Equivalence$Identity                                     : loaded 5 times (x 82B)
Class com.google.common.collect.Sets$2                                                : loaded 5 times (x 139B)
Class com.google.common.collect.MapDifference                                         : loaded 5 times (x 70B)
Class [Lcom.google.common.collect.ImmutableEntry;                                     : loaded 5 times (x 69B)
Class com.google.common.collect.RegularImmutableMap$Values                            : loaded 5 times (x 207B)
Class com.google.common.base.CharMatcher$BitSetMatcher                                : loaded 5 times (x 112B)
Class com.google.common.collect.ImmutableSet                                          : loaded 5 times (x 145B)
Class com.google.common.collect.Maps                                                  : loaded 5 times (x 71B)
Class com.google.common.collect.Iterables                                             : loaded 5 times (x 71B)
Class com.google.common.collect.ImmutableMapEntrySet$RegularEntrySet                  : loaded 5 times (x 152B)
Class com.google.common.collect.RegularImmutableList                                  : loaded 5 times (x 213B)
Class com.google.common.base.CharMatcher$Or                                           : loaded 5 times (x 112B)
Class com.google.common.collect.IndexedImmutableSet$1                                 : loaded 5 times (x 213B)
Class com.google.common.base.Equivalence                                              : loaded 5 times (x 82B)
Class com.google.common.collect.Maps$BiMapConverter                                   : loaded 5 times (x 90B)
Class com.google.common.collect.Iterators$ArrayItr                                    : loaded 5 times (x 97B)
Class com.google.common.base.Function                                                 : loaded 5 times (x 70B)
Class com.google.common.collect.ImmutableMapEntry$NonTerminalImmutableMapEntry        : loaded 5 times (x 85B)
Class com.google.common.collect.ImmutableCollection$Builder                           : loaded 5 times (x 76B)
Class com.google.common.collect.ImmutableMapEntry                                     : loaded 5 times (x 85B)
Class com.google.common.math.IntMath                                                  : loaded 5 times (x 71B)
Class com.google.common.base.Supplier                                                 : loaded 5 times (x 70B)
Class com.google.common.base.Joiner                                                   : loaded 5 times (x 79B)
Class com.google.common.collect.Platform                                              : loaded 5 times (x 71B)
Class com.google.common.base.CharMatcher$IsEither                                     : loaded 5 times (x 111B)
Class com.google.common.base.CharMatcher$IsNot                                        : loaded 5 times (x 111B)
Class com.google.common.collect.UnmodifiableIterator                                  : loaded 5 times (x 80B)
Class com.google.common.base.Joiner$2                                                 : loaded 5 times (x 79B)
Class com.google.common.base.CommonPattern                                            : loaded 5 times (x 74B)
Class com.google.common.base.CharMatcher$FastMatcher                                  : loaded 5 times (x 111B)
Class com.google.common.collect.Sets                                                  : loaded 5 times (x 71B)
Class com.google.common.collect.RegularImmutableSet                                   : loaded 5 times (x 149B)
Class com.google.common.base.CharMatcher$NamedFastMatcher                             : loaded 5 times (x 112B)
Class com.google.common.collect.Iterators$MergingIterator                             : loaded 5 times (x 81B)
Class com.google.common.base.CharMatcher$1                                            : loaded 5 times (x 113B)
Class com.google.common.collect.Maps$EntryTransformer                                 : loaded 5 times (x 70B)
Class com.google.common.collect.SingletonImmutableBiMap                               : loaded 5 times (x 143B)
Class com.google.common.collect.Sets$1                                                : loaded 5 times (x 139B)
Class com.google.common.collect.AbstractMapEntry                                      : loaded 5 times (x 81B)
Class com.google.common.base.Ascii                                                    : loaded 5 times (x 71B)
Class com.google.common.collect.ImmutableMap                                          : loaded 5 times (x 120B)
Class com.google.common.base.Predicate                                                : loaded 5 times (x 70B)
Class com.google.common.collect.ImmutableAsList                                       : loaded 5 times (x 209B)
Class com.google.common.collect.Iterators$9                                           : loaded 5 times (x 81B)
Class com.google.common.base.FunctionalEquivalence                                    : loaded 5 times (x 83B)
Class com.google.common.collect.AbstractMapBasedMultimap                              : loaded 5 times (x 139B)
Class com.google.common.collect.Iterators$SingletonIterator                           : loaded 5 times (x 81B)
Class com.google.common.base.CharMatcher$NegatedFastMatcher                           : loaded 5 times (x 113B)
Class com.google.common.collect.ImmutableEnumSet                                      : loaded 5 times (x 146B)
Class com.google.common.collect.ImmutableSet$CachingAsList                            : loaded 5 times (x 148B)
Class com.google.common.base.Converter                                                : loaded 5 times (x 90B)
Class com.google.common.collect.Lists                                                 : loaded 5 times (x 71B)
Class com.google.common.collect.Maps$IteratorBasedAbstractMap                         : loaded 5 times (x 125B)
Class com.google.common.collect.ImmutableList$1                                       : loaded 5 times (x 97B)
Class com.google.common.collect.ImmutableCollection                                   : loaded 5 times (x 125B)
Class com.google.common.base.CharMatcher$AnyOf                                        : loaded 5 times (x 112B)
Class com.google.common.collect.PeekingIterator                                       : loaded 5 times (x 70B)
Class com.google.common.base.CharMatcher$ForPredicate                                 : loaded 5 times (x 112B)
Class com.google.common.collect.AbstractSetMultimap                                   : loaded 5 times (x 174B)
Class com.google.common.collect.Sets$ImprovedAbstractSet                              : loaded 5 times (x 135B)
Class com.google.common.collect.AbstractMultimap                                      : loaded 5 times (x 123B)
Class com.google.common.collect.ArrayListMultimap                                     : loaded 5 times (x 172B)
Class [Lcom.google.common.collect.AbstractMapEntry;                                   : loaded 5 times (x 69B)
Class com.google.common.collect.ImmutableEntry                                        : loaded 5 times (x 82B)
Class com.google.common.collect.ImmutableSet$JdkBackedSetBuilderImpl                  : loaded 5 times (x 76B)
Class com.google.common.collect.Iterators$5                                           : loaded 5 times (x 82B)
Class com.google.common.collect.RegularImmutableMap                                   : loaded 5 times (x 121B)
Class com.google.common.collect.ImmutableMap$MapViewOfValuesAsSingletonSets           : loaded 5 times (x 126B)
Class com.google.common.collect.ImmutableList$Builder                                 : loaded 5 times (x 77B)
Class com.google.common.collect.Iterators$4                                           : loaded 5 times (x 82B)
Class com.google.common.collect.ImmutableBiMap                                        : loaded 5 times (x 143B)
Class com.google.common.collect.AbstractListMultimap                                  : loaded 5 times (x 172B)
Class com.google.common.base.Joiner$1                                                 : loaded 5 times (x 80B)
Class com.google.common.base.CharMatcher                                              : loaded 5 times (x 111B)
Class com.google.common.collect.CollectPreconditions                                  : loaded 5 times (x 71B)
Class com.google.common.collect.ListMultimap                                          : loaded 5 times (x 70B)
Class com.google.common.collect.SortedMapDifference                                   : loaded 5 times (x 70B)
Class com.google.common.collect.SingletonImmutableSet                                 : loaded 5 times (x 146B)
Class com.google.common.collect.ImmutableMap$IteratorBasedImmutableMap                : loaded 5 times (x 126B)
Class com.google.common.collect.Iterators$1                                           : loaded 5 times (x 81B)
Class com.google.common.collect.ImmutableEnumMap                                      : loaded 5 times (x 126B)
Class com.google.common.collect.RegularImmutableAsList                                : loaded 5 times (x 217B)
Class com.google.common.collect.UnmodifiableListIterator                              : loaded 5 times (x 95B)
Class com.google.common.collect.ImmutableList$ReverseImmutableList                    : loaded 5 times (x 209B)
Class com.google.common.base.JdkPattern                                               : loaded 5 times (x 75B)
Class com.google.common.collect.Iterators                                             : loaded 5 times (x 71B)
Class com.google.common.collect.ImmutableList$SubList                                 : loaded 5 times (x 209B)
Class com.google.common.collect.Lists$StringAsImmutableList                           : loaded 5 times (x 207B)
Class Program                                                                         : loaded 5 times (x 72B)
Class com.google.common.collect.SingletonImmutableList                                : loaded 5 times (x 207B)
Class com.google.common.base.Preconditions                                            : loaded 5 times (x 71B)
Class com.google.common.base.ExtraObjectsMethodsForWeb                                : loaded 5 times (x 71B)
Class com.google.common.collect.ImmutableSet$RegularSetBuilderImpl                    : loaded 5 times (x 77B)
Class com.google.common.collect.Multimap                                              : loaded 5 times (x 70B)
Class com.google.common.collect.Hashing                                               : loaded 5 times (x 71B)
Class com.google.common.base.Suppliers                                                : loaded 5 times (x 71B)
Class com.google.common.primitives.IntsMethodsForWeb                                  : loaded 5 times (x 71B)
Class com.google.common.collect.Sets$3                                                : loaded 5 times (x 139B)
Class com.google.common.collect.ImmutableSet$EmptySetBuilderImpl                      : loaded 5 times (x 76B)
Class com.google.common.collect.ImmutableList                                         : loaded 5 times (x 206B)
Class com.google.common.base.Equivalence$Equals                                       : loaded 5 times (x 82B)
Class com.google.common.collect.ImmutableMap$Builder                                  : loaded 5 times (x 82B)
Class com.google.common.base.CharMatcher$And                                          : loaded 5 times (x 112B)
Class com.google.common.base.CharMatcher$Is                                           : loaded 5 times (x 111B)
Class com.google.common.collect.ImmutableSet$SetBuilderImpl                           : loaded 5 times (x 76B)
Class [Lcom.google.common.collect.ImmutableMapEntry;                                  : loaded 5 times (x 69B)
Class com.google.common.base.CharMatcher$Negated                                      : loaded 5 times (x 113B)
Class com.google.common.collect.RegularImmutableBiMap                                 : loaded 5 times (x 149B)
Class com.google.common.collect.RegularImmutableMap$BucketOverflowException           : loaded 5 times (x 82B)
Class com.google.common.base.Objects                                                  : loaded 5 times (x 71B)
Class com.google.common.collect.IndexedImmutableSet                                   : loaded 5 times (x 152B)
Class com.google.common.collect.ImmutableMapEntrySet                                  : loaded 5 times (x 152B)
Class com.google.common.collect.ImmutableMap$1                                        : loaded 5 times (x 81B)
Class com.google.common.math.MathPreconditions                                        : loaded 5 times (x 71B)
Class com.google.common.collect.BiMap                                                 : loaded 5 times (x 70B)
Class com.google.common.collect.AbstractIndexedListIterator                           : loaded 5 times (x 96B)
Class com.google.common.collect.ObjectArrays                                          : loaded 5 times (x 71B)
Class com.google.common.collect.ArrayListMultimapGwtSerializationDependencies         : loaded 5 times (x 172B)
Class com.google.common.collect.Multiset                                              : loaded 5 times (x 70B)
Class com.google.common.collect.AbstractIterator                                      : loaded 5 times (x 82B)
Class com.google.common.primitives.Ints                                               : loaded 5 times (x 71B)
Class com.google.common.collect.NullsFirstOrdering                                    : loaded 4 times (x 115B)
Class com.google.common.collect.ImmutableMultimap$1                                   : loaded 4 times (x 82B)
Class com.google.common.collect.ImmutableMultimap$EntryCollection                     : loaded 4 times (x 128B)
Class com.google.common.collect.Ordering                                              : loaded 4 times (x 114B)
Class com.google.common.collect.Maps$EntrySet                                         : loaded 4 times (x 136B)
Class dagger.hilt.processor.internal.optionvalues.GradleProjectType                   : loaded 4 times (x 79B)
Class com.google.common.base.CharMatcher$None                                         : loaded 4 times (x 112B)
Class com.google.common.collect.ImmutableMultimap$2                                   : loaded 4 times (x 81B)
Class [Lcom.google.common.collect.LinkedHashMultimap$ValueSetLink;                    : loaded 4 times (x 69B)
Class com.google.common.collect.ReverseNaturalOrdering                                : loaded 4 times (x 114B)
Class com.google.common.base.Suppliers$NonSerializableMemoizingSupplier               : loaded 4 times (x 79B)
Class com.google.common.graph.SuccessorsFunction                                      : loaded 4 times (x 70B)
Class com.google.common.base.NullnessCasts                                            : loaded 4 times (x 71B)
Class com.google.common.collect.ImmutableBiMap$Builder                                : loaded 4 times (x 82B)
Class com.google.common.collect.LinkedListMultimap$1KeySetImpl                        : loaded 4 times (x 136B)
Class com.google.common.collect.Maps$TransformedEntriesMap                            : loaded 4 times (x 127B)
Class [Ldagger.hilt.processor.internal.optionvalues.GradleProjectType;                : loaded 4 times (x 69B)
Class com.google.common.collect.LinkedHashMultimap                                    : loaded 4 times (x 175B)
Class com.google.common.collect.AbstractMapBasedMultimap$AsMap$AsMapIterator          : loaded 4 times (x 83B)
Class com.google.common.collect.ImmutableMultimap$Builder                             : loaded 4 times (x 83B)
Class com.google.common.collect.ImmutableMultimap$Keys                                : loaded 4 times (x 166B)
Class com.google.common.collect.ImmutableMapKeySet                                    : loaded 4 times (x 152B)
Class com.google.common.collect.LinkedListMultimap$Node                               : loaded 4 times (x 82B)
Class com.google.common.collect.ExplicitOrdering                                      : loaded 4 times (x 115B)
Class com.google.common.base.Equivalence$Wrapper                                      : loaded 4 times (x 72B)
Class com.google.common.collect.ByFunctionOrdering                                    : loaded 4 times (x 115B)
Class com.google.common.collect.ImmutableSetMultimap                                  : loaded 4 times (x 180B)
Class com.google.common.collect.NullsLastOrdering                                     : loaded 4 times (x 115B)
Class [Lcom.google.common.base.CaseFormat;                                            : loaded 4 times (x 69B)
Class com.google.common.collect.AbstractMapBasedMultimap$AsMap$AsMapEntries           : loaded 4 times (x 138B)
Class com.google.common.collect.CollectSpliterators$1WithCharacteristics              : loaded 4 times (x 90B)
Class com.google.common.collect.SortedIterables                                       : loaded 4 times (x 71B)
Class com.google.common.base.Suppliers$MemoizingSupplier                              : loaded 4 times (x 79B)
Class com.google.common.collect.SortedIterable                                        : loaded 4 times (x 70B)
Class com.google.common.base.Splitter$SplittingIterator                               : loaded 4 times (x 84B)
Class com.google.common.collect.ImmutableSortedAsList                                 : loaded 4 times (x 221B)
Class com.google.common.collect.Iterators$6                                           : loaded 4 times (x 81B)
Class com.google.common.collect.ComparatorOrdering                                    : loaded 4 times (x 115B)
Class com.google.common.collect.ImmutableMultimap$Values                              : loaded 4 times (x 126B)
Class com.google.common.base.Splitter                                                 : loaded 4 times (x 72B)
Class com.google.common.collect.LinkedListMultimap                                    : loaded 4 times (x 161B)
Class com.google.common.collect.LinkedHashMultimap$ValueSetLink                       : loaded 4 times (x 70B)
Class com.google.common.collect.LinkedListMultimap$ValueForKeyIterator                : loaded 4 times (x 99B)
Class com.google.common.collect.ImmutableMultiset                                     : loaded 4 times (x 163B)
Class com.google.common.base.CaseFormat$StringConverter                               : loaded 4 times (x 90B)
Class com.google.common.collect.ImmutableSortedSet$Builder                            : loaded 4 times (x 86B)
Class com.google.common.collect.UsingToStringOrdering                                 : loaded 4 times (x 114B)
Class com.google.common.collect.LinkedListMultimap$DistinctKeyIterator                : loaded 4 times (x 82B)
Class com.google.common.collect.ImmutableSortedSet                                    : loaded 4 times (x 300B)
Class com.google.common.collect.LexicographicalOrdering                               : loaded 4 times (x 115B)
Class com.google.common.base.Splitter$Strategy                                        : loaded 4 times (x 70B)
Class com.google.common.collect.LinkedHashMultimap$ValueEntry                         : loaded 4 times (x 89B)
Class com.google.common.collect.RegularImmutableSortedSet                             : loaded 4 times (x 300B)
Class com.google.common.collect.BaseImmutableMultimap                                 : loaded 4 times (x 123B)
Class com.google.common.collect.Multimaps                                             : loaded 4 times (x 71B)
Class com.google.common.collect.ImmutableMultimap                                     : loaded 4 times (x 147B)
Class [Lcom.google.common.base.AbstractIterator$State;                                : loaded 4 times (x 69B)
Class com.google.common.collect.ImmutableListMultimap                                 : loaded 4 times (x 176B)
Class com.google.common.collect.Maps$IteratorBasedAbstractMap$1                       : loaded 4 times (x 138B)
Class com.google.common.collect.LinkedHashMultimap$ValueSet                           : loaded 4 times (x 142B)
Class com.google.common.collect.SortedSetMultimap                                     : loaded 4 times (x 70B)
Class com.google.common.collect.LinkedListMultimap$KeyList                            : loaded 4 times (x 72B)
Class com.google.common.collect.NaturalOrdering                                       : loaded 4 times (x 115B)
Class com.google.common.collect.ImmutableMultisetGwtSerializationDependencies         : loaded 4 times (x 125B)
Class com.google.common.base.CaseFormat$5                                             : loaded 4 times (x 83B)
Class com.google.common.collect.LinkedHashMultimapGwtSerializationDependencies        : loaded 4 times (x 174B)
Class com.google.common.collect.Sets$3$1                                              : loaded 4 times (x 82B)
Class com.google.common.collect.TransformedIterator                                   : loaded 4 times (x 80B)
Class com.google.common.base.Splitter$1                                               : loaded 4 times (x 77B)
Class com.google.common.collect.Maps$ViewCachingAbstractMap                           : loaded 4 times (x 125B)
Class com.google.common.base.CaseFormat$1                                             : loaded 4 times (x 83B)
Class com.google.common.collect.AllEqualOrdering                                      : loaded 4 times (x 114B)
Class com.google.common.collect.AbstractMapBasedMultimap$AsMap                        : loaded 4 times (x 128B)
Class com.google.common.collect.LinkedListMultimap$1                                  : loaded 4 times (x 199B)
Class com.google.common.base.CaseFormat$4                                             : loaded 4 times (x 83B)
Class com.google.common.collect.CollectSpliterators                                   : loaded 4 times (x 71B)
Class com.google.common.base.CaseFormat$3                                             : loaded 4 times (x 83B)
Class [Lcom.google.common.collect.LinkedHashMultimap$ValueEntry;                      : loaded 4 times (x 69B)
Class com.google.common.collect.CompoundOrdering                                      : loaded 4 times (x 115B)
Class com.google.common.base.AbstractIterator                                         : loaded 4 times (x 80B)
Class com.google.common.collect.Maps$9                                                : loaded 4 times (x 76B)
Class com.google.common.base.CaseFormat                                               : loaded 4 times (x 83B)
Class com.google.common.base.CaseFormat$2                                             : loaded 4 times (x 83B)
Class com.google.common.collect.ReverseOrdering                                       : loaded 4 times (x 115B)
Class com.google.common.base.AbstractIterator$State                                   : loaded 4 times (x 79B)
Class dagger.internal.codegen.validation.SpiModelBindingGraphConverter$DiagnosticReporterImpl: loaded 3 times (x 76B)
Class dagger.internal.codegen.xprocessing.AutoValue_Nullability                       : loaded 3 times (x 76B)
Class com.squareup.javapoet.AnnotationSpec                                            : loaded 3 times (x 72B)
Class dagger.internal.codegen.binding.AssistedInjectionBinding                        : loaded 3 times (x 92B)
Class com.squareup.javapoet.CodeBlock                                                 : loaded 3 times (x 72B)
Class com.google.common.cache.LocalCache$EntryFactory$5                               : loaded 3 times (x 83B)
Class dagger.internal.codegen.xprocessing.XAnnotationSpecs                            : loaded 3 times (x 71B)
Class com.squareup.javapoet.LineWrapper$1                                             : loaded 3 times (x 71B)
Class com.google.common.collect.MultimapBuilder$MultimapBuilderWithKeys               : loaded 3 times (x 82B)
Class dagger.spi.internal.shaded.androidx.room3.compiler.processing.XType             : loaded 3 times (x 70B)
Class com.google.common.collect.MultimapBuilder$2                                     : loaded 3 times (x 83B)
Class com.squareup.kotlinpoet.AnnotationSpec$Builder$Companion                        : loaded 3 times (x 71B)
Class com.google.common.cache.LocalCache$EntryFactory$4                               : loaded 3 times (x 83B)
Class com.google.common.cache.LocalCache$LocalLoadingCache                            : loaded 3 times (x 134B)
Class kotlin.jvm.functions.Function20                                                 : loaded 3 times (x 70B)
Class [Ldagger.spi.internal.shaded.androidx.room3.compiler.processing.XProcessingEnv$Platform;: loaded 3 times (x 69B)
Class kotlin.text.StringsKt__StringNumberConversionsJVMKt                             : loaded 3 times (x 71B)
Class kotlin.sequences.Sequence                                                       : loaded 3 times (x 70B)
Class dagger.internal.codegen.xprocessing.XTypeElements                               : loaded 3 times (x 71B)
Class com.google.common.collect.MultimapBuilder$3                                     : loaded 3 times (x 84B)
Class dagger.spi.internal.shaded.androidx.room3.compiler.codegen.XFunSpec$Builder     : loaded 3 times (x 70B)
Class kotlin.sequences.SequenceScope                                                  : loaded 3 times (x 73B)
Class dagger.internal.codegen.processingstep.ComponentProcessingStep_Factory          : loaded 3 times (x 82B)
Class dagger.internal.codegen.validation.ModuleValidator$ModuleMethodKind             : loaded 3 times (x 79B)
Class dagger.internal.codegen.binding.InjectionSiteFactory_Factory                    : loaded 3 times (x 82B)
Class dagger.internal.codegen.xprocessing.Nullability                                 : loaded 3 times (x 75B)
Class dagger.internal.codegen.kotlin.KotlinMetadataFactory_Factory                    : loaded 3 times (x 81B)
Class dagger.spi.internal.shaded.androidx.room3.compiler.processing.XMethodType       : loaded 3 times (x 70B)
Class dagger.internal.codegen.validation.BindingElementValidator                      : loaded 3 times (x 78B)
Class com.google.common.cache.LocalCache$Strength$1                                   : loaded 3 times (x 81B)
Class kotlin.jvm.functions.Function21                                                 : loaded 3 times (x 70B)
Class dagger.internal.codegen.binding.BindsTypeChecker                                : loaded 3 times (x 72B)
Class dagger.internal.codegen.binding.$AutoValue_MultibindingDeclaration              : loaded 3 times (x 79B)
Class dagger.internal.codegen.binding.OptionalBindingDeclaration                      : loaded 3 times (x 74B)
Class dagger.internal.codegen.validation.ComponentCreatorValidator                    : loaded 3 times (x 75B)
Class dagger.internal.codegen.model.DaggerElement                                     : loaded 3 times (x 73B)
Class dagger.internal.codegen.model.Key$Builder                                       : loaded 3 times (x 76B)
Class dagger.internal.codegen.componentgenerator.ComponentGenerator_Factory           : loaded 3 times (x 82B)
Class dagger.internal.codegen.validation.ProducesMethodValidator                      : loaded 3 times (x 78B)
Class com.google.common.collect.EmptyImmutableSetMultimap                             : loaded 3 times (x 180B)
Class dagger.spi.internal.shaded.androidx.room3.compiler.processing.InternalXAnnotationValue: loaded 3 times (x 157B)
Class dagger.hilt.processor.internal.kotlin.KotlinMetadataFactory                     : loaded 3 times (x 72B)
Class com.google.common.collect.MultimapBuilder$1                                     : loaded 3 times (x 83B)
Class dagger.spi.internal.shaded.androidx.room3.compiler.codegen.XAnnotationSpec$Builder: loaded 3 times (x 70B)
Class dagger.spi.internal.shaded.androidx.room3.compiler.codegen.impl.ImplSpec        : loaded 3 times (x 73B)
Class com.google.common.cache.LocalCache$Strength$2                                   : loaded 3 times (x 81B)
Class kotlin.NoWhenBranchMatchedException                                             : loaded 3 times (x 82B)
Class kotlin.jvm.functions.Function22                                                 : loaded 3 times (x 70B)
Class kotlin.annotation.AnnotationRetention                                           : loaded 3 times (x 79B)
Class kotlin.collections.MapWithDefault                                               : loaded 3 times (x 70B)
Class kotlin.Lazy                                                                     : loaded 3 times (x 70B)
Class kotlin.jvm.functions.Function19                                                 : loaded 3 times (x 70B)
Class dagger.spi.internal.shaded.androidx.room3.compiler.processing.InternalXAnnotationValue$Companion: loaded 3 times (x 71B)
Class dagger.spi.internal.shaded.androidx.room3.compiler.processing.KnownTypeNames    : loaded 3 times (x 71B)
Class [Ldagger.hilt.processor.internal.root.RootType;                                 : loaded 3 times (x 69B)
Class dagger.internal.codegen.processingstep.SuperficialValidator                     : loaded 3 times (x 75B)
Class dagger.internal.codegen.binding.SubcomponentDeclaration$Factory                 : loaded 3 times (x 73B)
Class dagger.internal.codegen.validation.BindingMethodValidatorsModule                : loaded 3 times (x 70B)
Class dagger.internal.codegen.bindinggraphvalidation.BindingGraphValidationModule_ProvidePluginsFactory: loaded 3 times (x 82B)
Class dagger.internal.codegen.bindinggraphvalidation.IncompatiblyScopedBindingsValidator_Factory: loaded 3 times (x 82B)
Class dagger.internal.codegen.processingstep.AssistedFactoryProcessingStep            : loaded 3 times (x 86B)
Class kotlin.reflect.KMutableProperty$Setter                                          : loaded 3 times (x 70B)
Class dagger.internal.codegen.componentgenerator.ComponentGeneratorModule             : loaded 3 times (x 70B)
Class dagger.internal.Provider                                                        : loaded 3 times (x 70B)
Class com.google.common.cache.LocalCache$Strength$3                                   : loaded 3 times (x 81B)
Class com.google.common.base.Ticker$1                                                 : loaded 3 times (x 72B)
Class com.google.common.cache.LocalCache$EntryFactory$3                               : loaded 3 times (x 83B)
Class kotlin.reflect.KTypeParameter                                                   : loaded 3 times (x 70B)
Class kotlin.text.StringsKt__RegexExtensionsJVMKt                                     : loaded 3 times (x 71B)
Class kotlin.collections.ArraysKt___ArraysJvmKt                                       : loaded 3 times (x 71B)
Class kotlin.collections.CollectionsKt__CollectionsKt                                 : loaded 3 times (x 71B)
Class dagger.spi.internal.shaded.androidx.room3.compiler.processing.XProcessingEnv    : loaded 3 times (x 70B)
Class androidx.room.compiler.processing.XProcessingStep                               : loaded 3 times (x 70B)
Class dagger.spi.model.DiagnosticReporter                                             : loaded 3 times (x 75B)
Class dagger.internal.codegen.processingstep.BindsInstanceProcessingStep              : loaded 3 times (x 86B)
Class dagger.internal.codegen.validation.BindingElementValidator$AllowsMultibindings  : loaded 3 times (x 79B)
Class dagger.internal.codegen.validation.InjectBindingRegistryImpl_Factory            : loaded 3 times (x 82B)
Class dagger.hilt.android.processor.internal.androidentrypoint.$AutoValue_AndroidEntryPointMetadata: loaded 3 times (x 92B)
Class dagger.internal.codegen.model.DaggerAnnotation                                  : loaded 3 times (x 75B)
Class com.google.common.cache.CacheBuilder$NullListener                               : loaded 3 times (x 82B)
Class kotlin._Assertions                                                              : loaded 3 times (x 71B)
Class dagger.internal.InstanceFactory                                                 : loaded 3 times (x 85B)
Class kotlin.text.Regex$Companion                                                     : loaded 3 times (x 71B)
Class dagger.internal.codegen.binding.BindingFactory_Factory                          : loaded 3 times (x 82B)
Class dagger.internal.codegen.binding.LegacyBindingGraphConverter_Factory$InstanceHolder: loaded 3 times (x 71B)
Class dagger.internal.codegen.base.DaggerSuperficialValidation                        : loaded 3 times (x 72B)
Class dagger.hilt.processor.internal.ClassNames                                       : loaded 3 times (x 71B)
Class androidx.room.compiler.processing.XProcessingEnv                                : loaded 3 times (x 70B)
Class dagger.internal.codegen.binding.KeyFactory                                      : loaded 3 times (x 72B)
Class dagger.internal.codegen.base.DaggerSuperficialValidation$ValidationException$JavaKeywordErrorType: loaded 3 times (x 84B)
Class com.google.common.cache.LocalCache$EntryFactory$6                               : loaded 3 times (x 83B)
Class dagger.internal.codegen.binding.BindingNode_Factory_Factory                     : loaded 3 times (x 82B)
Class dagger.hilt.processor.internal.root.ir.InvalidRootsException                    : loaded 3 times (x 82B)
Class dagger.internal.codegen.xprocessing.XElements                                   : loaded 3 times (x 71B)
Class [Lkotlin.reflect.KProperty;                                                     : loaded 3 times (x 69B)
Class [Lkotlin.reflect.KCallable;                                                     : loaded 3 times (x 69B)
Class dagger.internal.codegen.DelegateComponentProcessor_SourceFileGeneratorsModule_MembersInjectorGeneratorFactory: loaded 3 times (x 82B)
Class dagger.internal.codegen.validation.ValidationBindingGraphPlugins                : loaded 3 times (x 72B)
Class com.google.common.cache.CacheLoader$FunctionToCacheLoader                       : loaded 3 times (x 75B)
Class [Lkotlin.coroutines.intrinsics.CoroutineSingletons;                             : loaded 3 times (x 69B)
Class dagger.internal.codegen.processingstep.ProcessingStepsModule                    : loaded 3 times (x 70B)
Class kotlin.jvm.internal.FunctionReference                                           : loaded 3 times (x 122B)
Class [Lkotlin.annotation.AnnotationTarget;                                           : loaded 3 times (x 69B)
Class kotlin.enums.EnumEntriesList                                                    : loaded 3 times (x 223B)
Class kotlin.jvm.internal.FunctionBase                                                : loaded 3 times (x 70B)
Class dagger.hilt.android.processor.internal.viewmodel.ViewModelValidationPluginKt$WhenMappings: loaded 3 times (x 71B)
Class kotlin.reflect.KProperty$Accessor                                               : loaded 3 times (x 70B)
Class kotlin.text.StringsKt__StringBuilderKt                                          : loaded 3 times (x 71B)
Class com.google.common.collect.EmptyImmutableListMultimap                            : loaded 3 times (x 176B)
Class dagger.internal.codegen.binding.MethodSignatureFormatter$1                      : loaded 3 times (x 87B)
Class kotlin.jvm.internal.markers.KMappedMarker                                       : loaded 3 times (x 70B)
Class dagger.internal.codegen.bindinggraphvalidation.CompositeBindingGraphPlugin$Factory: loaded 3 times (x 70B)
Class dagger.hilt.processor.internal.definecomponent.DefineComponents                 : loaded 3 times (x 72B)
Class com.google.common.collect.Iterators$EmptyModifiableIterator                     : loaded 3 times (x 86B)
Class com.squareup.javapoet.MethodSpec                                                : loaded 3 times (x 72B)
Class com.squareup.javapoet.TypeSpec$Builder                                          : loaded 3 times (x 72B)
Class dagger.hilt.processor.internal.ProcessorErrors                                  : loaded 3 times (x 71B)
Class com.squareup.kotlinpoet.ClassName$Companion                                     : loaded 3 times (x 71B)
Class kotlin.jvm.internal.CallableReference$NoReceiver                                : loaded 3 times (x 71B)
Class kotlin.collections.builders.ListBuilder$Companion                               : loaded 3 times (x 71B)
Class kotlin.collections.builders.ListBuilder                                         : loaded 3 times (x 207B)
Class kotlin.jvm.functions.Function18                                                 : loaded 3 times (x 70B)
Class kotlin.comparisons.ComparisonsKt___ComparisonsJvmKt                             : loaded 3 times (x 71B)
Class com.google.common.base.MoreObjects                                              : loaded 3 times (x 71B)
Class com.google.common.cache.LocalCache$EntryFactory$2                               : loaded 3 times (x 83B)
Class dagger.spi.internal.shaded.androidx.room3.compiler.processing.XProcessingStep   : loaded 3 times (x 70B)
Class kotlin.collections.CollectionsKt__IteratorsJVMKt                                : loaded 3 times (x 71B)
Class dagger.internal.codegen.base.DaggerSuperficialValidation$ValidationException$KnownErrorType: loaded 3 times (x 84B)
Class dagger.internal.codegen.model.AutoValue_DaggerElement                           : loaded 3 times (x 74B)
Class kotlin.collections.ArraysKt__ArraysJVMKt                                        : loaded 3 times (x 71B)
Class dagger.spi.internal.shaded.androidx.room3.compiler.codegen.XCodeBlock$Builder$Companion: loaded 3 times (x 71B)
Class dagger.internal.codegen.binding.BindingType                                     : loaded 3 times (x 79B)
Class dagger.internal.codegen.binding.AssistedInjectionAnnotations                    : loaded 3 times (x 71B)
Class com.google.common.base.Splitter$5                                               : loaded 3 times (x 80B)
Class dagger.internal.codegen.binding.BindingGraph$TopLevelBindingGraph               : loaded 3 times (x 100B)
Class dagger.internal.codegen.validation.DiagnosticMessageGenerator$Factory           : loaded 3 times (x 72B)
Class dagger.internal.codegen.bindinggraphvalidation.InvalidProductionBindingScopeValidator_Factory: loaded 3 times (x 81B)
Class dagger.internal.codegen.validation.MultibindsMethodValidator_Factory            : loaded 3 times (x 82B)
Class Build_gradle                                                                    : loaded 3 times (x 127B)
Class kotlin.jvm.functions.Function17                                                 : loaded 3 times (x 70B)
Class com.google.common.collect.Table                                                 : loaded 3 times (x 70B)
Class dagger.spi.internal.shaded.androidx.room3.compiler.processing.XRawType          : loaded 3 times (x 70B)
Class [Lcom.google.common.cache.RemovalListener;                                      : loaded 3 times (x 69B)
Class dagger.hilt.android.processor.internal.androidentrypoint.AndroidEntryPointProcessingStep: loaded 3 times (x 86B)
Class com.google.common.cache.LocalCache$EntryFactory$1                               : loaded 3 times (x 83B)
Class kotlin.Result                                                                   : loaded 3 times (x 72B)
Class kotlin.reflect.KProperty0                                                       : loaded 3 times (x 70B)
Class [Ldagger.internal.codegen.binding.FrameworkType;                                : loaded 3 times (x 69B)
Class dagger.spi.internal.shaded.androidx.room3.compiler.codegen.kotlin.KotlinAnnotationSpec: loaded 3 times (x 76B)
Class dagger.hilt.processor.internal.ErrorTypeException                               : loaded 3 times (x 82B)
Class dagger.internal.codegen.binding.FrameworkType                                   : loaded 3 times (x 84B)
Class dagger.spi.internal.shaded.androidx.room3.compiler.codegen.XParameterSpec       : loaded 3 times (x 70B)
Class dagger.internal.codegen.validation.DiagnosticReporterFactory$DiagnosticReporterImpl: loaded 3 times (x 76B)
Class dagger.internal.codegen.binding.InjectionBinding                                : loaded 3 times (x 92B)
Class dagger.hilt.android.processor.internal.androidentrypoint.AutoValue_AndroidEntryPointMetadata: loaded 3 times (x 92B)
Class dagger.spi.internal.shaded.androidx.room3.compiler.processing.DeclarationCollectorKt: loaded 3 times (x 71B)
Class dagger.hilt.processor.internal.kotlin.KotlinMetadataFactory_Factory$InstanceHolder: loaded 3 times (x 71B)
Class dagger.spi.internal.shaded.androidx.room3.compiler.codegen.java.JavaCodeBlock   : loaded 3 times (x 76B)
Class com.google.common.collect.ImmutableMap$MapViewOfValuesAsSingletonSets$1$1       : loaded 3 times (x 83B)
Class dagger.spi.internal.shaded.androidx.room3.compiler.processing.XHasModifiers     : loaded 3 times (x 70B)
Class dagger.internal.codegen.compileroption.ProcessingEnvironmentCompilerOptions$Feature: loaded 3 times (x 90B)
Class dagger.internal.codegen.base.DaggerSuperficialValidation$ValidationException    : loaded 3 times (x 84B)
Class dagger.internal.codegen.binding.ComponentDescriptor$Factory                     : loaded 3 times (x 75B)
Class kotlin.LazyKt                                                                   : loaded 3 times (x 71B)
Class com.google.common.cache.LocalCache$1                                            : loaded 3 times (x 89B)
Class kotlin.collections.SetsKt__SetsKt                                               : loaded 3 times (x 71B)
Class kotlin.reflect.KProperty1                                                       : loaded 3 times (x 70B)
Class kotlin.reflect.KClass                                                           : loaded 3 times (x 70B)
Class kotlin.Pair                                                                     : loaded 3 times (x 72B)
Class kotlin.jvm.functions.Function16                                                 : loaded 3 times (x 70B)
Class kotlin.coroutines.EmptyCoroutineContext                                         : loaded 3 times (x 77B)
Class dagger.spi.model.BindingGraph$Edge                                              : loaded 3 times (x 70B)
Class com.squareup.kotlinpoet.Taggable$Builder                                        : loaded 3 times (x 70B)
Class dagger.spi.internal.shaded.androidx.room3.compiler.codegen.XPropertySpec$Builder: loaded 3 times (x 70B)
Class [Ldagger.spi.internal.shaded.androidx.room3.compiler.codegen.VisibilityModifier;: loaded 3 times (x 69B)
Class dagger.internal.codegen.xprocessing.XTypeSpecs$Builder                          : loaded 3 times (x 100B)
Class dagger.internal.codegen.base.MapType                                            : loaded 3 times (x 72B)
Class dagger.internal.codegen.binding.ModuleDescriptor                                : loaded 3 times (x 81B)
Class dagger.internal.codegen.validation.ProvidesMethodValidator$Validator            : loaded 3 times (x 80B)
Class dagger.internal.codegen.writing.AnnotationCreatorGenerator                      : loaded 3 times (x 81B)
Class [Ldagger.internal.codegen.model.BindingKind;                                    : loaded 3 times (x 69B)
Class dagger.internal.codegen.binding.MethodSignatureFormatter                        : loaded 3 times (x 86B)
Class com.squareup.kotlinpoet.AnnotationSpec$cachedString$2                           : loaded 3 times (x 79B)
Class dagger.internal.codegen.base.UniqueNameSet                                      : loaded 3 times (x 72B)
Class dagger.Lazy                                                                     : loaded 3 times (x 70B)
Class dagger.hilt.processor.internal.kotlin.DaggerKotlinMetadataUtils_MetadataComponent$Builder: loaded 3 times (x 71B)
Class dagger.internal.codegen.binding.FrameworkType$2                                 : loaded 3 times (x 84B)
Class dagger.spi.internal.shaded.androidx.room3.compiler.processing.XEnumTypeElement  : loaded 3 times (x 70B)
Class [Lcom.squareup.javapoet.TypeSpec$Kind;                                          : loaded 3 times (x 69B)
Class com.squareup.javapoet.CodeWriter$Multiset                                       : loaded 3 times (x 72B)
Class kotlin.text.StringsKt__AppendableKt                                             : loaded 3 times (x 71B)
Class dagger.hilt.processor.internal.HiltCompilerOptions$EnumOption                   : loaded 3 times (x 72B)
Class com.google.common.cache.LocalCache$2                                            : loaded 3 times (x 142B)
Class kotlin.reflect.KProperty2                                                       : loaded 3 times (x 70B)
Class kotlin.collections.CollectionsKt__MutableCollectionsKt                          : loaded 3 times (x 71B)
Class com.google.common.collect.MultimapBuilder$4                                     : loaded 3 times (x 84B)
Class dagger.internal.codegen.kotlin.KotlinMetadataUtil_Factory                       : loaded 3 times (x 82B)
Class dagger.spi.internal.shaded.androidx.room3.compiler.processing.XEnumEntry        : loaded 3 times (x 70B)
Class dagger.spi.model.DaggerProcessingEnv$Backend                                    : loaded 3 times (x 79B)
Class dagger.internal.codegen.model.DiagnosticReporter                                : loaded 3 times (x 75B)
Class dagger.internal.codegen.validation.InjectValidator$InternalValidator            : loaded 3 times (x 72B)
Class dagger.internal.codegen.bindinggraphvalidation.CompositeBindingGraphPlugin_Factory_Impl: loaded 3 times (x 75B)
Class dagger.internal.codegen.kotlin.KotlinMetadataFactory_Factory$InstanceHolder     : loaded 3 times (x 71B)
Class com.squareup.javapoet.CodeWriter                                                : loaded 3 times (x 72B)
Class dagger.internal.codegen.validation.InjectBindingRegistryImpl$BindingsCollection : loaded 3 times (x 72B)
Class dagger.internal.codegen.ProcessingEnvironmentModule_ProcessingOptionsFactory    : loaded 3 times (x 82B)
Class dagger.internal.codegen.binding.DependencyRequestFactory_Factory                : loaded 3 times (x 82B)
Class [Ldagger.internal.codegen.base.ClearableCache;                                  : loaded 3 times (x 69B)
Class [Ldagger.internal.codegen.compileroption.ProcessingEnvironmentCompilerOptions$Validation;: loaded 3 times (x 69B)
Class kotlin.reflect.KCallable                                                        : loaded 3 times (x 70B)
Class dagger.internal.codegen.binding.MonitoringModules                               : loaded 3 times (x 75B)
Class dagger.internal.codegen.binding.DelegateDeclaration$Factory                     : loaded 3 times (x 72B)
Class dagger.spi.internal.shaded.androidx.room3.compiler.codegen.VisibilityModifier   : loaded 3 times (x 79B)
Class dagger.spi.internal.shaded.androidx.room3.compiler.codegen.XCodeBlock$Builder   : loaded 3 times (x 70B)
Class dagger.internal.codegen.xprocessing.XTypeSpecs$1                                : loaded 3 times (x 71B)
Class dagger.internal.codegen.model.DependencyRequest$Builder                         : loaded 3 times (x 76B)
Class dagger.internal.codegen.model.Key                                               : loaded 3 times (x 78B)
Class dagger.internal.codegen.componentgenerator.ComponentGenerator                   : loaded 3 times (x 78B)
Class dagger.internal.codegen.DelegateComponentProcessor_SourceFileGeneratorsModule_ModuleConstructorProxyGeneratorFactory: loaded 3 times (x 82B)
Class dagger.internal.codegen.validation.BindingMethodValidator$MethodValidator       : loaded 3 times (x 80B)
Class dagger.internal.codegen.validation.AnyBindingMethodValidator_Factory            : loaded 3 times (x 82B)
Class dagger.hilt.android.processor.internal.androidentrypoint.AndroidEntryPointMetadata: loaded 3 times (x 91B)
Class com.squareup.javapoet.TypeSpec$Kind                                             : loaded 3 times (x 79B)
Class dagger.spi.internal.shaded.androidx.room3.compiler.processing.XExecutableParameterElement: loaded 3 times (x 70B)
Class dagger.spi.internal.shaded.androidx.room3.compiler.codegen.kotlin.KotlinCodeBlock$Builder$Companion: loaded 3 times (x 71B)
Class dagger.internal.codegen.extension.DaggerStreams                                 : loaded 3 times (x 71B)
Class dagger.spi.internal.shaded.androidx.room3.compiler.processing.XBasicAnnotationProcessor: loaded 3 times (x 70B)
Class dagger.spi.internal.shaded.androidx.room3.compiler.codegen.XAnnotationSpec$Builder$Companion: loaded 3 times (x 71B)
Class kotlin.collections.ArraysKt                                                     : loaded 3 times (x 71B)
Class kotlin.text.CharsKt__CharKt                                                     : loaded 3 times (x 71B)
Class kotlin.text.CharsKt                                                             : loaded 3 times (x 71B)
Class kotlin.jvm.functions.Function15                                                 : loaded 3 times (x 70B)
Class dagger.spi.internal.shaded.androidx.room3.compiler.processing.XFiler            : loaded 3 times (x 70B)
Class dagger.internal.codegen.model.AutoValue_DependencyRequest$Builder               : loaded 3 times (x 77B)
Class dagger.internal.codegen.binding.ContributionBinding$Builder                     : loaded 3 times (x 78B)
Class dagger.internal.codegen.model.Scope                                             : loaded 3 times (x 72B)
Class dagger.internal.codegen.binding.MultibindingDeclaration$Factory                 : loaded 3 times (x 72B)
Class dagger.internal.codegen.validation.BindsInstanceMethodValidator                 : loaded 3 times (x 78B)
Class dagger.internal.codegen.processingstep.InjectProcessingStep                     : loaded 3 times (x 86B)
Class dagger.internal.codegen.writing.FactoryGenerator                                : loaded 3 times (x 78B)
Class dagger.internal.codegen.validation.BindingGraphValidator_Factory                : loaded 3 times (x 82B)
Class dagger.internal.codegen.binding.BindingGraphFactory_Factory                     : loaded 3 times (x 82B)
Class dagger.internal.codegen.binding.FrameworkType$1                                 : loaded 3 times (x 84B)
Class com.squareup.kotlinpoet.CodeWriterKt                                            : loaded 3 times (x 71B)
Class dagger.internal.codegen.validation.ComponentHierarchyValidator                  : loaded 3 times (x 72B)
Class dagger.spi.internal.shaded.androidx.room3.compiler.processing.javac.JavacElement: loaded 3 times (x 183B)
Class dagger.internal.codegen.validation.BindsInstanceMethodValidator$Validator       : loaded 3 times (x 77B)
Class com.squareup.javapoet.LineWrapper$RecordingAppendable                           : loaded 3 times (x 77B)
Class com.squareup.kotlinpoet.Taggable                                                : loaded 3 times (x 70B)
Class com.squareup.kotlinpoet.ClassName$special$$inlined$thenBy$2                     : loaded 3 times (x 90B)
Class com.google.common.util.concurrent.UncheckedExecutionException                   : loaded 3 times (x 82B)
Class dagger.internal.codegen.base.KeywordValidator_Factory                           : loaded 3 times (x 81B)
Class dagger.internal.codegen.binding.ComponentDescriptor_Factory_Factory             : loaded 3 times (x 82B)
Class dagger.internal.codegen.validation.MapKeyValidator_Factory                      : loaded 3 times (x 82B)
Class dagger.internal.codegen.writing.LazyMapKeyProxyGenerator_Factory                : loaded 3 times (x 82B)
Class dagger.internal.codegen.base.ValidationReport$Builder                           : loaded 3 times (x 72B)
Class dagger.spi.internal.shaded.androidx.room3.compiler.codegen.XName                : loaded 3 times (x 72B)
Class com.google.common.collect.MultimapBuilder$MultimapBuilderWithKeys$6             : loaded 3 times (x 76B)
Class dagger.hilt.processor.internal.aggregateddeps.AggregatedDepsProcessingStep      : loaded 3 times (x 86B)
Class dagger.internal.codegen.base.SourceFileHjarGenerator                            : loaded 3 times (x 78B)
Class dagger.internal.codegen.validation.ComponentHierarchyValidator_Factory          : loaded 3 times (x 82B)
Class dagger.internal.codegen.binding.BindingGraphFactory                             : loaded 3 times (x 72B)
Class dagger.internal.codegen.writing.MembersInjectorGenerator                        : loaded 3 times (x 78B)
Class com.google.common.collect.ImmutableMap$MapViewOfValuesAsSingletonSets$1         : loaded 3 times (x 82B)
Class dagger.internal.codegen.base.ClearableCache                                     : loaded 3 times (x 70B)
Class dagger.internal.codegen.binding.MonitoringModules_Factory$InstanceHolder        : loaded 3 times (x 71B)
Class dagger.internal.codegen.base.DaggerSuperficialValidation_Factory                : loaded 3 times (x 82B)
Class dagger.internal.codegen.base.KeywordValidator_Factory$InstanceHolder            : loaded 3 times (x 71B)
Class dagger.hilt.processor.internal.kotlin.KotlinMetadataUtils                       : loaded 3 times (x 71B)
Class kotlin.ranges.RangesKt___RangesKt                                               : loaded 3 times (x 71B)
Class kotlin.jvm.functions.Function14                                                 : loaded 3 times (x 70B)
Class com.google.common.cache.LocalCache$ValueReference                               : loaded 3 times (x 70B)
Class androidx.room.DatabaseProcessingStep                                            : loaded 3 times (x 79B)
Class androidx.room.compiler.processing.XProcessingEnv$Companion                      : loaded 3 times (x 71B)
Class com.squareup.kotlinpoet.ClassName$special$$inlined$thenBy$1                     : loaded 3 times (x 90B)
Class [Lcom.squareup.javapoet.TypeName;                                               : loaded 3 times (x 69B)
Class dagger.internal.codegen.writing.ModuleProxies_ModuleConstructorProxyGenerator_Factory: loaded 3 times (x 82B)
Class com.squareup.kotlinpoet.TypeName                                                : loaded 3 times (x 86B)
Class dagger.internal.codegen.processingstep.AssistedFactoryProcessingStep_Factory    : loaded 3 times (x 82B)
Class dagger.internal.codegen.validation.ComponentCreatorValidator_Factory            : loaded 3 times (x 82B)
Class dagger.internal.codegen.binding.MonitoringModules_Factory                       : loaded 3 times (x 81B)
Class dagger.internal.codegen.binding.InjectionAnnotations_Factory                    : loaded 3 times (x 82B)
Class dagger.hilt.processor.internal.definecomponent.AutoValue_DefineComponentMetadatas_DefineComponentMetadata: loaded 3 times (x 76B)
Class dagger.spi.internal.shaded.androidx.room3.compiler.processing.XProcessingEnv$Companion: loaded 3 times (x 71B)
Class dagger.internal.Factory                                                         : loaded 3 times (x 70B)
Class com.google.common.cache.LocalCache$EntryFactory$7                               : loaded 3 times (x 83B)
Class com.squareup.kotlinpoet.Annotatable                                             : loaded 3 times (x 70B)
Class kotlin.coroutines.jvm.internal.SpillingKt                                       : loaded 3 times (x 71B)
Class com.google.common.cache.CacheLoader$UnsupportedLoadingOperationException        : loaded 3 times (x 82B)
Class dagger.internal.codegen.validation.BindingMethodValidatorsModule_IndexValidatorsFactory: loaded 3 times (x 82B)
Class kotlin.DeprecationLevel                                                         : loaded 3 times (x 79B)
Class com.google.common.collect.AbstractMapBasedMultimap$KeySet$1                     : loaded 3 times (x 82B)
Class dagger.internal.codegen.binding.DeclarationFormatter_Factory                    : loaded 3 times (x 82B)
Class kotlin.collections.EmptyList                                                    : loaded 3 times (x 174B)
Class kotlin.collections.MapsKt__MapsJVMKt                                            : loaded 3 times (x 71B)
Class [Ldagger.internal.codegen.compileroption.FeatureStatus;                         : loaded 3 times (x 69B)
Class dagger.internal.codegen.bindinggraphvalidation.IncompatiblyScopedBindingsValidator: loaded 3 times (x 85B)
Class dagger.internal.codegen.bindinggraphvalidation.MissingBindingValidator          : loaded 3 times (x 85B)
Class dagger.internal.codegen.binding.InjectBindingRegistry                           : loaded 3 times (x 70B)
Class dagger.internal.codegen.model.Binding                                           : loaded 3 times (x 70B)
Class dagger.internal.codegen.xprocessing.XPropertySpecs                              : loaded 3 times (x 71B)
Class [Ldagger.spi.internal.shaded.androidx.room3.compiler.codegen.XCodeBlock$Builder;: loaded 3 times (x 69B)
Class dagger.internal.codegen.model.AutoValue_DependencyRequest                       : loaded 3 times (x 76B)
Class dagger.internal.codegen.processingstep.BindingMethodProcessingStep              : loaded 3 times (x 86B)
Class dagger.internal.codegen.validation.ComponentDescriptorValidator                 : loaded 3 times (x 72B)
Class dagger.internal.codegen.base.Util                                               : loaded 3 times (x 71B)
Class com.google.common.collect.Maps$KeySet                                           : loaded 3 times (x 137B)
Class dagger.internal.codegen.base.ContributionType                                   : loaded 3 times (x 79B)
Class com.squareup.javapoet.JavaFile$Builder                                          : loaded 3 times (x 72B)
Class [Landroidx.room.compiler.processing.XProcessingEnv$Backend;                     : loaded 3 times (x 69B)
Class com.google.common.collect.MultimapBuilder$MultimapBuilderWithKeys$5             : loaded 3 times (x 78B)
Class kotlin.KotlinNullPointerException                                               : loaded 3 times (x 83B)
Class kotlin.jvm.functions.Function13                                                 : loaded 3 times (x 70B)
Class kotlin.sequences.SequenceBuilderIterator                                        : loaded 3 times (x 85B)
Class kotlin.collections.builders.ListBuilderKt                                       : loaded 3 times (x 71B)
Class com.google.common.collect.AbstractMapBasedMultimap$Itr                          : loaded 3 times (x 83B)
Class dagger.spi.internal.shaded.androidx.room3.compiler.processing.XConstructorElement: loaded 3 times (x 70B)
Class dagger.hilt.android.processor.internal.androidentrypoint.InjectorEntryPointGenerator: loaded 3 times (x 72B)
Class com.squareup.kotlinpoet.TypeVariableName$Companion                              : loaded 3 times (x 71B)
Class dagger.internal.codegen.xprocessing.XPropertySpecs$1                            : loaded 3 times (x 71B)
Class dagger.internal.codegen.xprocessing.XExecutableTypes                            : loaded 3 times (x 71B)
Class dagger.internal.codegen.binding.InjectionSiteFactory$InjectionSiteVisitor       : loaded 3 times (x 72B)
Class dagger.internal.codegen.model.BindingGraph$MaybeBinding                         : loaded 3 times (x 70B)
Class dagger.internal.codegen.validation.BindsOptionalOfMethodValidator$Validator     : loaded 3 times (x 80B)
Class dagger.internal.codegen.base.ValidationReport                                   : loaded 3 times (x 72B)
Class dagger.internal.codegen.ServiceLoaders                                          : loaded 3 times (x 71B)
Class dagger.hilt.android.processor.internal.androidentrypoint.AndroidEntryPointMetadata$AndroidType: loaded 3 times (x 79B)
Class dagger.spi.internal.shaded.androidx.room3.compiler.processing.XPackageElement   : loaded 3 times (x 70B)
Class dagger.internal.codegen.processingstep.ModuleProcessingStep                     : loaded 3 times (x 86B)
Class [Ldagger.internal.codegen.validation.BindingElementValidator$AllowsMultibindings;: loaded 3 times (x 69B)
Class dagger.internal.codegen.validation.BindsInstanceParameterValidator              : loaded 3 times (x 78B)
Class com.google.common.graph.Network                                                 : loaded 3 times (x 70B)
Class com.google.common.collect.MultimapBuilder$MultimapBuilderWithKeys$4             : loaded 3 times (x 76B)
Class kotlin.ResultKt                                                                 : loaded 3 times (x 71B)
Class dagger.spi.internal.shaded.androidx.room3.compiler.codegen.impl.XAnnotationSpecImpl: loaded 3 times (x 77B)
Class kotlin.collections.CollectionsKt__IterablesKt                                   : loaded 3 times (x 71B)
Class dagger.internal.codegen.validation.BindingMethodValidator$Abstractness          : loaded 3 times (x 79B)
Class dagger.internal.codegen.validation.AssistedValidator_Factory                    : loaded 3 times (x 82B)
Class dagger.internal.codegen.ProcessingEnvironmentModule_MessagerFactory             : loaded 3 times (x 82B)
Class kotlin.collections.AbstractList$Companion                                       : loaded 3 times (x 71B)
Class dagger.internal.codegen.bindinggraphvalidation.InjectBindingValidator           : loaded 3 times (x 85B)
Class kotlin.sequences.SequencesKt___SequencesKt                                      : loaded 3 times (x 71B)
Class com.squareup.javapoet.MethodSpec$Builder                                        : loaded 3 times (x 72B)
Class kotlin.collections.MapsKt                                                       : loaded 3 times (x 71B)
Class dagger.internal.codegen.processingstep.AssistedProcessingStep                   : loaded 3 times (x 86B)
Class dagger.internal.codegen.componentgenerator.TopLevelImplementationComponent$Factory: loaded 3 times (x 70B)
Class dagger.hilt.processor.internal.BaseProcessingStep                               : loaded 3 times (x 86B)
Class kotlin.jvm.functions.Function12                                                 : loaded 3 times (x 70B)
Class kotlin.coroutines.intrinsics.CoroutineSingletons                                : loaded 3 times (x 79B)
Class [Lcom.google.common.cache.Weigher;                                              : loaded 3 times (x 69B)
Class kotlin.collections.IndexingIterable                                             : loaded 3 times (x 79B)
Class kotlin.Result$Failure                                                           : loaded 3 times (x 72B)
Class kotlin.collections.ArraysKt__ArraysKt                                           : loaded 3 times (x 71B)
Class androidx.room.compiler.processing.XProcessingEnvConfig                          : loaded 3 times (x 71B)
Class dagger.spi.internal.shaded.androidx.room3.compiler.codegen.XTypeSpec$Builder    : loaded 3 times (x 70B)
Class dagger.internal.codegen.binding.$AutoValue_DelegateDeclaration                  : loaded 3 times (x 83B)
Class com.google.common.collect.ImmutableSetMultimap$Builder                          : loaded 3 times (x 83B)
Class dagger.internal.codegen.bindinggraphvalidation.MapMultibindingValidator_Factory : loaded 3 times (x 82B)
Class dagger.spi.internal.shaded.androidx.room3.compiler.processing.javac.JavacBasicAnnotationProcessor: loaded 3 times (x 98B)
Class com.squareup.kotlinpoet.Dynamic                                                 : loaded 3 times (x 86B)
Class dagger.internal.codegen.xprocessing.XTypes$1                                    : loaded 3 times (x 71B)
Class androidx.room.compiler.processing.XProcessingEnvConfig$Companion                : loaded 3 times (x 71B)
Class com.squareup.javapoet.ParameterizedTypeName                                     : loaded 3 times (x 81B)
Class dagger.spi.model.BindingGraph$Node                                              : loaded 3 times (x 70B)
Class androidx.room.compiler.processing.XProcessingEnvConfig$Builder                  : loaded 3 times (x 72B)
Class dagger.hilt.processor.internal.HiltCompilerOptions                              : loaded 3 times (x 71B)
Class dagger.internal.DoubleCheck                                                     : loaded 3 times (x 83B)
Class kotlin.collections.SetsKt__SetsJVMKt                                            : loaded 3 times (x 71B)
Class kotlin.Function                                                                 : loaded 3 times (x 70B)
Class dagger.internal.codegen.model.AutoValue_DaggerType                              : loaded 3 times (x 75B)
Class com.squareup.kotlinpoet.CodeBlock                                               : loaded 3 times (x 72B)
Class dagger.internal.codegen.binding.$AutoValue_MembersInjectionBinding_InjectionSite: loaded 3 times (x 77B)
Class dagger.internal.codegen.binding.$AutoValue_InjectionBinding                     : loaded 3 times (x 93B)
Class dagger.internal.codegen.model.$AutoValue_Key$Builder                            : loaded 3 times (x 78B)
Class dagger.internal.codegen.binding.BindingDeclaration                              : loaded 3 times (x 80B)
Class dagger.internal.codegen.binding.BindingFactory                                  : loaded 3 times (x 72B)
Class dagger.internal.codegen.validation.ExternalBindingGraphPlugins_Factory          : loaded 3 times (x 82B)
Class dagger.internal.codegen.validation.DependencyRequestValidator_Factory           : loaded 3 times (x 82B)
Class javax.inject.Provider                                                           : loaded 3 times (x 70B)
Class dagger.spi.internal.shaded.androidx.room3.compiler.processing.InternalXAnnotationValue$Kind$Companion: loaded 3 times (x 71B)
Class dagger.internal.codegen.xprocessing.XAnnotationValues                           : loaded 3 times (x 71B)
Class com.squareup.javapoet.AnnotationSpec$Builder                                    : loaded 3 times (x 72B)
Class dagger.spi.internal.shaded.androidx.room3.compiler.processing.XMethodElement    : loaded 3 times (x 70B)
Class dagger.spi.internal.shaded.androidx.room3.compiler.processing.compat.XConverters: loaded 3 times (x 71B)
Class dagger.spi.internal.shaded.androidx.room3.compiler.codegen.impl.XCodeBlockImpl$Builder: loaded 3 times (x 88B)
Class dagger.internal.codegen.base.ElementFormatter_Factory                           : loaded 3 times (x 81B)
Class dagger.spi.internal.shaded.androidx.room3.compiler.codegen.compat.XConverters   : loaded 3 times (x 71B)
Class com.google.common.cache.Weigher                                                 : loaded 3 times (x 70B)
Class kotlin.internal.ProgressionUtilKt                                               : loaded 3 times (x 71B)
Class kotlin.reflect.KMutableProperty                                                 : loaded 3 times (x 70B)
Class com.google.common.cache.LocalCache$EntryFactory$8                               : loaded 3 times (x 83B)
Class dagger.internal.codegen.binding.AutoValue_ComponentDescriptor                   : loaded 3 times (x 98B)
Class com.google.common.graph.BaseGraph                                               : loaded 3 times (x 70B)
Class dagger.spi.internal.shaded.androidx.room3.compiler.codegen.XCodeBlock$Companion : loaded 3 times (x 71B)
Class dagger.internal.codegen.xprocessing.XAnnotationSpecs$Builder                    : loaded 3 times (x 72B)
Class com.google.common.collect.MultimapBuilder$MultimapBuilderWithKeys$3             : loaded 3 times (x 76B)
Class dagger.internal.codegen.binding.$AutoValue_ModuleDescriptor                     : loaded 3 times (x 86B)
Class dagger.internal.codegen.binding.DependencyRequestFactory                        : loaded 3 times (x 72B)
Class dagger.internal.codegen.bindinggraphvalidation.SetMultibindingValidator_Factory : loaded 3 times (x 81B)
Class dagger.internal.codegen.bindinggraphvalidation.DependsOnProductionExecutorValidator_Factory: loaded 3 times (x 82B)
Class dagger.hilt.processor.internal.definecomponent.DefineComponentMetadatas$DefineComponentMetadata: loaded 3 times (x 75B)
Class dagger.internal.codegen.xprocessing.NullableTypeNames                           : loaded 3 times (x 71B)
Class dagger.hilt.processor.internal.earlyentrypoint.EarlyEntryPointProcessingStep    : loaded 3 times (x 86B)
Class com.google.common.cache.LocalCache$Strength                                     : loaded 3 times (x 81B)
Class com.google.common.cache.Cache                                                   : loaded 3 times (x 70B)
Class kotlin.jvm.internal.PropertyReference                                           : loaded 3 times (x 115B)
Class kotlin.jvm.internal.Intrinsics                                                  : loaded 3 times (x 71B)
Class kotlin.collections.EmptyMap                                                     : loaded 3 times (x 108B)
Class kotlin.reflect.KAnnotatedElement                                                : loaded 3 times (x 70B)
Class kotlin.jvm.functions.Function11                                                 : loaded 3 times (x 70B)
Class kotlin.coroutines.jvm.internal.SuspendFunction                                  : loaded 3 times (x 70B)
Class dagger.internal.codegen.validation.BindingGraphValidator                        : loaded 3 times (x 72B)
Class dagger.internal.codegen.bindinggraphvalidation.SubcomponentFactoryMethodValidator: loaded 3 times (x 85B)
Class dagger.internal.codegen.binding.OptionalBindingDeclaration$Factory              : loaded 3 times (x 73B)
Class dagger.internal.codegen.binding.DelegateDeclaration                             : loaded 3 times (x 80B)
Class dagger.internal.codegen.processingstep.MultibindingAnnotationsProcessingStep    : loaded 3 times (x 86B)
Class dagger.internal.codegen.xprocessing.XTypeElements$Visibility                    : loaded 3 times (x 79B)
Class dagger.spi.internal.shaded.androidx.room3.compiler.processing.javac.kotlin.JvmAbi: loaded 3 times (x 71B)
Class [Lkotlin.reflect.KClass;                                                        : loaded 3 times (x 69B)
Class kotlin.coroutines.intrinsics.IntrinsicsKt                                       : loaded 3 times (x 71B)
Class com.squareup.kotlinpoet.ParameterizedTypeName$Companion                         : loaded 3 times (x 71B)
Class androidx.room.compiler.processing.XFiler                                        : loaded 3 times (x 70B)
Class kotlin.jvm.internal.markers.KMutableCollection                                  : loaded 3 times (x 70B)
Class com.google.common.collect.AbstractMultimap$Entries                              : loaded 3 times (x 120B)
Class kotlin.collections.IndexingIterator                                             : loaded 3 times (x 79B)
Class com.google.common.cache.LoadingCache                                            : loaded 3 times (x 70B)
Class dagger.spi.internal.shaded.androidx.room3.compiler.processing.CommonProcessorDelegate: loaded 3 times (x 72B)
Class dagger.spi.internal.shaded.androidx.room3.compiler.processing.XExecutableElement: loaded 3 times (x 70B)
Class com.google.common.graph.Traverser                                               : loaded 3 times (x 73B)
Class kotlin.reflect.KMutableProperty0                                                : loaded 3 times (x 70B)
Class [Lcom.google.common.cache.CacheBuilder$OneWeigher;                              : loaded 3 times (x 69B)
Class com.google.common.collect.ImmutableMap$IteratorBasedImmutableMap$1EntrySetImpl  : loaded 3 times (x 154B)
Class dagger.internal.codegen.binding.BindsTypeChecker_Factory                        : loaded 3 times (x 82B)
Class com.squareup.kotlinpoet.WildcardTypeName$Companion                              : loaded 3 times (x 71B)
Class dagger.hilt.processor.internal.generatesrootinput.GeneratesRootInputs           : loaded 3 times (x 72B)
Class kotlin.reflect.KClassifier                                                      : loaded 3 times (x 70B)
Class dagger.spi.internal.shaded.androidx.room3.compiler.codegen.java.JavaFunSpecKt$WhenMappings: loaded 3 times (x 71B)
Class dagger.internal.codegen.DaggerDelegateComponentProcessor_Injector$InjectorImpl  : loaded 3 times (x 75B)
Class dagger.internal.codegen.bindinggraphvalidation.ProvisionDependencyOnProducerBindingValidator_Factory: loaded 3 times (x 81B)
Class dagger.hilt.processor.internal.uninstallmodules.UninstallModulesProcessingStep  : loaded 3 times (x 86B)
Class com.google.common.cache.RemovalListener                                         : loaded 3 times (x 70B)
Class [Ldagger.internal.codegen.compileroption.ProcessingEnvironmentCompilerOptions$Feature;: loaded 3 times (x 69B)
Class com.google.common.collect.AbstractMapBasedMultimap$WrappedCollection$WrappedIterator: loaded 3 times (x 84B)
Class dagger.spi.model.DaggerProcessingEnv                                            : loaded 3 times (x 75B)
Class [Ldagger.spi.model.DaggerProcessingEnv$Backend;                                 : loaded 3 times (x 69B)
Class com.google.common.collect.MultimapBuilder$MultimapBuilderWithKeys$2             : loaded 3 times (x 76B)
Class dagger.internal.codegen.binding.FrameworkField                                  : loaded 3 times (x 72B)
Class [Lkotlin.reflect.KAnnotatedElement;                                             : loaded 3 times (x 69B)
Class com.squareup.kotlinpoet.ContextReceivable                                       : loaded 3 times (x 70B)
Class kotlin.annotation.MustBeDocumented                                              : loaded 3 times (x 70B)
Class dagger.internal.codegen.model.RequestKind                                       : loaded 3 times (x 79B)
Class [Ldagger.internal.codegen.validation.BindingMethodValidator$Abstractness;       : loaded 3 times (x 69B)
Class dagger.internal.codegen.componentgenerator.ComponentHjarGenerator               : loaded 3 times (x 78B)
Class dagger.internal.codegen.compileroption.CompilerOptions                          : loaded 3 times (x 94B)
Class dagger.spi.internal.shaded.androidx.room3.compiler.processing.XTypeParameterElement: loaded 3 times (x 70B)
Class jakarta.inject.Provider                                                         : loaded 3 times (x 70B)
Class [Lkotlin.reflect.KClassifier;                                                   : loaded 3 times (x 69B)
Class com.squareup.javapoet.CodeBlock$Builder                                         : loaded 3 times (x 72B)
Class [Lkotlin.LazyThreadSafetyMode;                                                  : loaded 3 times (x 69B)
Class dagger.internal.codegen.xprocessing.XTypes$XTypeEquivalence                     : loaded 3 times (x 84B)
Class com.google.common.graph.PredecessorsFunction                                    : loaded 3 times (x 70B)
Class kotlin.jvm.functions.Function9                                                  : loaded 3 times (x 70B)
Class kotlin.jvm.functions.Function10                                                 : loaded 3 times (x 70B)
Class com.google.common.cache.CacheLoader$InvalidCacheLoadException                   : loaded 3 times (x 82B)
Class dagger.spi.internal.shaded.androidx.room3.compiler.processing.InternalXAnnotated: loaded 3 times (x 70B)
Class kotlin.jvm.JvmClassMappingKt                                                    : loaded 3 times (x 71B)
Class kotlin.reflect.KProperty                                                        : loaded 3 times (x 70B)
Class kotlin.jvm.internal.Reflection                                                  : loaded 3 times (x 71B)
Class kotlin.annotation.AnnotationTarget                                              : loaded 3 times (x 79B)
Class dagger.internal.codegen.processingstep.ModuleProcessingStep_Factory             : loaded 3 times (x 82B)
Class dagger.hilt.processor.internal.ProcessorErrorHandler                            : loaded 3 times (x 72B)
Class dagger.spi.internal.shaded.androidx.room3.compiler.processing.XElementKt        : loaded 3 times (x 71B)
Class com.squareup.kotlinpoet.TypeNames                                               : loaded 3 times (x 71B)
Class dagger.internal.codegen.model.DaggerProcessingEnv                               : loaded 3 times (x 74B)
Class dagger.internal.codegen.binding.AutoValue_OptionalBindingDeclaration            : loaded 3 times (x 75B)
Class [Ldagger.internal.codegen.compileroption.ProcessingEnvironmentCompilerOptions$CommandLineOption;: loaded 3 times (x 69B)
Class dagger.internal.codegen.ProcessingEnvironmentModule_FilerFactory                : loaded 3 times (x 82B)
Class dagger.internal.codegen.binding.MethodSignatureFormatter_Factory                : loaded 3 times (x 82B)
Class dagger.internal.codegen.processingstep.LazyClassKeyProcessingStep               : loaded 3 times (x 86B)
Class com.squareup.kotlinpoet.ParameterizedTypeName                                   : loaded 3 times (x 86B)
Class dagger.internal.codegen.DelegateComponentProcessor$Injector$Factory             : loaded 3 times (x 70B)
Class dagger.internal.codegen.binding.ContributionBinding$1                           : loaded 3 times (x 71B)
Class dagger.internal.codegen.model.BindingGraph$Node                                 : loaded 3 times (x 70B)
Class dagger.internal.codegen.writing.InaccessibleMapKeyProxyGenerator_Factory        : loaded 3 times (x 82B)
Class kotlin.text.StringsKt__StringsJVMKt                                             : loaded 3 times (x 71B)
Class com.google.common.collect.Maps$13                                               : loaded 3 times (x 85B)
Class dagger.internal.codegen.binding.SourceFiles$1                                   : loaded 3 times (x 71B)
Class com.google.common.collect.MultimapBuilder$MultimapBuilderWithKeys$1             : loaded 3 times (x 76B)
Class [Ldagger.spi.internal.shaded.androidx.room3.compiler.codegen.XAnnotationSpec$Builder;: loaded 3 times (x 69B)
Class dagger.internal.codegen.componentgenerator.TopLevelImplementationComponent      : loaded 3 times (x 70B)
Class dagger.internal.codegen.bindinggraphvalidation.DependsOnProductionExecutorValidator: loaded 3 times (x 85B)
Class dagger.internal.codegen.bindinggraphvalidation.ProvisionDependencyOnProducerBindingValidator_Factory$InstanceHolder: loaded 3 times (x 71B)
Class dagger.spi.internal.shaded.androidx.room3.compiler.processing.javac.kotlin.JvmDescriptorUtilsKt: loaded 3 times (x 71B)
Class dagger.spi.internal.shaded.androidx.room3.compiler.processing.XRoundEnv         : loaded 3 times (x 70B)
Class dagger.hilt.processor.internal.HiltProcessingEnvConfigs                         : loaded 3 times (x 71B)
Class dagger.spi.internal.shaded.androidx.room3.compiler.codegen.java.JavaFunSpecKt   : loaded 3 times (x 71B)
Class kotlin.collections.CollectionsKt__MutableCollectionsJVMKt                       : loaded 3 times (x 71B)
Class com.google.common.cache.CacheBuilder                                            : loaded 3 times (x 72B)
Class kotlin.text.StringsKt__IndentKt                                                 : loaded 3 times (x 71B)
Class kotlin.collections.SetsKt                                                       : loaded 3 times (x 71B)
Class kotlin.enums.EnumEntriesKt                                                      : loaded 3 times (x 71B)
Class dagger.spi.internal.shaded.androidx.room3.compiler.processing.XFieldElement     : loaded 3 times (x 70B)
Class kotlin.text.StringsKt___StringsKt                                               : loaded 3 times (x 71B)
Class [Lkotlin.annotation.AnnotationRetention;                                        : loaded 3 times (x 69B)
Class dagger.spi.internal.shaded.androidx.room3.compiler.processing.ksp.KSTypeJavaPoetExtKt: loaded 3 times (x 71B)
Class [Ldagger.internal.codegen.base.ContributionType;                                : loaded 3 times (x 69B)
Class kotlin.collections.builders.ListBuilder$Itr                                     : loaded 3 times (x 94B)
Class androidx.room.compiler.processing.XProcessingEnv$Backend                        : loaded 3 times (x 79B)
Class dagger.internal.codegen.validation.SpiModelBindingGraphConverter$DaggerProcessingEnvImpl: loaded 3 times (x 76B)
Class dagger.internal.codegen.validation.BindsOptionalOfMethodValidator               : loaded 3 times (x 78B)
Class dagger.internal.codegen.DelegateComponentProcessor$SourceFileGeneratorsModule   : loaded 3 times (x 70B)
Class dagger.internal.codegen.validation.ProvidesMethodValidator_Factory              : loaded 3 times (x 82B)
Class dagger.internal.codegen.DaggerDelegateComponentProcessor_Injector$Factory       : loaded 3 times (x 74B)
Class dagger.hilt.android.processor.internal.viewmodel.ViewModelProcessor             : loaded 3 times (x 100B)
Class dagger.spi.internal.shaded.androidx.room3.compiler.processing.XExecutableType   : loaded 3 times (x 70B)
Class androidx.room.compiler.processing.javac.XTypeElementStore                       : loaded 3 times (x 72B)
Class dagger.hilt.processor.internal.root.RootProcessingStep                          : loaded 3 times (x 86B)
Class kotlin.jvm.functions.Function8                                                  : loaded 3 times (x 70B)
Class kotlin.collections.builders.MapBuilder$Companion                                : loaded 3 times (x 71B)
Class com.squareup.javapoet.Util                                                      : loaded 3 times (x 71B)
Class dagger.spi.internal.shaded.androidx.room3.compiler.processing.DeclarationCollectorKt$collectAllMethods$1: loaded 3 times (x 95B)
Class kotlin.reflect.KFunction                                                        : loaded 3 times (x 70B)
Class dagger.internal.codegen.binding.KeyFactory_Factory                              : loaded 3 times (x 82B)
Class dagger.spi.internal.shaded.androidx.room3.compiler.codegen.impl.XAnnotationSpecImpl$Builder: loaded 3 times (x 78B)
Class dagger.internal.codegen.validation.MembersInjectionValidator                    : loaded 3 times (x 72B)
Class com.google.common.collect.Maps$12                                               : loaded 3 times (x 82B)
Class com.google.common.base.Splitter$1$1                                             : loaded 3 times (x 86B)
Class com.squareup.javapoet.ParameterSpec$Builder                                     : loaded 3 times (x 72B)
Class com.squareup.kotlinpoet.TagMap                                                  : loaded 3 times (x 79B)
Class kotlin.collections.MapsKt__MapWithDefaultKt                                     : loaded 3 times (x 71B)
Class dagger.hilt.android.processor.internal.AndroidClassNames                        : loaded 3 times (x 71B)
Class [Ldagger.hilt.processor.internal.optionvalues.BooleanValue;                     : loaded 3 times (x 69B)
Class kotlin.jvm.functions.Function7                                                  : loaded 3 times (x 70B)
Class com.google.common.cache.LocalCache$EntryFactory                                 : loaded 3 times (x 83B)
Class com.google.common.collect.Sets$1$1                                              : loaded 3 times (x 82B)
Class dagger.spi.internal.shaded.androidx.room3.compiler.codegen.XClassName           : loaded 3 times (x 75B)
Class [Lkotlin.reflect.KDeclarationContainer;                                         : loaded 3 times (x 69B)
Class kotlin.collections.MapsKt__MapsKt                                               : loaded 3 times (x 71B)
Class kotlin.jvm.internal.Lambda                                                      : loaded 3 times (x 75B)
Class dagger.internal.Preconditions                                                   : loaded 3 times (x 71B)
Class dagger.hilt.processor.internal.definecomponent.DefineComponentMetadatas         : loaded 3 times (x 72B)
Class dagger.internal.codegen.validation.MembersInjectionValidator_Factory            : loaded 3 times (x 82B)
Class dagger.internal.codegen.binding.AutoValue_DelegateDeclaration                   : loaded 3 times (x 83B)
Class dagger.internal.codegen.validation.DependencyRequestValidator                   : loaded 3 times (x 72B)
Class dagger.internal.codegen.bindinggraphvalidation.InvalidProductionBindingScopeValidator_Factory$InstanceHolder: loaded 3 times (x 71B)
Class dagger.internal.SingleCheck                                                     : loaded 3 times (x 80B)
Class dagger.hilt.processor.internal.definecomponent.DefineComponentBuilderMetadatas  : loaded 3 times (x 72B)
Class com.google.common.cache.CacheLoader$1                                           : loaded 3 times (x 75B)
Class dagger.internal.codegen.xprocessing.XAnnotations                                : loaded 3 times (x 71B)
Class dagger.internal.codegen.bindinggraphvalidation.CompositeBindingGraphPlugin_Factory: loaded 3 times (x 72B)
Class dagger.internal.codegen.validation.BindsMethodValidator$Validator               : loaded 3 times (x 80B)
Class com.squareup.kotlinpoet.TypeName$Companion                                      : loaded 3 times (x 71B)
Class dagger.spi.internal.shaded.androidx.room3.compiler.processing.InternalXAnnotation: loaded 3 times (x 140B)
Class kotlin.coroutines.intrinsics.IntrinsicsKt__IntrinsicsJvmKt                      : loaded 3 times (x 71B)
Class dagger.spi.internal.shaded.androidx.room3.compiler.processing.XElement          : loaded 3 times (x 70B)
Class [Ldagger.internal.codegen.model.RequestKind;                                    : loaded 3 times (x 69B)
Class com.google.common.base.Suppliers$SupplierOfInstance                             : loaded 3 times (x 79B)
Class dagger.internal.codegen.binding.InjectionBinding$Builder                        : loaded 3 times (x 80B)
Class dagger.spi.internal.shaded.androidx.room3.compiler.codegen.java.JavaSpec        : loaded 3 times (x 72B)
Class kotlin.collections.MapsKt___MapsKt                                              : loaded 3 times (x 71B)
Class kotlin.collections.ArraysKt___ArraysKt                                          : loaded 3 times (x 71B)
Class dagger.spi.internal.shaded.androidx.room3.compiler.codegen.java.JavaAnnotationSpec$Builder: loaded 3 times (x 78B)
Class dagger.internal.codegen.processingstep.ProcessingStepsModule_ProcessingStepsFactory: loaded 3 times (x 82B)
Class dagger.internal.codegen.DelegateComponentProcessor_MembersInjector              : loaded 3 times (x 75B)
Class dagger.internal.codegen.binding.LegacyBindingGraphConverter_Factory             : loaded 3 times (x 81B)
Class dagger.internal.codegen.compileroption.ProcessingEnvironmentCompilerOptions_Factory: loaded 3 times (x 82B)
Class dagger.spi.internal.shaded.androidx.room3.compiler.processing.util.MemoizedSequence$CachedIterator: loaded 3 times (x 79B)
Class kotlin.jvm.functions.Function6                                                  : loaded 3 times (x 70B)
Class dagger.hilt.processor.internal.generatesrootinput.GeneratesRootInputProcessingStep: loaded 3 times (x 86B)
Class dagger.hilt.android.processor.internal.viewmodel.ViewModelProcessingStep        : loaded 3 times (x 86B)
Class com.google.common.collect.CompactHashing                                        : loaded 3 times (x 71B)
Class [Landroidx.room.compiler.processing.XProcessingEnv$Platform;                    : loaded 3 times (x 69B)
Class dagger.hilt.processor.internal.definecomponent.AutoValue_DefineComponentBuilderMetadatas_DefineComponentBuilderMetadata: loaded 3 times (x 75B)
Class kotlin.coroutines.jvm.internal.CoroutineStackFrame                              : loaded 3 times (x 70B)
Class dagger.internal.codegen.compileroption.ProcessingEnvironmentCompilerOptions     : loaded 3 times (x 95B)
Class com.google.common.cache.LocalCache$ComputingValueReference                      : loaded 3 times (x 96B)
Class dagger.internal.codegen.binding.LegacyBindingGraphConverter                     : loaded 3 times (x 71B)
Class kotlin.Metadata                                                                 : loaded 3 times (x 70B)
Class kotlin.UninitializedPropertyAccessException                                     : loaded 3 times (x 82B)
Class dagger.internal.codegen.validation.DiagnosticReporterFactory                    : loaded 3 times (x 72B)
Class dagger.internal.codegen.model.DaggerType                                        : loaded 3 times (x 74B)
Class dagger.spi.internal.shaded.androidx.room3.compiler.codegen.XFunSpec             : loaded 3 times (x 70B)
Class com.google.common.collect.MultimapBuilder                                       : loaded 3 times (x 73B)
Class dagger.internal.codegen.writing.InaccessibleMapKeyProxyGenerator                : loaded 3 times (x 78B)
Class dagger.internal.codegen.base.DaggerSuperficialValidation$ValidationException$UnexpectedException: loaded 3 times (x 84B)
Class dagger.internal.codegen.binding.ProvisionBinding                                : loaded 3 times (x 90B)
Class dagger.internal.codegen.xprocessing.XTypeNames                                  : loaded 3 times (x 71B)
Class dagger.internal.codegen.binding.InjectionSiteFactory                            : loaded 3 times (x 72B)
Class kotlin.reflect.KMutableProperty1                                                : loaded 3 times (x 70B)
Class kotlin.text.StringsKt___StringsJvmKt                                            : loaded 3 times (x 71B)
Class com.squareup.kotlinpoet.WildcardTypeName                                        : loaded 3 times (x 86B)
Class com.squareup.kotlinpoet.ClassName                                               : loaded 3 times (x 89B)
Class kotlin.annotation.Retention                                                     : loaded 3 times (x 70B)
Class dagger.hilt.processor.internal.originatingelement.OriginatingElementProcessingStep: loaded 3 times (x 86B)
Class kotlin.reflect.KDeclarationContainer                                            : loaded 3 times (x 70B)
Class kotlin.jvm.functions.Function5                                                  : loaded 3 times (x 70B)
Class com.google.common.cache.LocalCache$Segment                                      : loaded 3 times (x 154B)
Class dagger.internal.codegen.bindinggraphvalidation.SetMultibindingValidator         : loaded 3 times (x 85B)
Class kotlin.reflect.KProperty$Getter                                                 : loaded 3 times (x 70B)
Class dagger.internal.codegen.processingstep.MonitoringModuleGenerator                : loaded 3 times (x 78B)
Class dagger.spi.internal.shaded.androidx.room3.compiler.codegen.XMemberName          : loaded 3 times (x 72B)
Class dagger.internal.codegen.componentgenerator.ComponentHjarGenerator_Factory       : loaded 3 times (x 82B)
Class dagger.internal.codegen.validation.ValidationBindingGraphPlugin                 : loaded 3 times (x 85B)
Class dagger.internal.codegen.processingstep.MonitoringModuleProcessingStep           : loaded 3 times (x 86B)
Class dagger.internal.codegen.processingstep.InjectProcessingStep_Factory             : loaded 3 times (x 82B)
Class kotlin.collections.builders.MapBuilder                                          : loaded 3 times (x 112B)
Class dagger.internal.codegen.bindinggraphvalidation.SubcomponentFactoryMethodValidator_Factory$InstanceHolder: loaded 3 times (x 71B)
Class dagger.spi.internal.shaded.androidx.room3.compiler.processing.XProcessingEnvConfig$Companion: loaded 3 times (x 71B)
Class dagger.internal.codegen.binding.ContributionBinding                             : loaded 3 times (x 89B)
Class [Ldagger.spi.internal.shaded.androidx.room3.compiler.processing.InternalXAnnotationValue$Kind;: loaded 3 times (x 69B)
Class dagger.spi.internal.shaded.androidx.room3.compiler.processing.XFiler$Mode       : loaded 3 times (x 79B)
Class dagger.internal.codegen.binding.OptionalBindingDeclaration_Factory_Factory      : loaded 3 times (x 82B)
Class dagger.spi.internal.shaded.androidx.room3.compiler.processing.XParameterizable  : loaded 3 times (x 70B)
Class dagger.spi.internal.shaded.androidx.room3.compiler.processing.XMemberContainer  : loaded 3 times (x 70B)
Class dagger.internal.codegen.binding.Binding                                         : loaded 3 times (x 81B)
Class dagger.internal.codegen.xprocessing.XTypeSpecs$Builder$Kind                     : loaded 3 times (x 79B)
Class com.google.common.cache.CacheLoader                                             : loaded 3 times (x 74B)
Class kotlin.collections.CollectionsKt___CollectionsKt                                : loaded 3 times (x 71B)
Class kotlin.SafePublicationLazyImpl                                                  : loaded 3 times (x 76B)
Class kotlin.collections.EmptySet                                                     : loaded 3 times (x 122B)
Class kotlin.annotation.Target                                                        : loaded 3 times (x 70B)
Class kotlin.jvm.functions.Function4                                                  : loaded 3 times (x 70B)
Class com.google.common.cache.CacheBuilder$3                                          : loaded 3 times (x 72B)
Class [Landroidx.room.processor.Context$BooleanProcessorOptions;                      : loaded 3 times (x 69B)
Class dagger.spi.internal.shaded.androidx.room3.compiler.processing.XAnnotated        : loaded 3 times (x 70B)
Class dagger.internal.codegen.extension.DaggerCollectors                              : loaded 3 times (x 71B)
Class dagger.internal.codegen.binding.DependencyRequestFormatter                      : loaded 3 times (x 86B)
Class dagger.internal.codegen.validation.MultibindsMethodValidator                    : loaded 3 times (x 79B)
Class dagger.spi.internal.shaded.androidx.room3.compiler.processing.XMethodElementKt  : loaded 3 times (x 71B)
Class [Ldagger.spi.internal.shaded.androidx.room3.compiler.processing.XAnnotated;     : loaded 3 times (x 69B)
Class dagger.spi.internal.shaded.androidx.room3.compiler.codegen.XClassNameKt         : loaded 3 times (x 71B)
Class dagger.internal.codegen.writing.MembersInjectorGenerator_Factory                : loaded 3 times (x 82B)
Class dagger.internal.codegen.validation.AnyBindingMethodValidator                    : loaded 3 times (x 75B)
Class dagger.hilt.processor.internal.aliasof.AliasOfProcessingStep                    : loaded 3 times (x 86B)
Class [Ldagger.hilt.android.processor.internal.androidentrypoint.AndroidEntryPointMetadata$AndroidType;: loaded 3 times (x 69B)
Class dagger.internal.codegen.bindinggraphvalidation.InvalidProductionBindingScopeValidator: loaded 3 times (x 85B)
Class com.google.common.collect.ImmutableListMultimap$Builder                         : loaded 3 times (x 83B)
Class dagger.spi.internal.shaded.androidx.room3.compiler.codegen.XSpec$Builder        : loaded 3 times (x 71B)
Class dagger.internal.codegen.base.ElementFormatter_Factory$InstanceHolder            : loaded 3 times (x 71B)
Class com.squareup.kotlinpoet.AnnotationSpec                                          : loaded 3 times (x 77B)
Class dagger.spi.internal.shaded.androidx.room3.compiler.codegen.XSpec                : loaded 3 times (x 71B)
Class com.google.common.collect.MultimapBuilder$ArrayListSupplier                     : loaded 3 times (x 77B)
Class kotlin.jvm.internal.MutablePropertyReference1                                   : loaded 3 times (x 137B)
Class dagger.internal.codegen.extension.Optionals                                     : loaded 3 times (x 71B)
Class kotlin.SafePublicationLazyImpl$Companion                                        : loaded 3 times (x 71B)
Class dagger.internal.codegen.processingstep.ComponentHjarProcessingStep              : loaded 3 times (x 86B)
Class dagger.internal.codegen.binding.BindingNode$Factory                             : loaded 3 times (x 72B)
Class dagger.internal.codegen.processingstep.MapKeyProcessingStep_Factory             : loaded 3 times (x 82B)
Class kotlin.jvm.internal.PropertyReference1Impl                                      : loaded 3 times (x 127B)
Class dagger.hilt.android.processor.internal.bindvalue.BindValueMetadata              : loaded 3 times (x 73B)
Class com.google.common.collect.AbstractMapBasedMultimap$WrappedCollection            : loaded 3 times (x 124B)
Class com.squareup.javapoet.JavaFile$1                                                : loaded 3 times (x 79B)
Class [Ldagger.internal.codegen.compileroption.ValidationType;                        : loaded 3 times (x 69B)
Class kotlin.text.RegexKt                                                             : loaded 3 times (x 71B)
Class com.google.common.cache.LocalCache$LocalManualCache$1                           : loaded 3 times (x 75B)
Class kotlin.coroutines.intrinsics.IntrinsicsKt__IntrinsicsKt                         : loaded 3 times (x 71B)
Class dagger.internal.codegen.writing.AnnotationCreatorGenerator_Factory              : loaded 3 times (x 82B)
Class dagger.internal.codegen.processingstep.MultibindingAnnotationsProcessingStep_Factory: loaded 3 times (x 82B)
Class dagger.internal.codegen.binding.ComponentDescriptor                             : loaded 3 times (x 95B)
Class com.google.common.collect.CompactHashSet                                        : loaded 3 times (x 150B)
Class com.google.common.collect.Multimaps$CustomListMultimap                          : loaded 3 times (x 174B)
Class dagger.internal.codegen.processingstep.BindingMethodProcessingStep_Factory      : loaded 3 times (x 82B)
Class dagger.internal.codegen.validation.BindingElementValidator$AllowsScoping        : loaded 3 times (x 79B)
Class dagger.internal.codegen.base.Formatter                                          : loaded 3 times (x 85B)
Class com.google.common.util.concurrent.ExecutionError                                : loaded 3 times (x 82B)
Class com.google.common.base.AbstractIterator$1                                       : loaded 3 times (x 71B)
Class dagger.hilt.android.processor.internal.customtestapplication.CustomTestApplicationProcessingStep: loaded 3 times (x 86B)
Class kotlin.collections.CollectionsKt__CollectionsJVMKt                              : loaded 3 times (x 71B)
Class kotlin.collections.MapsKt___MapsJvmKt                                           : loaded 3 times (x 71B)
Class kotlin.jvm.functions.Function3                                                  : loaded 3 times (x 70B)
Class com.google.common.cache.CacheBuilder$2                                          : loaded 3 times (x 79B)
Class com.google.common.cache.LocalCache                                              : loaded 3 times (x 187B)
Class [Ldagger.internal.codegen.binding.BindingType;                                  : loaded 3 times (x 69B)
Class dagger.spi.internal.shaded.androidx.room3.compiler.processing.XArrayType        : loaded 3 times (x 70B)
Class dagger.internal.codegen.bindinggraphvalidation.BindingGraphValidationModule     : loaded 3 times (x 70B)
Class dagger.internal.codegen.bindinggraphvalidation.MapMultibindingValidator         : loaded 3 times (x 85B)
Class dagger.internal.codegen.validation.BindsInstanceParameterValidator_Factory      : loaded 3 times (x 82B)
Class dagger.internal.codegen.compileroption.ProcessingEnvironmentCompilerOptions$KeyOnlyOption$1: loaded 3 times (x 86B)
Class com.google.common.collect.ImmutableSetMultimap$EntrySet                         : loaded 3 times (x 146B)
Class dagger.spi.BindingGraphPlugin                                                   : loaded 3 times (x 70B)
Class dagger.spi.internal.shaded.androidx.room3.compiler.processing.util.MemoizedSequence: loaded 3 times (x 75B)
Class com.google.common.cache.AbstractCache$StatsCounter                              : loaded 3 times (x 70B)
Class dagger.hilt.processor.internal.BadInputException                                : loaded 3 times (x 82B)
Class dagger.spi.internal.shaded.androidx.room3.compiler.codegen.XClassName$Companion : loaded 3 times (x 71B)
Class dagger.spi.internal.shaded.androidx.room3.compiler.codegen.XTypeName            : loaded 3 times (x 75B)
Class com.squareup.javapoet.TypeName                                                  : loaded 3 times (x 81B)
Class [Ldagger.spi.internal.shaded.androidx.room3.compiler.processing.XFiler$Mode;    : loaded 3 times (x 69B)
Class dagger.hilt.processor.internal.root.ComponentTreeDepsProcessingStep             : loaded 3 times (x 86B)
Class dagger.internal.codegen.DelegateComponentProcessor                              : loaded 3 times (x 72B)
Class com.google.common.cache.ReferenceEntry                                          : loaded 3 times (x 70B)
Class kotlin.sequences.SequencesKt                                                    : loaded 3 times (x 71B)
Class kotlin.collections.IndexedValue                                                 : loaded 3 times (x 72B)
Class dagger.internal.codegen.binding.SubcomponentDeclaration_Factory_Factory         : loaded 3 times (x 82B)
Class dagger.hilt.android.processor.internal.androidentrypoint.Generators             : loaded 3 times (x 71B)
Class kotlin.collections.CollectionsKt__IteratorsKt                                   : loaded 3 times (x 71B)
Class dagger.internal.codegen.binding.MembersInjectionBinding                         : loaded 3 times (x 83B)
Class dagger.internal.codegen.model.BindingGraph                                      : loaded 3 times (x 94B)
Class dagger.internal.codegen.binding.LegacyBindingGraphFactory_Factory               : loaded 3 times (x 82B)
Class kotlin.jvm.functions.Function2                                                  : loaded 3 times (x 70B)
Class dagger.internal.codegen.binding.LegacyBindingGraphFactory                       : loaded 3 times (x 72B)
Class dagger.internal.codegen.compileroption.ProcessingEnvironmentCompilerOptions$KeyOnlyOption$2: loaded 3 times (x 86B)
Class com.google.common.collect.ImmutableMapValues                                    : loaded 3 times (x 126B)
Class dagger.internal.codegen.bindinggraphvalidation.DependencyCycleValidator_Factory : loaded 3 times (x 82B)
Class com.squareup.javapoet.FieldSpec$Builder                                         : loaded 3 times (x 72B)
Class kotlin.jvm.internal.markers.KMutableIterator                                    : loaded 3 times (x 70B)
Class com.squareup.kotlinpoet.TypeVariableName                                        : loaded 3 times (x 86B)
Class com.squareup.javapoet.ParameterSpec                                             : loaded 3 times (x 72B)
Class com.google.common.cache.CacheBuilder$1                                          : loaded 3 times (x 85B)
Class dagger.spi.internal.shaded.androidx.room3.compiler.processing.JavaPoetExtKt     : loaded 3 times (x 71B)
Class dagger.internal.codegen.model.AutoValue_DaggerProcessingEnv                     : loaded 3 times (x 75B)
Class dagger.internal.codegen.model.AutoValue_Scope                                   : loaded 3 times (x 73B)
Class com.squareup.kotlinpoet.CodeBlock$Companion                                     : loaded 3 times (x 71B)
Class dagger.spi.internal.shaded.androidx.room3.compiler.processing.javac.XTypeElementStore: loaded 3 times (x 72B)
Class [Lcom.google.common.cache.LocalCache$Strength;                                  : loaded 3 times (x 69B)
Class [Lcom.google.common.cache.LocalCache$Segment;                                   : loaded 3 times (x 69B)
Class dagger.spi.internal.shaded.androidx.room3.compiler.codegen.kotlin.KotlinSpec    : loaded 3 times (x 72B)
Class kotlin.text.StringsKt                                                           : loaded 3 times (x 71B)
Class dagger.internal.codegen.extension.DaggerCollectors$ToOptionalState              : loaded 3 times (x 72B)
Class kotlin.reflect.KMutableProperty2                                                : loaded 3 times (x 70B)
Class androidx.room.Database                                                          : loaded 3 times (x 70B)
Class dagger.spi.internal.shaded.androidx.room3.compiler.codegen.kotlin.KotlinCodeBlock$Builder: loaded 3 times (x 88B)
Class dagger.internal.codegen.binding.AutoValue_InjectionBinding                      : loaded 3 times (x 94B)
Class dagger.internal.codegen.processingstep.LazyClassKeyProcessingStep_Factory       : loaded 3 times (x 82B)
Class dagger.internal.codegen.DelegateComponentProcessor_SourceFileGeneratorsModule_ProducerFactoryGeneratorFactory: loaded 3 times (x 82B)
Class dagger.internal.codegen.validation.BindsInstanceElementValidator                : loaded 3 times (x 78B)
Class dagger.internal.codegen.validation.BindsMethodValidator                         : loaded 3 times (x 78B)
Class dagger.internal.codegen.processingstep.TypeCheckingProcessingStep_MembersInjector: loaded 3 times (x 75B)
Class kotlin.collections.CollectionsKt                                                : loaded 3 times (x 71B)
Class dagger.internal.codegen.bindinggraphvalidation.DuplicateBindingsValidator_Factory: loaded 3 times (x 82B)
Class dagger.internal.codegen.validation.ModuleValidator                              : loaded 3 times (x 72B)
Class com.google.common.cache.CacheLoader$SupplierToCacheLoader                       : loaded 3 times (x 75B)
Class kotlin.coroutines.jvm.internal.RestrictedContinuationImpl                       : loaded 3 times (x 87B)
Class kotlin.LazyKt__LazyJVMKt                                                        : loaded 3 times (x 71B)
Class dagger.internal.codegen.kotlin.KotlinMetadataFactory                            : loaded 3 times (x 75B)
Class dagger.internal.codegen.processingstep.MapKeyProcessingStep                     : loaded 3 times (x 86B)
Class dagger.spi.internal.shaded.androidx.room3.compiler.codegen.java.JavaAnnotationSpec: loaded 3 times (x 76B)
Class kotlin.collections.CollectionsKt__ReversedViewsKt                               : loaded 3 times (x 71B)
Class dagger.internal.codegen.base.RequestKinds                                       : loaded 3 times (x 71B)
Class dagger.internal.codegen.validation.SpiModelBindingGraphConverter                : loaded 3 times (x 71B)
Class dagger.internal.codegen.binding.AutoValue_ModuleDescriptor                      : loaded 3 times (x 86B)
Class dagger.internal.codegen.compileroption.ValidationType                           : loaded 3 times (x 79B)
Class kotlin.jvm.KotlinReflectionNotSupportedError                                    : loaded 3 times (x 82B)
Class kotlin.jvm.internal.CollectionToArray                                           : loaded 3 times (x 71B)
Class dagger.internal.codegen.validation.DependencyRequestValidator$Validator         : loaded 3 times (x 72B)
Class com.squareup.kotlinpoet.UtilKt                                                  : loaded 3 times (x 71B)
Class [Ldagger.spi.internal.shaded.androidx.room3.compiler.processing.XProcessingEnv$Backend;: loaded 3 times (x 69B)
Class kotlin.jvm.internal.markers.KMutableList                                        : loaded 3 times (x 70B)
Class kotlin.text.StringsKt__StringNumberConversionsKt                                : loaded 3 times (x 71B)
Class com.google.common.collect.MultimapBuilder$SetMultimapBuilder                    : loaded 3 times (x 75B)
Class kotlin.jvm.functions.Function1                                                  : loaded 3 times (x 70B)
Class kotlin.collections.AbstractMutableList                                          : loaded 3 times (x 206B)
Class com.google.common.base.Ticker                                                   : loaded 3 times (x 72B)
Class [Ldagger.spi.internal.shaded.androidx.room3.compiler.processing.XNullability;   : loaded 3 times (x 69B)
Class com.squareup.javapoet.LineWrapper$FlushType                                     : loaded 3 times (x 79B)
Class dagger.spi.internal.shaded.androidx.room3.compiler.processing.XAnnotationValue  : loaded 3 times (x 70B)
Class dagger.internal.codegen.validation.SpiModelBindingGraphConverter$1              : loaded 3 times (x 71B)
Class dagger.internal.codegen.writing.FactoryGenerator_Factory                        : loaded 3 times (x 82B)
Class dagger.internal.codegen.binding.InjectionAnnotations                            : loaded 3 times (x 72B)
Class kotlin.sequences.SequencesKt__SequenceBuilderKt                                 : loaded 3 times (x 71B)
Class dagger.internal.codegen.binding.DependencyRequestFormatter_Factory              : loaded 3 times (x 82B)
Class dagger.hilt.processor.internal.Components                                       : loaded 3 times (x 71B)
Class dagger.spi.internal.shaded.androidx.room3.compiler.processing.XProcessingEnv$Backend: loaded 3 times (x 79B)
Class kotlin.coroutines.CoroutineContext                                              : loaded 3 times (x 70B)
Class com.squareup.kotlinpoet.TypeName$cachedString$2                                 : loaded 3 times (x 79B)
Class com.squareup.javapoet.LineWrapper                                               : loaded 3 times (x 72B)
Class com.squareup.javapoet.FieldSpec                                                 : loaded 3 times (x 72B)
Class dagger.hilt.processor.internal.root.RootType                                    : loaded 3 times (x 79B)
Class dagger.internal.codegen.validation.BindingElementValidator$ElementValidator     : loaded 3 times (x 77B)
Class [Lcom.google.common.cache.LocalCache$EntryFactory;                              : loaded 3 times (x 69B)
Class kotlin.jvm.internal.MutablePropertyReference1Impl                               : loaded 3 times (x 137B)
Class dagger.internal.codegen.base.FrameworkTypes                                     : loaded 3 times (x 71B)
Class kotlin.jvm.functions.Function0                                                  : loaded 3 times (x 70B)
Class kotlin.collections.ArraysUtilJVM                                                : loaded 3 times (x 71B)
Class [Lkotlin.DeprecationLevel;                                                      : loaded 3 times (x 69B)
Class dagger.spi.internal.shaded.androidx.room3.compiler.processing.XProcessingEnvConfig: loaded 3 times (x 71B)
Class dagger.spi.internal.shaded.androidx.room3.compiler.codegen.XAnnotationSpec$Companion: loaded 3 times (x 71B)
Class dagger.spi.internal.shaded.androidx.room3.compiler.codegen.impl.XCodeBlockImpl  : loaded 3 times (x 77B)
Class dagger.internal.codegen.model.DependencyRequest                                 : loaded 3 times (x 75B)
Class kotlin.coroutines.jvm.internal.DebugProbesKt                                    : loaded 3 times (x 71B)
Class dagger.internal.codegen.validation.ProducesMethodValidator$Validator            : loaded 3 times (x 80B)
Class dagger.internal.codegen.processingstep.MonitoringModuleGenerator_Factory        : loaded 3 times (x 82B)
Class dagger.internal.codegen.validation.InjectValidator_Factory                      : loaded 3 times (x 82B)
Class dagger.spi.model.BindingGraphPlugin                                             : loaded 3 times (x 70B)
Class [Ldagger.spi.internal.shaded.androidx.room3.compiler.codegen.XClassName;        : loaded 3 times (x 69B)
Class dagger.internal.codegen.bindinggraphvalidation.SubcomponentFactoryMethodValidator_Factory: loaded 3 times (x 81B)
Class dagger.internal.codegen.bindinggraphvalidation.DependencyCycleValidator         : loaded 3 times (x 85B)
Class dagger.internal.codegen.model.AutoValue_DaggerAnnotation                        : loaded 3 times (x 76B)
Class com.google.common.cache.LocalCache$LocalManualCache                             : loaded 3 times (x 99B)
Class dagger.spi.internal.shaded.androidx.room3.compiler.codegen.XCodeBlock           : loaded 3 times (x 70B)
Class dagger.internal.codegen.xprocessing.Accessibility                               : loaded 3 times (x 71B)
Class [Ldagger.internal.codegen.xprocessing.XTypeSpecs$Builder$Kind;                  : loaded 3 times (x 69B)
Class dagger.internal.codegen.binding.MembersInjectionBinding$InjectionSite$Kind      : loaded 3 times (x 79B)
Class dagger.internal.codegen.binding.AutoValue_MembersInjectionBinding_InjectionSite : loaded 3 times (x 77B)
Class dagger.internal.codegen.binding.MembersInjectionBinding$InjectionSite           : loaded 3 times (x 76B)
Class dagger.internal.codegen.bindinggraphvalidation.NullableBindingValidator_Factory : loaded 3 times (x 82B)
Class [Ldagger.spi.internal.shaded.androidx.room3.compiler.codegen.XTypeName;         : loaded 3 times (x 69B)
Class dagger.internal.codegen.compileroption.ProcessingEnvironmentCompilerOptions$EnumOption: loaded 3 times (x 70B)
Class dagger.internal.codegen.validation.DiagnosticReporterFactory_Factory            : loaded 3 times (x 82B)
Class kotlin.ranges.RangesKt                                                          : loaded 3 times (x 71B)
Class dagger.internal.codegen.compileroption.ProcessingEnvironmentCompilerOptions$Validation$1: loaded 3 times (x 93B)
Class com.squareup.javapoet.WildcardTypeName                                          : loaded 3 times (x 81B)
Class dagger.spi.internal.shaded.androidx.room3.compiler.processing.XAnnotation       : loaded 3 times (x 70B)
Class dagger.internal.codegen.validation.BindingMethodValidator$ExceptionSuperclass   : loaded 3 times (x 81B)
Class dagger.internal.codegen.validation.DiagnosticMessageGenerator_Factory_Factory   : loaded 3 times (x 82B)
Class com.google.common.collect.Streams                                               : loaded 3 times (x 71B)
Class kotlin.collections.AbstractList$IteratorImpl                                    : loaded 3 times (x 82B)
Class com.google.common.collect.AbstractMapBasedMultimap$KeySet                       : loaded 3 times (x 137B)
Class kotlin.jvm.internal.CallableReference                                           : loaded 3 times (x 106B)
Class dagger.internal.codegen.validation.BindsInstanceMethodValidator_Factory         : loaded 3 times (x 82B)
Class dagger.spi.internal.shaded.androidx.room3.compiler.codegen.kotlin.KotlinCodeBlock: loaded 3 times (x 76B)
Class dagger.internal.codegen.model.AutoValue_Key                                     : loaded 3 times (x 80B)
Class dagger.internal.codegen.writing.ProducerFactoryGenerator                        : loaded 3 times (x 78B)
Class dagger.internal.codegen.compileroption.ProcessingEnvironmentCompilerOptions$KeyOnlyOption: loaded 3 times (x 86B)
Class dagger.hilt.processor.internal.definecomponent.DefineComponentBuilderMetadatas$DefineComponentBuilderMetadata: loaded 3 times (x 74B)
Class dagger.internal.codegen.validation.BindsInstanceParameterValidator$Validator    : loaded 3 times (x 77B)
Class dagger.hilt.processor.internal.definecomponent.DefineComponentProcessingStep    : loaded 3 times (x 86B)
Class dagger.internal.codegen.validation.ComponentValidator                           : loaded 3 times (x 75B)
Class kotlin.jvm.internal.markers.KMutableMap                                         : loaded 3 times (x 70B)
Class dagger.spi.internal.shaded.androidx.room3.compiler.processing.XProcessingEnv$WhenMappings: loaded 3 times (x 71B)
Class com.google.common.collect.MultimapBuilder$SortedSetMultimapBuilder              : loaded 3 times (x 77B)
Class com.squareup.kotlinpoet.TaggableKt                                              : loaded 3 times (x 71B)
Class kotlin.TuplesKt                                                                 : loaded 3 times (x 71B)
Class com.google.common.graph.Traverser$1                                             : loaded 3 times (x 74B)
Class dagger.internal.codegen.bindinggraphvalidation.NullableBindingValidator         : loaded 3 times (x 85B)
Class dagger.internal.codegen.binding.$AutoValue_OptionalBindingDeclaration           : loaded 3 times (x 75B)
Class com.google.common.collect.AbstractMapBasedMultimap$2                            : loaded 3 times (x 85B)
Class dagger.internal.codegen.bindinggraphvalidation.DuplicateBindingsValidator       : loaded 3 times (x 85B)
Class dagger.internal.codegen.processingstep.ComponentProcessingStep                  : loaded 3 times (x 86B)
Class kotlin.sequences.SequencesKt___SequencesJvmKt                                   : loaded 3 times (x 71B)
Class com.squareup.kotlinpoet.CodeBlock$Builder                                       : loaded 3 times (x 72B)
Class dagger.spi.internal.shaded.androidx.room3.compiler.processing.XProcessingEnvConfig$Builder: loaded 3 times (x 72B)
Class kotlin.Unit                                                                     : loaded 3 times (x 71B)
Class kotlin.jvm.internal.markers.KMutableIterable                                    : loaded 3 times (x 70B)
Class kotlin.enums.EnumEntries                                                        : loaded 3 times (x 70B)
Class dagger.spi.internal.shaded.androidx.room3.compiler.codegen.XAnnotationSpec      : loaded 3 times (x 70B)
Class dagger.internal.codegen.model.$AutoValue_Key                                    : loaded 3 times (x 80B)
Class com.google.common.graph.Traverser$2                                             : loaded 3 times (x 74B)
Class dagger.internal.codegen.processingstep.ComponentHjarProcessingStep_Factory      : loaded 3 times (x 82B)
Class dagger.internal.codegen.DaggerDelegateComponentProcessor_Injector$TopLevelImplementationComponentFactory: loaded 3 times (x 75B)
Class dagger.internal.codegen.base.ElementFormatter                                   : loaded 3 times (x 85B)
Class [Ldagger.internal.codegen.compileroption.ProcessingEnvironmentCompilerOptions$KeyOnlyOption;: loaded 3 times (x 69B)
Class dagger.spi.internal.shaded.androidx.room3.compiler.codegen.XPropertySpec$Companion: loaded 3 times (x 71B)
Class dagger.hilt.processor.internal.kotlin.DaggerKotlinMetadataUtils_MetadataComponent$MetadataComponentImpl: loaded 3 times (x 75B)
Class dagger.internal.codegen.compileroption.FeatureStatus                            : loaded 3 times (x 79B)
Class dagger.internal.codegen.processingstep.SuperficialValidator_Factory             : loaded 3 times (x 82B)
Class dagger.internal.codegen.DelegateComponentProcessor$Injector                     : loaded 3 times (x 70B)
Class androidx.room.compiler.processing.XProcessingEnv$Platform                       : loaded 3 times (x 79B)
Class dagger.hilt.processor.internal.kotlin.KotlinMetadataUtils$MetadataComponent     : loaded 3 times (x 70B)
Class com.google.common.cache.CacheBuilder$OneWeigher                                 : loaded 3 times (x 82B)
Class kotlin.jvm.internal.markers.KMutableListIterator                                : loaded 3 times (x 70B)
Class dagger.MembersInjector                                                          : loaded 3 times (x 70B)
Class dagger.internal.codegen.binding.$AutoValue_InjectionBinding$Builder             : loaded 3 times (x 97B)
Class dagger.internal.codegen.model.BindingKind                                       : loaded 3 times (x 79B)
Class dagger.internal.codegen.compileroption.ProcessingEnvironmentCompilerOptions$Validation: loaded 3 times (x 93B)
Class dagger.internal.codegen.ProcessingEnvironmentModule                             : loaded 3 times (x 70B)
Class dagger.internal.codegen.ServiceLoaders$1                                        : loaded 3 times (x 71B)
Class dagger.internal.codegen.xprocessing.XAnnotations$1                              : loaded 3 times (x 84B)
Class kotlin.collections.CollectionsKt___CollectionsJvmKt                             : loaded 3 times (x 71B)
Class dagger.spi.internal.shaded.androidx.room3.compiler.processing.XTypeKt           : loaded 3 times (x 71B)
Class dagger.internal.codegen.xprocessing.XTypes                                      : loaded 3 times (x 71B)
Class dagger.hilt.processor.internal.optionvalues.BooleanValue                        : loaded 3 times (x 79B)
Class dagger.spi.internal.shaded.androidx.room3.compiler.processing.XMessager         : loaded 3 times (x 73B)
Class com.google.common.cache.CacheStats                                              : loaded 3 times (x 71B)
Class dagger.hilt.android.processor.internal.bindvalue.BindValueProcessingStep        : loaded 3 times (x 86B)
Class com.squareup.kotlinpoet.TagMap$Companion                                        : loaded 3 times (x 71B)
Class dagger.hilt.android.processor.internal.androidentrypoint.AndroidEntryPointMetadata$Type: loaded 3 times (x 72B)
Class dagger.internal.codegen.validation.BindingMethodValidator$ExceptionSuperclass$3 : loaded 3 times (x 81B)
Class dagger.internal.codegen.binding.AutoValue_MultibindingDeclaration               : loaded 3 times (x 79B)
Class dagger.internal.codegen.model.BindingGraphPlugin                                : loaded 3 times (x 70B)
Class dagger.internal.codegen.validation.MultibindsMethodValidator$Validator          : loaded 3 times (x 80B)
Class dagger.internal.codegen.processingstep.AssistedProcessingStep_Factory           : loaded 3 times (x 82B)
Class dagger.internal.codegen.validation.AssistedValidator                            : loaded 3 times (x 75B)
Class dagger.hilt.android.processor.internal.viewmodel.ViewModelValidationPlugin      : loaded 3 times (x 83B)
Class dagger.spi.internal.shaded.androidx.room3.compiler.processing.XTypeElement      : loaded 3 times (x 70B)
Class dagger.internal.codegen.binding.$AutoValue_ComponentDescriptor                  : loaded 3 times (x 97B)
Class kotlin.jvm.internal.PropertyReference0                                          : loaded 3 times (x 127B)
Class dagger.spi.internal.shaded.androidx.room3.compiler.codegen.java.JavaCodeBlock$Builder: loaded 3 times (x 88B)
Class com.squareup.kotlinpoet.AnnotationSpec$Companion                                : loaded 3 times (x 71B)
Class kotlin.reflect.KType                                                            : loaded 3 times (x 70B)
Class dagger.internal.codegen.componentgenerator.ComponentGeneratorModule_ComponentHjarGeneratorFactory: loaded 3 times (x 82B)
Class dagger.internal.codegen.validation.ComponentDescriptorValidator_Factory         : loaded 3 times (x 82B)
Class dagger.internal.codegen.writing.LazyMapKeyProxyGenerator                        : loaded 3 times (x 78B)
Class dagger.internal.codegen.bindinggraphvalidation.ProvisionDependencyOnProducerBindingValidator: loaded 3 times (x 85B)
Class dagger.internal.codegen.processingstep.TypeCheckingProcessingStep               : loaded 3 times (x 86B)
Class dagger.internal.codegen.binding.SourceFiles_Factory                             : loaded 3 times (x 81B)
Class [Ldagger.internal.codegen.xprocessing.XTypeElements$Visibility;                 : loaded 3 times (x 69B)
Class dagger.spi.internal.shaded.androidx.room3.compiler.processing.InternalXAnnotationValue$Kind: loaded 3 times (x 79B)
Class androidx.room.compiler.processing.XBasicAnnotationProcessor                     : loaded 3 times (x 70B)
Class com.squareup.kotlinpoet.ClassName$special$$inlined$compareBy$1                  : loaded 3 times (x 89B)
Class com.squareup.javapoet.TypeVariableName                                          : loaded 3 times (x 81B)
Class com.squareup.kotlinpoet.ClassNames                                              : loaded 3 times (x 71B)
Class com.google.common.collect.AbstractMapBasedMultimap$WrappedSet                   : loaded 3 times (x 142B)
Class dagger.spi.internal.shaded.androidx.room3.compiler.processing.javac.JavacType   : loaded 3 times (x 193B)
Class com.squareup.javapoet.JavaFile                                                  : loaded 3 times (x 72B)
Class kotlin.jvm.internal.DefaultConstructorMarker                                    : loaded 3 times (x 71B)
Class kotlin.jvm.internal.PropertyReference1                                          : loaded 3 times (x 127B)
Class dagger.internal.codegen.xprocessing.XAnnotationValues$1                         : loaded 3 times (x 84B)
Class kotlin.NotImplementedError                                                      : loaded 3 times (x 82B)
Class com.google.common.collect.MultimapBuilder$ListMultimapBuilder                   : loaded 3 times (x 75B)
Class kotlin.text.StringsKt__StringsKt                                                : loaded 3 times (x 71B)
Class dagger.internal.codegen.binding.ProductionBinding                               : loaded 3 times (x 93B)
Class dagger.internal.codegen.validation.ExternalBindingGraphPlugins                  : loaded 3 times (x 72B)
Class dagger.internal.codegen.binding.ComponentDeclarations_Factory_Factory           : loaded 3 times (x 82B)
Class dagger.internal.codegen.binding.MultibindingDeclaration_Factory_Factory         : loaded 3 times (x 82B)
Class dagger.hilt.android.processor.internal.bindvalue.AutoValue_BindValueMetadata    : loaded 3 times (x 74B)
Class dagger.hilt.android.processor.internal.androidentrypoint.AndroidEntryPointProcessingStep$1: loaded 3 times (x 71B)
Class com.squareup.javapoet.ClassName                                                 : loaded 3 times (x 84B)
Class dagger.hilt.processor.internal.kotlin.KotlinMetadataUtil                        : loaded 3 times (x 72B)
Class dagger.internal.codegen.kotlin.KotlinMetadataUtil                               : loaded 3 times (x 72B)
Class dagger.spi.internal.shaded.androidx.room3.compiler.processing.XVariableElement  : loaded 3 times (x 70B)
Class dagger.internal.codegen.base.ContributionType$HasContributionType               : loaded 3 times (x 70B)
Class dagger.internal.codegen.validation.BindingMethodValidator$ExceptionSuperclass$2 : loaded 3 times (x 81B)
Class dagger.internal.codegen.binding.ComponentDeclarations$Factory                   : loaded 3 times (x 72B)
Class kotlin.UnsafeLazyImpl                                                           : loaded 3 times (x 76B)
Class kotlin.LazyKt__LazyJVMKt$WhenMappings                                           : loaded 3 times (x 71B)
Class kotlin.jvm.internal.MutablePropertyReference                                    : loaded 3 times (x 119B)
Class kotlin.text.CharsKt__CharJVMKt                                                  : loaded 3 times (x 71B)
Class kotlin.Result$Companion                                                         : loaded 3 times (x 71B)
Class dagger.spi.internal.shaded.androidx.room3.compiler.codegen.kotlin.KotlinAnnotationSpec$Builder: loaded 3 times (x 78B)
Class dagger.spi.internal.shaded.androidx.room3.compiler.processing.XProcessingEnv$Platform: loaded 3 times (x 79B)
Class dagger.internal.codegen.validation.ProducesMethodValidator_Factory              : loaded 3 times (x 82B)
Class dagger.hilt.processor.internal.kotlin.KotlinMetadataFactory_Factory             : loaded 3 times (x 81B)
Class androidx.room.DatabaseProcessingStep$Companion                                  : loaded 3 times (x 71B)
Class kotlin.comparisons.ComparisonsKt___ComparisonsKt                                : loaded 3 times (x 71B)
Class kotlin.comparisons.ComparisonsKt                                                : loaded 3 times (x 71B)
Class kotlin.coroutines.jvm.internal.BaseContinuationImpl                             : loaded 3 times (x 87B)
Class com.google.common.cache.LocalCache$LoadingValueReference                        : loaded 3 times (x 96B)
Class dagger.spi.internal.shaded.androidx.room3.compiler.processing.XNullability      : loaded 3 times (x 79B)
Class dagger.spi.internal.shaded.androidx.room3.compiler.codegen.XTypeName$Companion  : loaded 3 times (x 71B)
Class kotlin.LazyThreadSafetyMode                                                     : loaded 3 times (x 79B)
Class com.squareup.javapoet.TypeSpec                                                  : loaded 3 times (x 72B)
Class dagger.internal.codegen.xprocessing.XTypeSpecs                                  : loaded 3 times (x 71B)
Class dagger.internal.codegen.binding.MultibindingDeclaration                         : loaded 3 times (x 78B)
Class dagger.internal.codegen.writing.UnwrappedMapKeyGenerator_Factory                : loaded 3 times (x 82B)
Class dagger.internal.codegen.writing.ModuleProxies$ModuleConstructorProxyGenerator   : loaded 3 times (x 78B)
Class dagger.internal.codegen.binding.Declaration                                     : loaded 3 times (x 74B)
Class dagger.internal.codegen.compileroption.ProcessingEnvironmentCompilerOptions$CommandLineOption: loaded 3 times (x 70B)
Class dagger.internal.codegen.validation.ComponentValidator_Factory                   : loaded 3 times (x 82B)
Class [Ldagger.internal.codegen.validation.BindingMethodValidator$ExceptionSuperclass;: loaded 3 times (x 69B)
Class dagger.internal.codegen.validation.BindsMethodValidator_Factory                 : loaded 3 times (x 82B)
Class dagger.hilt.processor.internal.kotlin.DaggerKotlinMetadataUtils_MetadataComponent: loaded 3 times (x 71B)
Class dagger.hilt.processor.internal.root.ComponentTreeDepsMetadata                   : loaded 3 times (x 80B)
Class com.squareup.javapoet.ArrayTypeName                                             : loaded 3 times (x 81B)
Class dagger.internal.codegen.binding.DelegateDeclaration_Factory_Factory             : loaded 3 times (x 82B)
Class dagger.internal.codegen.binding.ModuleDescriptor_Factory_Factory                : loaded 3 times (x 82B)
Class dagger.internal.codegen.bindinggraphvalidation.MissingBindingValidator_Factory  : loaded 3 times (x 82B)
Class com.google.common.collect.Multimaps$Entries                                     : loaded 3 times (x 118B)
Class kotlin.jvm.internal.SpreadBuilder                                               : loaded 3 times (x 76B)
Class kotlin.collections.EmptyIterator                                                : loaded 3 times (x 89B)
Class dagger.internal.codegen.bindinggraphvalidation.SetMultibindingValidator_Factory$InstanceHolder: loaded 3 times (x 71B)
Class kotlin.text.StringsKt__RegexExtensionsKt                                        : loaded 3 times (x 71B)
Class kotlin.SynchronizedLazyImpl                                                     : loaded 3 times (x 76B)
Class dagger.internal.codegen.base.KeywordValidator                                   : loaded 3 times (x 71B)
Class dagger.internal.codegen.writing.UnwrappedMapKeyGenerator                        : loaded 3 times (x 81B)
Class com.squareup.kotlinpoet.OriginatingElementsHolder                               : loaded 3 times (x 70B)
Class dagger.spi.internal.shaded.androidx.room3.compiler.processing.XConstructorType  : loaded 3 times (x 70B)
Class dagger.hilt.android.processor.internal.viewmodel.ViewModelValidationPluginKt    : loaded 3 times (x 71B)
Class dagger.internal.codegen.validation.ProvidesMethodValidator                      : loaded 3 times (x 78B)
Class dagger.internal.codegen.DelegateComponentProcessor_SourceFileGeneratorsModule_FactoryGeneratorFactory: loaded 3 times (x 82B)
Class dagger.internal.codegen.validation.ValidationBindingGraphPlugins_Factory        : loaded 3 times (x 82B)
Class dagger.internal.codegen.validation.BindingMethodValidator$ExceptionSuperclass$1 : loaded 3 times (x 81B)
Class dagger.internal.codegen.processingstep.BindsInstanceProcessingStep_Factory      : loaded 3 times (x 82B)
Class dagger.internal.codegen.binding.ModuleDescriptor$Factory                        : loaded 3 times (x 75B)
Class kotlin.sequences.SequencesKt__SequencesJVMKt                                    : loaded 3 times (x 71B)
Class kotlin.coroutines.jvm.internal.RestrictedSuspendLambda                          : loaded 3 times (x 91B)
Class dagger.internal.codegen.validation.InjectValidator                              : loaded 3 times (x 75B)
Class dagger.internal.codegen.base.DaggerSuperficialValidation$1                      : loaded 3 times (x 71B)
Class kotlin.collections.AbstractList                                                 : loaded 3 times (x 197B)
Class kotlin.collections.AbstractCollection                                           : loaded 3 times (x 117B)
Class dagger.internal.codegen.base.RequestKinds$1                                     : loaded 3 times (x 71B)
Class dagger.spi.internal.shaded.androidx.room3.compiler.codegen.XTypeSpec            : loaded 3 times (x 70B)
Class dagger.spi.internal.shaded.androidx.room3.compiler.codegen.java.JavaPropertySpec$Builder: loaded 3 times (x 77B)
Class kotlin.ranges.RangesKt__RangesKt                                                : loaded 3 times (x 71B)
Class com.squareup.kotlinpoet.AnnotationSpec$Builder                                  : loaded 3 times (x 79B)
Class dagger.internal.codegen.validation.InjectBindingRegistryImpl                    : loaded 3 times (x 81B)
Class dagger.internal.codegen.binding.DelegateBinding                                 : loaded 3 times (x 91B)
Class dagger.internal.codegen.base.SourceFileGenerator                                : loaded 3 times (x 78B)
Class dagger.internal.codegen.binding.SourceFiles                                     : loaded 3 times (x 71B)
Class dagger.internal.codegen.DaggerDelegateComponentProcessor_Injector               : loaded 3 times (x 71B)
Class dagger.internal.codegen.writing.ProducerFactoryGenerator_Factory                : loaded 3 times (x 82B)
Class dagger.spi.internal.shaded.androidx.room3.compiler.codegen.XTypeNameKt          : loaded 3 times (x 71B)
Class dagger.spi.internal.shaded.androidx.room3.compiler.processing.XEquality$Companion: loaded 3 times (x 71B)
Class dagger.spi.internal.shaded.androidx.room3.compiler.processing.XEquality         : loaded 3 times (x 70B)
Class kotlin.collections.SetsKt___SetsKt                                              : loaded 3 times (x 71B)
Class kotlin.jvm.internal.ClassBasedDeclarationContainer                              : loaded 3 times (x 70B)
Class kotlin.sequences.SequencesKt__SequenceBuilderKt$sequence$$inlined$Sequence$1    : loaded 3 times (x 75B)
Class [Lcom.google.common.collect.Iterators$EmptyModifiableIterator;                  : loaded 3 times (x 69B)
Class kotlin.text.Regex                                                               : loaded 3 times (x 72B)
Class kotlin.text.StringsKt__StringBuilderJVMKt                                       : loaded 3 times (x 71B)
Class kotlin.LazyKt__LazyKt                                                           : loaded 3 times (x 71B)
Class kotlin.comparisons.ComparisonsKt__ComparisonsKt                                 : loaded 3 times (x 71B)
Class kotlin.coroutines.Continuation                                                  : loaded 3 times (x 70B)
Class kotlin.sequences.SequencesKt__SequencesKt                                       : loaded 3 times (x 71B)
Class [Lcom.google.common.cache.CacheBuilder$NullListener;                            : loaded 3 times (x 69B)
Class dagger.internal.codegen.validation.MapKeyValidator                              : loaded 3 times (x 72B)
Class dagger.internal.codegen.validation.ModuleValidator_Factory                      : loaded 3 times (x 82B)
Class dagger.internal.codegen.validation.BindsOptionalOfMethodValidator_Factory       : loaded 3 times (x 82B)
Class [Lcom.squareup.javapoet.LineWrapper$FlushType;                                  : loaded 3 times (x 69B)
Class androidx.room.processor.Context$BooleanProcessorOptions                         : loaded 3 times (x 80B)
Class dagger.hilt.processor.internal.JavacBaseProcessingStepProcessor                 : loaded 3 times (x 100B)
Class dagger.hilt.processor.internal.Processors                                       : loaded 3 times (x 71B)
Class dagger.internal.codegen.bindinggraphvalidation.InjectBindingValidator_Factory   : loaded 3 times (x 82B)
Class [Ldagger.internal.codegen.compileroption.ProcessingEnvironmentCompilerOptions$EnumOption;: loaded 3 times (x 69B)
Class kotlin.jvm.internal.ReflectionFactory                                           : loaded 3 times (x 91B)
Class kotlin.UNINITIALIZED_VALUE                                                      : loaded 3 times (x 71B)
Class dagger.internal.codegen.base.DaggerSuperficialValidation$ValidationException$UnknownErrorType: loaded 3 times (x 84B)
Class dagger.internal.codegen.processingstep.MonitoringModuleProcessingStep_Factory   : loaded 3 times (x 82B)
Class dagger.internal.codegen.validation.BindingMethodValidator                       : loaded 3 times (x 78B)
Class dagger.internal.codegen.xprocessing.XPropertySpecs$Builder                      : loaded 3 times (x 87B)
Class dagger.spi.internal.shaded.androidx.room3.compiler.codegen.XPropertySpec        : loaded 3 times (x 70B)
Class dagger.internal.codegen.binding.DeclarationFormatter                            : loaded 3 times (x 86B)
Class [Ldagger.internal.codegen.validation.BindingElementValidator$AllowsScoping;     : loaded 3 times (x 69B)
Class org.gradle.internal.classloader.VisitableURLClassLoader$InstrumentingVisitableURLClassLoader: loaded 2 times (x 123B)
Class org.objectweb.asm.Type                                                          : loaded 2 times (x 72B)
Class kotlin.jvm.internal.Ref$ObjectRef                                               : loaded 2 times (x 72B)
Class com.google.common.collect.RegularImmutableBiMap$Inverse                         : loaded 2 times (x 143B)
Class dagger.internal.codegen.base.ComponentCreatorKind                               : loaded 2 times (x 79B)
Class dagger.spi.internal.shaded.androidx.room3.compiler.codegen.XFunSpec$Builder$Companion: loaded 2 times (x 71B)
Class [Ldagger.spi.internal.shaded.androidx.room3.compiler.codegen.CodeLanguage;      : loaded 2 times (x 69B)
Class dagger.spi.internal.shaded.androidx.room3.compiler.codegen.impl.XFileSpecImpl   : loaded 2 times (x 78B)
Class com.squareup.kotlinpoet.FileSpec$Companion                                      : loaded 2 times (x 71B)
Class dagger.internal.codegen.writing.InjectionMethods                                : loaded 2 times (x 71B)
Class com.google.common.cache.LocalCache$StrongValueReference                         : loaded 2 times (x 90B)
Class com.google.common.collect.Maps$FilteredEntryMap$EntrySet                        : loaded 2 times (x 152B)
Class com.google.common.collect.Lists$ReverseList$1                                   : loaded 2 times (x 99B)
Class kotlin.collections.ArrayAsCollection                                            : loaded 2 times (x 105B)
Class kotlin.Triple                                                                   : loaded 2 times (x 72B)
Class [Lkotlin.reflect.jvm.internal.impl.resolve.jvm.JvmPrimitiveType;                : loaded 2 times (x 69B)
Class com.google.common.base.Predicates$CompositionPredicate                          : loaded 2 times (x 88B)
Class dagger.spi.internal.shaded.androidx.room3.compiler.codegen.java.JavaFunSpec     : loaded 2 times (x 77B)
Class [Lorg.objectweb.asm.AnnotationWriter;                                           : loaded 2 times (x 69B)
Class org.objectweb.asm.ByteVector                                                    : loaded 2 times (x 79B)
Class org.gradle.internal.classloader.VisitableURLClassLoader$Spec                    : loaded 2 times (x 74B)
Class org.gradle.internal.classpath.DefaultClassPath                                  : loaded 2 times (x 90B)
Class com.google.devtools.ksp.processing.KspGradleLogger$Companion                    : loaded 2 times (x 71B)
Class kotlin.io.FilePathComponents                                                    : loaded 2 times (x 72B)
Class jdk.internal.jimage.ImageReader$Directory                                       : loaded 2 times (x 84B)
Class com.google.devtools.ksp.symbol.KSNode                                           : loaded 2 times (x 70B)
Class com.google.common.collect.AbstractMapBasedMultimap$WrappedList                  : loaded 2 times (x 205B)
Class dagger.spi.internal.shaded.androidx.room3.compiler.codegen.impl.XParameterSpecImpl$Builder: loaded 2 times (x 78B)
Class dagger.spi.internal.shaded.androidx.room3.compiler.processing.ksp.KspType$WhenMappings: loaded 2 times (x 71B)
Class dagger.hilt.android.processor.internal.androidentrypoint.ActivityGenerator      : loaded 2 times (x 72B)
Class com.google.common.base.Platform                                                 : loaded 2 times (x 71B)
Class jdk.internal.jimage.decompressor.ResourceDecompressorRepository                 : loaded 2 times (x 71B)
Class kotlin.collections.MapWithDefaultImpl                                           : loaded 2 times (x 125B)
Class dagger.spi.internal.shaded.androidx.room3.compiler.codegen.impl.XFunSpecImpl    : loaded 2 times (x 78B)
Class dagger.internal.codegen.KspComponentProcessor                                   : loaded 2 times (x 88B)
Class dagger.spi.internal.shaded.androidx.room3.compiler.processing.ksp.KspElement    : loaded 2 times (x 152B)
Class dagger.spi.internal.shaded.androidx.room3.compiler.processing.ksp.KSDeclarationExtKt: loaded 2 times (x 71B)
Class kotlin.jvm.internal.ArrayIterator                                               : loaded 2 times (x 79B)
Class kotlin.reflect.full.IllegalPropertyDelegateAccessException                      : loaded 2 times (x 82B)
Class [Lkotlin.reflect.jvm.internal.impl.builtins.jvm.JavaToKotlinClassMap$PlatformMutabilityMapping;: loaded 2 times (x 69B)
Class [Ldagger.spi.internal.shaded.androidx.room3.compiler.codegen.XParameterSpec$Builder;: loaded 2 times (x 69B)
Class dagger.spi.internal.shaded.androidx.room3.compiler.codegen.XParameterSpec$Builder: loaded 2 times (x 70B)
Class [Ldagger.spi.internal.shaded.androidx.room3.compiler.codegen.XPropertySpec$Builder;: loaded 2 times (x 69B)
Class dagger.internal.codegen.xprocessing.XParameterSpecs                             : loaded 2 times (x 71B)
Class dagger.spi.internal.shaded.androidx.room3.compiler.processing.ksp.KspProcessingEnv$JvmDefaultMode: loaded 2 times (x 79B)
Class dagger.hilt.processor.internal.definecomponent.KspDefineComponentProcessor      : loaded 2 times (x 89B)
Class jdk.internal.jimage.ImageReader$SharedImageReader$LocationVisitor               : loaded 2 times (x 70B)
Class kotlin.jvm.internal.PropertyReference2                                          : loaded 2 times (x 127B)
Class jdk.internal.jimage.decompressor.ZipDecompressorFactory                         : loaded 2 times (x 74B)
Class kotlin.sequences.FilteringSequence                                              : loaded 2 times (x 75B)
Class com.google.devtools.ksp.processing.KspGradleLogger                              : loaded 2 times (x 79B)
Class org.objectweb.asm.Symbol                                                        : loaded 2 times (x 73B)
Class dagger.hilt.processor.internal.aggregateddeps.KspAggregatedDepsProcessor$Provider: loaded 2 times (x 74B)
Class androidx.room.compiler.processing.ksp.KspProcessingEnv$jvmVersion$2             : loaded 2 times (x 79B)
Class androidx.room.compiler.processing.ksp.KspProcessingEnv$jvmDefaultMode$2         : loaded 2 times (x 79B)
Class dagger.spi.internal.shaded.androidx.room3.compiler.processing.ksp.KspMethodElement$KspSuspendMethodElement: loaded 2 times (x 276B)
Class dagger.hilt.android.processor.internal.androidentrypoint.Generators$1           : loaded 2 times (x 71B)
Class dagger.hilt.processor.internal.MethodSignature                                  : loaded 2 times (x 73B)
Class dagger.internal.codegen.validation.BindingElementValidator$1                    : loaded 2 times (x 71B)
Class org.gradle.api.specs.Spec                                                       : loaded 2 times (x 70B)
Class com.google.common.util.concurrent.LazyLogger                                    : loaded 2 times (x 72B)
Class kotlin.reflect.full.IllegalCallableAccessException                              : loaded 2 times (x 82B)
Class dagger.spi.internal.shaded.androidx.room3.compiler.processing.ksp.PropertyAccessorModifiers: loaded 2 times (x 93B)
Class kotlin.reflect.jvm.internal.impl.builtins.functions.FunctionTypeKind$KSuspendFunction: loaded 2 times (x 72B)
Class androidx.room.compiler.processing.ksp.KspBasicAnnotationProcessor$steps$2       : loaded 2 times (x 79B)
Class dagger.spi.internal.shaded.androidx.room3.compiler.processing.ksp.KspEnumEntry  : loaded 2 times (x 179B)
Class dagger.hilt.android.processor.internal.viewmodel.KspViewModelProcessor          : loaded 2 times (x 89B)
Class dagger.spi.internal.shaded.androidx.room3.compiler.codegen.java.JavaTypeSpec$Builder: loaded 2 times (x 90B)
Class com.google.common.collect.Sets$FilteredSet                                      : loaded 2 times (x 137B)
Class com.google.common.util.concurrent.Uninterruptibles                              : loaded 2 times (x 71B)
Class org.gradle.internal.classloader.ClassLoaderSpec                                 : loaded 2 times (x 71B)
Class kotlin.io.FileSystemException                                                   : loaded 2 times (x 82B)
Class kotlin.sequences.EmptySequence                                                  : loaded 2 times (x 78B)
Class com.google.common.collect.Maps$3                                                : loaded 2 times (x 82B)
Class org.gradle.internal.classloader.ClasspathUtil                                   : loaded 2 times (x 71B)
Class jdk.internal.jrtfs.JrtPath                                                      : loaded 2 times (x 118B)
Class jdk.internal.jimage.ImageBufferCache                                            : loaded 2 times (x 71B)
Class kotlin.reflect.jvm.internal.KDeclarationContainerImpl$Companion                 : loaded 2 times (x 71B)
Class com.google.common.collect.Maps$EntryFunction                                    : loaded 2 times (x 91B)
Class dagger.spi.internal.shaded.androidx.room3.compiler.codegen.kotlin.KotlinParameterSpec$Builder: loaded 2 times (x 78B)
Class com.squareup.kotlinpoet.ContextReceivable$Builder                               : loaded 2 times (x 70B)
Class dagger.internal.codegen.base.$AutoValue_ComponentAnnotation                     : loaded 2 times (x 76B)
Class kotlin.reflect.jvm.internal.ReflectProperties$Val$1                             : loaded 2 times (x 71B)
Class dagger.spi.internal.shaded.androidx.room3.compiler.processing.ksp.KspArrayType  : loaded 2 times (x 222B)
Class kotlin.jvm.internal.FunctionReferenceImpl                                       : loaded 2 times (x 122B)
Class kotlin.text.DelimitedRangesSequence                                             : loaded 2 times (x 75B)
Class org.objectweb.asm.AnnotationWriter                                              : loaded 2 times (x 79B)
Class dagger.internal.codegen.base.AutoValue_ModuleAnnotation                         : loaded 2 times (x 76B)
Class dagger.internal.codegen.binding.$AutoValue_ProvisionBinding                     : loaded 2 times (x 91B)
Class com.google.common.hash.Hashing                                                  : loaded 2 times (x 71B)
Class dagger.spi.internal.shaded.androidx.room3.compiler.codegen.impl.XFileSpecImpl$WhenMappings: loaded 2 times (x 71B)
Class [Ldagger.spi.internal.shaded.androidx.room3.compiler.processing.ksp.KspAnnotated$UseSiteFilter;: loaded 2 times (x 69B)
Class [Ldagger.spi.internal.shaded.androidx.room3.compiler.processing.XElement;       : loaded 2 times (x 69B)
Class com.squareup.kotlinpoet.TypeSpec$Kind                                           : loaded 2 times (x 79B)
Class com.squareup.kotlinpoet.PropertySpec$Builder                                    : loaded 2 times (x 104B)
Class com.google.common.base.Predicates                                               : loaded 2 times (x 71B)
Class dagger.spi.internal.shaded.androidx.room3.compiler.codegen.java.JavaFileSpec    : loaded 2 times (x 77B)
Class dagger.spi.internal.shaded.androidx.room3.compiler.processing.ksp.KspAnnotation$wrap$$inlined$sortedBy$1: loaded 2 times (x 90B)
Class dagger.spi.internal.shaded.androidx.room3.compiler.processing.ksp.KSTypeReferenceExtKt: loaded 2 times (x 71B)
Class [Lcom.google.common.collect.HashBiMap$BiEntry;                                  : loaded 2 times (x 69B)
Class kotlin.jdk7.AutoCloseableKt                                                     : loaded 2 times (x 71B)
Class kotlin.time.DurationKt                                                          : loaded 2 times (x 71B)
Class org.objectweb.asm.RecordComponentWriter                                         : loaded 2 times (x 78B)
Class com.google.common.util.concurrent.AbstractFuture$Listener                       : loaded 2 times (x 72B)
Class Settings_gradle$1$1                                                             : loaded 2 times (x 75B)
Class org.gradle.api.internal.classpath.Module$ModuleAlias                            : loaded 2 times (x 70B)
Class kotlin.ranges.IntRange                                                          : loaded 2 times (x 93B)
Class dagger.internal.codegen.binding.AutoValue_ProvisionBinding                      : loaded 2 times (x 92B)
Class kotlin.properties.ReadOnlyProperty                                              : loaded 2 times (x 70B)
Class kotlin.reflect.jvm.internal.impl.descriptors.runtime.structure.ReflectClassUtilKt: loaded 2 times (x 71B)
Class dagger.spi.internal.shaded.androidx.room3.compiler.codegen.impl.XTypeSpecImpl$Builder: loaded 2 times (x 90B)
Class kotlin.io.path.PathsKt__PathRecursiveFunctionsKt                                : loaded 2 times (x 71B)
Class dagger.spi.internal.shaded.androidx.room3.compiler.codegen.CodeLanguage         : loaded 2 times (x 79B)
Class dagger.spi.internal.shaded.androidx.room3.compiler.processing.ksp.KspExecutableParameterElement: loaded 2 times (x 192B)
Class com.google.common.collect.ForwardingSet                                         : loaded 2 times (x 151B)
Class dagger.spi.internal.shaded.androidx.room3.compiler.processing.ksp.KSTypeExtKt$WhenMappings: loaded 2 times (x 71B)
Class kotlin.io.FileTreeWalk$DirectoryState                                           : loaded 2 times (x 73B)
Class [Lorg.objectweb.asm.Label;                                                      : loaded 2 times (x 69B)
Class org.objectweb.asm.Attribute                                                     : loaded 2 times (x 77B)
Class org.gradle.internal.classloader.VisitableURLClassLoader                         : loaded 2 times (x 117B)
Class org.gradle.internal.service.CachingServiceLocator                               : loaded 2 times (x 82B)
Class kotlin.reflect.jvm.internal.impl.builtins.PrimitiveType                         : loaded 2 times (x 79B)
Class com.google.devtools.ksp.symbol.KSExpectActual                                   : loaded 2 times (x 70B)
Class dagger.spi.internal.shaded.androidx.room3.compiler.processing.ksp.KspExecutableElement$Companion: loaded 2 times (x 71B)
Class [Ldagger.spi.internal.shaded.androidx.room3.compiler.processing.XParameterizable;: loaded 2 times (x 69B)
Class dagger.spi.internal.shaded.androidx.room3.compiler.processing.ksp.OriginatingElementWrapper: loaded 2 times (x 101B)
Class dagger.spi.internal.shaded.androidx.room3.compiler.processing.ksp.KspAnnotated$UseSiteFilter$Companion: loaded 2 times (x 71B)
Class dagger.spi.internal.shaded.androidx.room3.compiler.processing.ksp.KspProcessingEnv: loaded 2 times (x 121B)
Class org.gradle.internal.classloader.ClassLoaderFactory                              : loaded 2 times (x 70B)
Class dagger.spi.internal.shaded.androidx.room3.compiler.codegen.impl.XFileSpecImpl$Builder: loaded 2 times (x 78B)
Class com.squareup.kotlinpoet.TypeSpec$Companion                                      : loaded 2 times (x 71B)
Class dagger.spi.internal.shaded.androidx.room3.compiler.codegen.impl.XParameterSpecImpl: loaded 2 times (x 79B)
Class com.google.common.base.Verify                                                   : loaded 2 times (x 71B)
Class com.google.common.collect.Lists$ReverseList                                     : loaded 2 times (x 200B)
Class kotlin.reflect.jvm.internal.KClassImpl                                          : loaded 2 times (x 115B)
Class [Lkotlin.sequences.Sequence;                                                    : loaded 2 times (x 69B)
Class kotlin.sequences.SequencesKt___SequencesKt$sortedWith$1                         : loaded 2 times (x 75B)
Class kotlin.sequences.GeneratorSequence                                              : loaded 2 times (x 75B)
Class kotlin.sequences.FlatteningSequence$iterator$1                                  : loaded 2 times (x 79B)
Class Settings_gradle                                                                 : loaded 2 times (x 124B)
Class org.gradle.internal.Cast                                                        : loaded 2 times (x 71B)
Class org.gradle.api.Action                                                           : loaded 2 times (x 70B)
Class jdk.internal.jrtfs.JrtFileAttributes                                            : loaded 2 times (x 83B)
Class dagger.internal.codegen.writing.InjectionMethods$1                              : loaded 2 times (x 71B)
Class dagger.hilt.processor.internal.KspBaseProcessingStepProcessor                   : loaded 2 times (x 89B)
Class dagger.hilt.processor.internal.aggregateddeps.KspAggregatedDepsProcessor        : loaded 2 times (x 89B)
Class dagger.spi.internal.shaded.androidx.room3.compiler.processing.ksp.KspEnumEntry$Companion: loaded 2 times (x 71B)
Class dagger.hilt.android.processor.internal.viewmodel.ViewModelModuleGenerator$Companion: loaded 2 times (x 71B)
Class org.gradle.internal.service.ServiceLookupException                              : loaded 2 times (x 82B)
Class kotlin.io.FilesKt__FileReadWriteKt                                              : loaded 2 times (x 71B)
Class com.squareup.kotlinpoet.FunSpec                                                 : loaded 2 times (x 89B)
Class com.squareup.kotlinpoet.Annotatable$Builder                                     : loaded 2 times (x 70B)
Class [Lkotlin.Pair;                                                                  : loaded 2 times (x 69B)
Class kotlin.text.MatchNamedGroupCollection                                           : loaded 2 times (x 70B)
Class jdk.internal.jimage.ImageReader$Resource                                        : loaded 2 times (x 84B)
Class jdk.internal.jimage.decompressor.ZipDecompressor                                : loaded 2 times (x 75B)
Class kotlin.properties.ReadWriteProperty                                             : loaded 2 times (x 70B)
Class com.google.common.collect.HashBiMap                                             : loaded 2 times (x 143B)
Class com.google.common.base.Strings                                                  : loaded 2 times (x 71B)
Class org.objectweb.asm.Handler                                                       : loaded 2 times (x 72B)
Class jdk.internal.jimage.decompressor.Decompressor                                   : loaded 2 times (x 72B)
Class dagger.internal.codegen.base.ModuleAnnotation                                   : loaded 2 times (x 76B)
Class org.objectweb.asm.RecordComponentVisitor                                        : loaded 2 times (x 77B)
Class com.google.common.hash.HashCode                                                 : loaded 2 times (x 80B)
Class com.google.common.util.concurrent.AbstractFuture                                : loaded 2 times (x 106B)
Class androidx.room.compiler.processing.XRoundEnv                                     : loaded 2 times (x 70B)
Class com.google.common.hash.HashFunction                                             : loaded 2 times (x 70B)
Class kotlin.jvm.internal.markers.KMutableSet                                         : loaded 2 times (x 70B)
Class com.google.common.base.Functions$ConstantFunction                               : loaded 2 times (x 84B)
Class dagger.spi.internal.shaded.androidx.room3.compiler.processing.ksp.KspType       : loaded 2 times (x 194B)
Class androidx.room.compiler.processing.XExecutableElementStore                       : loaded 2 times (x 72B)
Class dagger.spi.internal.shaded.androidx.room3.compiler.codegen.impl.XPropertySpecImpl: loaded 2 times (x 79B)
Class dagger.spi.internal.shaded.androidx.room3.compiler.codegen.XFileSpec$Builder    : loaded 2 times (x 70B)
Class [Lcom.squareup.kotlinpoet.Import;                                               : loaded 2 times (x 69B)
Class dagger.spi.internal.shaded.androidx.room3.compiler.processing.ksp.KSTypeKotlinPoetExtKt$WhenMappings: loaded 2 times (x 71B)
Class dagger.spi.internal.shaded.androidx.room3.compiler.processing.ksp.KspExecutableParameterElement$WhenMappings: loaded 2 times (x 71B)
Class com.google.common.base.Functions                                                : loaded 2 times (x 71B)
Class com.google.common.util.concurrent.ListenableFuture                              : loaded 2 times (x 70B)
Class kotlin.KotlinNothingValueException                                              : loaded 2 times (x 82B)
Class com.google.devtools.ksp.processing.KSPConfig                                    : loaded 2 times (x 72B)
Class org.gradle.internal.classpath.DefaultClassPath$ImmutableUniqueList$Builder      : loaded 2 times (x 75B)
Class kotlin.collections.builders.MapBuilder$Itr                                      : loaded 2 times (x 72B)
Class kotlin.KotlinVersionCurrentValue                                                : loaded 2 times (x 71B)
Class jdk.internal.jimage.BasicImageReader$1                                          : loaded 2 times (x 77B)
Class dagger.spi.internal.shaded.androidx.room3.compiler.processing.ksp.NoLocationTypeReference: loaded 2 times (x 88B)
Class dagger.spi.internal.shaded.androidx.room3.compiler.processing.ksp.KSTypeVarianceResolverScope$MethodParameter: loaded 2 times (x 75B)
Class kotlin.reflect.jvm.internal.impl.builtins.functions.FunctionTypeKind$KFunction  : loaded 2 times (x 72B)
Class kotlin.reflect.jvm.internal.impl.name.SpecialNames                              : loaded 2 times (x 71B)
Class dagger.spi.internal.shaded.androidx.room3.compiler.codegen.java.JavaFunSpec$Builder: loaded 2 times (x 91B)
Class androidx.room.compiler.processing.ksp.KspFiler                                  : loaded 2 times (x 78B)
Class com.squareup.kotlinpoet.MemberSpecHolder$Builder                                : loaded 2 times (x 70B)
Class dagger.hilt.processor.internal.uninstallmodules.KspUninstallModulesProcessor    : loaded 2 times (x 89B)
Class com.squareup.kotlinpoet.PropertySpec$Companion                                  : loaded 2 times (x 71B)
Class org.gradle.api.internal.classpath.DefaultModuleRegistry                         : loaded 2 times (x 84B)
Class com.google.common.collect.Multimaps$CustomSetMultimap                           : loaded 2 times (x 178B)
Class kotlin.io.FilesKt__UtilsKt                                                      : loaded 2 times (x 71B)
Class kotlin.reflect.jvm.internal.KDeclarationContainerImpl$Data                      : loaded 2 times (x 72B)
Class jdk.internal.jimage.ImageReader$Node                                            : loaded 2 times (x 84B)
Class kotlin.io.FileTreeWalk$WalkState                                                : loaded 2 times (x 73B)
Class dagger.spi.internal.shaded.androidx.room3.compiler.processing.ksp.KSTypeVarianceResolverScope$PropertyGetterMethodReturnType: loaded 2 times (x 74B)
Class com.google.common.collect.HashBiMap$Inverse                                     : loaded 2 times (x 142B)
Class kotlin.time.Duration$Companion                                                  : loaded 2 times (x 71B)
Class kotlin.reflect.jvm.internal.KDeclarationContainerImpl                           : loaded 2 times (x 84B)
Class dagger.spi.internal.shaded.androidx.room3.compiler.processing.ksp.KspExecutableParameterElement$Companion: loaded 2 times (x 71B)
Class com.google.common.util.concurrent.internal.InternalFutureFailureAccess          : loaded 2 times (x 72B)
Class com.google.devtools.ksp.processing.KSPLogger                                    : loaded 2 times (x 70B)
Class jdk.internal.jimage.decompressor.ResourceDecompressorFactory                    : loaded 2 times (x 74B)
Class dagger.internal.codegen.xprocessing.XFunSpecs$Builder$Kind                      : loaded 2 times (x 79B)
Class dagger.internal.codegen.xprocessing.XFunSpecs$1                                 : loaded 2 times (x 71B)
Class dagger.internal.codegen.binding.MapKeys                                         : loaded 2 times (x 71B)
Class org.gradle.internal.installation.GradleInstallation$1                           : loaded 2 times (x 75B)
Class com.squareup.kotlinpoet.TypeSpecHolder                                          : loaded 2 times (x 70B)
Class dagger.internal.codegen.xprocessing.XParameterSpecs$Builder                     : loaded 2 times (x 79B)
Class org.gradle.api.internal.classpath.ModuleRegistry                                : loaded 2 times (x 70B)
Class kotlin.reflect.jvm.internal.impl.builtins.PrimitiveType$Companion               : loaded 2 times (x 71B)
Class [Lorg.objectweb.asm.SymbolTable$Entry;                                          : loaded 2 times (x 69B)
Class kotlin.reflect.jvm.internal.KClassImpl$Data                                     : loaded 2 times (x 72B)
Class kotlin.time.DurationJvmKt                                                       : loaded 2 times (x 71B)
Class jdk.internal.jimage.ImageReader$SharedImageReader                               : loaded 2 times (x 95B)
Class kotlin.reflect.jvm.internal.ReflectProperties                                   : loaded 2 times (x 71B)
Class org.gradle.api.GradleException                                                  : loaded 2 times (x 82B)
Class com.google.devtools.ksp.symbol.KSModifierListOwner                              : loaded 2 times (x 70B)
Class dagger.spi.internal.shaded.androidx.room3.compiler.codegen.impl.XTypeSpecImpl   : loaded 2 times (x 78B)
Class dagger.spi.internal.shaded.androidx.room3.compiler.processing.ksp.KspMethodType : loaded 2 times (x 90B)
Class androidx.room.compiler.processing.CommonProcessorDelegate$processRound$currentElementsDeferredByStep$1$previousRoundDeferredElementsByAnnotation$1: loaded 2 times (x 78B)
Class jdk.internal.jimage.ImageReader                                                 : loaded 2 times (x 75B)
Class com.google.common.collect.AbstractMapBasedMultiset                              : loaded 2 times (x 163B)
Class dagger.spi.internal.shaded.androidx.room3.compiler.processing.ksp.KspTypeElement$_declaredMethods_delegate$lambda$0$1$$inlined$sortedBy$1: loaded 2 times (x 90B)
Class dagger.hilt.processor.internal.root.KspRootProcessor                            : loaded 2 times (x 89B)
Class dagger.spi.internal.shaded.androidx.room3.compiler.codegen.XCodeBlock$Companion$WhenMappings: loaded 2 times (x 71B)
Class dagger.spi.internal.shaded.androidx.room3.compiler.codegen.java.JavaParameterSpec: loaded 2 times (x 78B)
Class dagger.spi.internal.shaded.androidx.room3.compiler.codegen.kotlin.KotlinParameterSpec: loaded 2 times (x 78B)
Class dagger.spi.internal.shaded.androidx.room3.compiler.processing.ksp.KspAnnotated$Companion: loaded 2 times (x 71B)
Class dagger.spi.internal.shaded.androidx.room3.compiler.processing.ksp.KspConstructorType: loaded 2 times (x 83B)
Class jdk.internal.jimage.ImageStrings                                                : loaded 2 times (x 70B)
Class com.google.devtools.ksp.processing.KSPJvmConfig                                 : loaded 2 times (x 72B)
Class kotlin.collections.AbstractMutableSet                                           : loaded 2 times (x 142B)
Class kotlin.properties.Delegates                                                     : loaded 2 times (x 71B)
Class com.google.common.collect.Count                                                 : loaded 2 times (x 71B)
Class [Ldagger.internal.codegen.base.ComponentCreatorKind;                            : loaded 2 times (x 69B)
Class dagger.spi.internal.shaded.androidx.room3.compiler.codegen.kotlin.KotlinFunSpecKt: loaded 2 times (x 71B)
Class dagger.spi.internal.shaded.androidx.room3.compiler.codegen.XFileSpec            : loaded 2 times (x 70B)
Class dagger.hilt.processor.internal.generatesrootinput.KspGeneratesRootInputProcessor: loaded 2 times (x 89B)
Class dagger.spi.internal.shaded.androidx.room3.compiler.processing.ksp.KspTypeElement$Companion$WhenMappings: loaded 2 times (x 71B)
Class dagger.hilt.processor.internal.root.KspRootProcessor$Provider                   : loaded 2 times (x 74B)
Class com.google.common.collect.Maps$AbstractFilteredMap                              : loaded 2 times (x 127B)
Class dagger.spi.internal.shaded.androidx.room3.compiler.processing.ksp.KspFileMemberContainer$Companion: loaded 2 times (x 71B)
Class kotlin.reflect.jvm.internal.KTypeParameterOwnerImpl                             : loaded 2 times (x 70B)
Class dagger.internal.codegen.binding.DependencyVariableNamer$1                       : loaded 2 times (x 71B)
Class org.objectweb.asm.Edge                                                          : loaded 2 times (x 72B)
Class kotlin.io.FilesKt                                                               : loaded 2 times (x 71B)
Class kotlin.jvm.internal.markers.KMutableMap$Entry                                   : loaded 2 times (x 70B)
Class jdk.internal.jimage.ImageStringsReader                                          : loaded 2 times (x 80B)
Class com.squareup.kotlinpoet.FunSpec$Builder                                         : loaded 2 times (x 103B)
Class dagger.spi.internal.shaded.androidx.room3.compiler.processing.ksp.KspAnnotationValue: loaded 2 times (x 157B)
Class dagger.spi.internal.shaded.androidx.room3.compiler.processing.ksp.synthetic.KspSyntheticPropertyMethodElement$Companion: loaded 2 times (x 71B)
Class org.gradle.api.internal.classpath.DefaultModuleRegistry$DefaultModuleAlias      : loaded 2 times (x 80B)
Class org.objectweb.asm.SymbolTable$Entry                                             : loaded 2 times (x 74B)
Class kotlin.time.DurationUnitKt__DurationUnitKt                                      : loaded 2 times (x 71B)
Class dagger.spi.internal.shaded.androidx.room3.compiler.processing.ksp.KspAnnotation : loaded 2 times (x 140B)
Class dagger.internal.codegen.base.AutoValue_ComponentAnnotation                      : loaded 2 times (x 76B)
Class dagger.hilt.android.processor.internal.androidentrypoint.KspAndroidEntryPointProcessor$Provider: loaded 2 times (x 74B)
Class dagger.hilt.android.processor.internal.customtestapplication.KspCustomTestApplicationProcessor$Provider: loaded 2 times (x 74B)
Class dagger.spi.internal.shaded.androidx.room3.compiler.processing.ksp.KspArrayType$Factory: loaded 2 times (x 72B)
Class kotlin.reflect.jvm.internal.impl.name.Name                                      : loaded 2 times (x 75B)
Class dagger.spi.internal.shaded.androidx.room3.compiler.processing.ksp.KSTypeVarianceResolverScope: loaded 2 times (x 74B)
Class [Lkotlin.time.DurationUnit;                                                     : loaded 2 times (x 69B)
Class kotlin.sequences.SequencesKt___SequencesKt$asIterable$$inlined$Iterable$1       : loaded 2 times (x 79B)
Class com.google.common.hash.HashCode$IntHashCode                                     : loaded 2 times (x 80B)
Class com.google.common.cache.LocalCache$WriteThroughEntry                            : loaded 2 times (x 79B)
Class com.google.common.cache.LocalCache$HashIterator                                 : loaded 2 times (x 86B)
Class dagger.hilt.android.processor.internal.viewmodel.ViewModelModuleGenerator       : loaded 2 times (x 72B)
Class [Ldagger.hilt.android.processor.internal.androidentrypoint.ActivityGenerator$ActivityMethod;: loaded 2 times (x 69B)
Class dagger.spi.internal.shaded.androidx.room3.compiler.processing.ksp.KspArrayType$PrimitiveArray: loaded 2 times (x 222B)
Class androidx.room.compiler.processing.CommonProcessorDelegate                       : loaded 2 times (x 72B)
Class kotlin.collections.ArrayDeque                                                   : loaded 2 times (x 207B)
Class [Lkotlin.reflect.jvm.internal.impl.name.FqName;                                 : loaded 2 times (x 69B)
Class dagger.spi.internal.shaded.androidx.room3.compiler.processing.ksp.ResolverExtKt : loaded 2 times (x 71B)
Class kotlin.reflect.jvm.internal.KPackageImpl                                        : loaded 2 times (x 85B)
Class dagger.internal.codegen.writing.InjectionMethods$ProvisionMethod                : loaded 2 times (x 71B)
Class com.squareup.kotlinpoet.ContextReceivers                                        : loaded 2 times (x 75B)
Class com.squareup.kotlinpoet.Documentable                                            : loaded 2 times (x 70B)
Class com.google.common.collect.Iterables$5                                           : loaded 2 times (x 81B)
Class com.google.common.collect.LinkedHashMultimap$ValueSet$1                         : loaded 2 times (x 82B)
Class com.squareup.kotlinpoet.KModifier$Target                                        : loaded 2 times (x 79B)
Class kotlin.reflect.jvm.internal.impl.name.FqNameUnsafe                              : loaded 2 times (x 72B)
Class org.gradle.internal.classpath.ClassPath                                         : loaded 2 times (x 70B)
Class Settings_gradle$1                                                               : loaded 2 times (x 75B)
Class kotlin.time.DurationUnit                                                        : loaded 2 times (x 79B)
Class dagger.internal.codegen.xprocessing.XCodeBlocks                                 : loaded 2 times (x 71B)
Class com.google.common.cache.LocalCache$AbstractReferenceEntry                       : loaded 2 times (x 107B)
Class org.gradle.internal.IoActions                                                   : loaded 2 times (x 71B)
Class dagger.spi.internal.shaded.androidx.room3.compiler.codegen.XName$Companion      : loaded 2 times (x 71B)
Class kotlin.collections.IntIterator                                                  : loaded 2 times (x 82B)
Class kotlin.jvm.internal.TypeIntrinsics                                              : loaded 2 times (x 71B)
Class jdk.internal.jimage.decompressor.ResourceDecompressor                           : loaded 2 times (x 70B)
Class kotlin.reflect.jvm.internal.ComputableClassValue                                : loaded 2 times (x 80B)
Class kotlin.reflect.jvm.internal.impl.resolve.jvm.JvmPrimitiveType                   : loaded 2 times (x 79B)
Class com.google.common.collect.NullnessCasts                                         : loaded 2 times (x 71B)
Class dagger.hilt.processor.internal.originatingelement.KspOriginatingElementProcessor$Provider: loaded 2 times (x 74B)
Class dagger.spi.internal.shaded.androidx.room3.compiler.processing.ksp.KspTypeArgumentType: loaded 2 times (x 197B)
Class dagger.spi.internal.shaded.androidx.room3.compiler.processing.ksp.KspFileMemberContainer: loaded 2 times (x 152B)
Class dagger.hilt.processor.internal.root.KspComponentTreeDepsProcessor               : loaded 2 times (x 89B)
Class dagger.spi.internal.shaded.androidx.room3.compiler.processing.ksp.TypeResolutionContext: loaded 2 times (x 72B)
Class dagger.internal.codegen.binding.FrameworkTypeMapper$3                           : loaded 2 times (x 71B)
Class org.gradle.api.internal.ClassPathRegistry                                       : loaded 2 times (x 70B)
Class org.gradle.internal.classpath.DefaultClassPath$ImmutableUniqueList              : loaded 2 times (x 199B)
Class kotlin.ranges.ClosedRange                                                       : loaded 2 times (x 70B)
Class com.google.common.collect.Maps$EntryFunction$2                                  : loaded 2 times (x 91B)
Class dagger.internal.codegen.KspComponentProcessor$Provider                          : loaded 2 times (x 75B)
Class dagger.spi.internal.shaded.androidx.room3.compiler.codegen.java.JavaTypeSpec    : loaded 2 times (x 77B)
Class com.google.common.collect.Maps$FilteredEntryMap$EntrySet$1                      : loaded 2 times (x 82B)
Class com.google.common.base.VerifyException                                          : loaded 2 times (x 82B)
Class [Lkotlin.reflect.jvm.internal.impl.name.ClassId;                                : loaded 2 times (x 69B)
Class com.google.devtools.ksp.symbol.KSDeclaration                                    : loaded 2 times (x 70B)
Class dagger.spi.internal.shaded.androidx.room3.compiler.codegen.kotlin.KotlinPropertySpec$Builder: loaded 2 times (x 77B)
Class dagger.spi.internal.shaded.androidx.room3.compiler.processing.ksp.KspTypeElement$KspEnumTypeElement: loaded 2 times (x 364B)
Class dagger.spi.internal.shaded.androidx.room3.compiler.processing.ksp.KSFileAsOriginatingElement: loaded 2 times (x 101B)
Class kotlin.reflect.jvm.internal.EmptyContainerForLocal                              : loaded 2 times (x 84B)
Class com.google.devtools.ksp.symbol.KSAnnotated                                      : loaded 2 times (x 70B)
Class dagger.internal.codegen.binding.FrameworkTypeMapper$2                           : loaded 2 times (x 80B)
Class kotlin.io.path.PathsKt__PathReadWriteKt                                         : loaded 2 times (x 71B)
Class org.objectweb.asm.SymbolTable                                                   : loaded 2 times (x 72B)
Class org.gradle.api.internal.DefaultClassPathRegistry                                : loaded 2 times (x 76B)
Class kotlin.reflect.jvm.internal.ReflectProperties$LazySoftVal                       : loaded 2 times (x 78B)
Class kotlin.reflect.jvm.internal.impl.builtins.StandardNames                         : loaded 2 times (x 71B)
Class dagger.internal.codegen.xprocessing.XMethodElements                             : loaded 2 times (x 71B)
Class [Lkotlin.reflect.jvm.internal.impl.builtins.PrimitiveType;                      : loaded 2 times (x 69B)
Class com.google.common.base.Present                                                  : loaded 2 times (x 81B)
Class com.google.common.collect.Maps$EntryFunction$1                                  : loaded 2 times (x 91B)
Class androidx.room.compiler.processing.ksp.KspBasicAnnotationProcessor               : loaded 2 times (x 88B)
Class dagger.spi.internal.shaded.androidx.room3.compiler.processing.ksp.KspResolver   : loaded 2 times (x 72B)
Class dagger.spi.internal.shaded.androidx.room3.compiler.processing.ksp.KSTypeVarianceResolverScope$PropertySetterParameterType: loaded 2 times (x 74B)
Class [Ldagger.spi.internal.shaded.androidx.room3.compiler.processing.XEquality;      : loaded 2 times (x 69B)
Class dagger.spi.internal.shaded.androidx.room3.compiler.processing.ksp.KspFieldElement$Companion: loaded 2 times (x 71B)
Class androidx.room.compiler.processing.CommonProcessorDelegate$processRound$currentElementsDeferredByStep$1$stepDeferredElementsByAnnotation$1: loaded 2 times (x 78B)
Class dagger.spi.internal.shaded.androidx.room3.compiler.processing.ksp.KspVoidType   : loaded 2 times (x 194B)
Class dagger.internal.codegen.base.ModuleKind                                         : loaded 2 times (x 79B)
Class dagger.internal.codegen.binding.FrameworkTypeMapper$1                           : loaded 2 times (x 80B)
Class dagger.spi.internal.shaded.androidx.room3.compiler.codegen.XTypeSpec$Builder$Companion: loaded 2 times (x 71B)
Class com.google.common.util.concurrent.AbstractFuture$Cancellation                   : loaded 2 times (x 72B)
Class com.google.common.collect.FluentIterable                                        : loaded 2 times (x 81B)
Class dagger.spi.internal.shaded.androidx.room3.compiler.codegen.kotlin.KotlinTypeSpec: loaded 2 times (x 77B)
Class dagger.spi.internal.shaded.androidx.room3.compiler.processing.ksp.KspMethodElement$KspNormalMethodElement: loaded 2 times (x 276B)
Class [Ldagger.internal.codegen.validation.ModuleValidator$ModuleMethodKind;          : loaded 2 times (x 69B)
Class dagger.internal.codegen.binding.FrameworkTypeMapper                             : loaded 2 times (x 80B)
Class com.google.common.base.Stopwatch                                                : loaded 2 times (x 72B)
Class jdk.internal.jimage.ImageHeader                                                 : loaded 2 times (x 71B)
Class kotlin.text.MatcherMatchResult$groups$1                                         : loaded 2 times (x 151B)
Class kotlin.jvm.internal.PropertyReference0Impl                                      : loaded 2 times (x 127B)
Class kotlin.ranges.IntRange$Companion                                                : loaded 2 times (x 71B)
Class com.google.common.cache.LocalCache$StrongEntry                                  : loaded 2 times (x 108B)
Class com.google.common.util.concurrent.AbstractFuture$TrustedFuture                  : loaded 2 times (x 114B)
Class dagger.spi.internal.shaded.androidx.room3.compiler.processing.ksp.KspRawType    : loaded 2 times (x 79B)
Class dagger.internal.codegen.binding.ComponentRequirement                            : loaded 2 times (x 83B)
Class org.gradle.api.internal.classpath.UnknownModuleException                        : loaded 2 times (x 82B)
Class kotlin.io.FileAlreadyExistsException                                            : loaded 2 times (x 82B)
Class kotlin.KotlinVersion                                                            : loaded 2 times (x 74B)
Class com.squareup.kotlinpoet.PropertySpec                                            : loaded 2 times (x 89B)
Class androidx.room.RoomKspProcessor$Provider                                         : loaded 2 times (x 74B)
Class dagger.spi.internal.shaded.androidx.room3.compiler.processing.ksp.KSTypeVarianceResolver: loaded 2 times (x 72B)
Class org.gradle.api.internal.classpath.Module                                        : loaded 2 times (x 70B)
Class kotlin.reflect.jvm.internal.KotlinReflectionInternalError                       : loaded 2 times (x 82B)
Class dagger.spi.internal.shaded.androidx.room3.compiler.processing.ksp.DefaultKspType: loaded 2 times (x 194B)
Class dagger.spi.internal.shaded.androidx.room3.compiler.processing.ksp.KspAnnotated$KSAnnotatedDelegate: loaded 2 times (x 139B)
Class kotlin.reflect.jvm.internal.impl.builtins.jvm.JavaToKotlinClassMap              : loaded 2 times (x 71B)
Class androidx.room.compiler.processing.ksp.KspProcessingEnv                          : loaded 2 times (x 121B)
Class dagger.spi.internal.shaded.androidx.room3.compiler.processing.ksp.KspHasModifiers: loaded 2 times (x 92B)
Class kotlin.Deprecated                                                               : loaded 2 times (x 70B)
Class dagger.hilt.android.processor.internal.bindvalue.KspBindValueProcessor$Provider : loaded 2 times (x 74B)
Class com.google.common.collect.FluentIterable$3                                      : loaded 2 times (x 81B)
Class dagger.spi.internal.shaded.androidx.room3.compiler.codegen.impl.XFunSpecImpl$Builder: loaded 2 times (x 91B)
Class dagger.spi.internal.shaded.androidx.room3.compiler.processing.KotlinPoetExtKt   : loaded 2 times (x 71B)
Class dagger.spi.internal.shaded.androidx.room3.compiler.processing.ksp.KspTypeElement$WhenMappings: loaded 2 times (x 71B)
Class kotlin.reflect.jvm.internal.ClassValueCache                                     : loaded 2 times (x 74B)
Class jdk.internal.jrtfs.JrtFileSystem                                                : loaded 2 times (x 102B)
Class kotlin.io.FileTreeWalk$FileTreeWalkIterator$TopDownDirectoryState               : loaded 2 times (x 74B)
Class com.google.common.io.ByteStreams$LimitedInputStream                             : loaded 2 times (x 92B)
Class org.objectweb.asm.MethodWriter                                                  : loaded 2 times (x 106B)
Class com.google.common.base.Absent                                                   : loaded 2 times (x 80B)
Class com.google.common.collect.FluentIterable$2                                      : loaded 2 times (x 81B)
Class com.squareup.kotlinpoet.OriginatingElementsHolderKt                             : loaded 2 times (x 71B)
Class com.squareup.kotlinpoet.TypeSpec                                                : loaded 2 times (x 96B)
Class dagger.hilt.android.processor.internal.androidentrypoint.KspAndroidEntryPointProcessor: loaded 2 times (x 89B)
Class org.gradle.api.internal.classpath.DefaultModuleRegistry$DefaultModule           : loaded 2 times (x 82B)
Class org.objectweb.asm.FieldVisitor                                                  : loaded 2 times (x 77B)
Class jdk.internal.jimage.ImageBufferCache$2                                          : loaded 2 times (x 91B)
Class kotlin.reflect.jvm.internal.impl.builtins.StandardNames$FqNames                 : loaded 2 times (x 71B)
Class dagger.spi.internal.shaded.androidx.room3.compiler.processing.ksp.KspTypeElement: loaded 2 times (x 311B)
Class com.google.common.collect.FluentIterable$1                                      : loaded 2 times (x 81B)
Class com.google.common.collect.AbstractMapBasedMultimap$RandomAccessWrappedList      : loaded 2 times (x 205B)
Class dagger.internal.codegen.xprocessing.XFunSpecs                                   : loaded 2 times (x 71B)
Class com.squareup.kotlinpoet.TypeSpecHolder$Builder                                  : loaded 2 times (x 70B)
Class jdk.internal.jimage.decompressor.CompressedResourceHeader                       : loaded 2 times (x 71B)
Class kotlin.text.Charsets                                                            : loaded 2 times (x 71B)
Class kotlin.ranges.OpenEndRange                                                      : loaded 2 times (x 70B)
Class dagger.hilt.processor.internal.originatingelement.KspOriginatingElementProcessor: loaded 2 times (x 89B)
Class org.objectweb.asm.ClassWriter                                                   : loaded 2 times (x 106B)
Class kotlin.jvm.JvmStatic                                                            : loaded 2 times (x 70B)
Class kotlin.time.DurationUnitKt__DurationUnitJvmKt                                   : loaded 2 times (x 71B)
Class kotlin.collections.ArraysKt___ArraysKt$asSequence$$inlined$Sequence$1           : loaded 2 times (x 75B)
Class jdk.internal.jimage.ImageBufferCache$1                                          : loaded 2 times (x 83B)
Class kotlin.reflect.jvm.internal.ReflectionFactoryImpl                               : loaded 2 times (x 91B)
Class com.google.common.collect.HashMultimapGwtSerializationDependencies              : loaded 2 times (x 174B)
Class dagger.spi.internal.shaded.androidx.room3.compiler.processing.ksp.KspAnnotated  : loaded 2 times (x 139B)
Class dagger.spi.internal.shaded.androidx.room3.compiler.processing.ksp.KspConstructorElement: loaded 2 times (x 252B)
Class dagger.spi.internal.shaded.androidx.room3.compiler.processing.ksp.PropertyFieldModifiers: loaded 2 times (x 92B)
Class kotlin.io.FileTreeWalk$FileTreeWalkIterator$WhenMappings                        : loaded 2 times (x 71B)
Class kotlin.collections.builders.MapBuilder$EntriesItr                               : loaded 2 times (x 81B)
Class dagger.spi.internal.shaded.androidx.room3.compiler.processing.ksp.KspMemberContainer: loaded 2 times (x 70B)
Class kotlin.io.path.IllegalFileNameException                                         : loaded 2 times (x 85B)
Class com.squareup.kotlinpoet.FileSpec$Builder                                        : loaded 2 times (x 111B)
Class dagger.hilt.processor.internal.aliasof.KspAliasOfProcessor                      : loaded 2 times (x 89B)
Class com.google.common.collect.AbstractIterator$State                                : loaded 2 times (x 79B)
Class dagger.spi.internal.shaded.androidx.room3.compiler.processing.ksp.synthetic.KspSyntheticPropertyMethodElement$Getter: loaded 2 times (x 263B)
Class dagger.spi.internal.shaded.androidx.room3.compiler.processing.ksp.KSTypeJavaPoetExtKt$WhenMappings: loaded 2 times (x 71B)
Class dagger.internal.codegen.binding.AutoValue_ComponentRequirement                  : loaded 2 times (x 83B)
Class dagger.internal.codegen.binding.ProvisionBinding$Builder                        : loaded 2 times (x 80B)
Class org.gradle.kotlin.dsl.VersionCatalogAccessorsKt                                 : loaded 2 times (x 71B)
Class kotlin.text.DelimitedRangesSequence$iterator$1                                  : loaded 2 times (x 79B)
Class jdk.internal.jrtfs.JrtDirectoryStream$1                                         : loaded 2 times (x 83B)
Class jdk.internal.jimage.ImageLocation                                               : loaded 2 times (x 90B)
Class kotlin.reflect.jvm.internal.impl.builtins.functions.FunctionTypeKind$SuspendFunction: loaded 2 times (x 72B)
Class dagger.spi.internal.shaded.androidx.room3.compiler.processing.ksp.KSTypeVarianceResolver$WhenMappings: loaded 2 times (x 71B)
Class com.squareup.kotlinpoet.MemberSpecHolder                                        : loaded 2 times (x 70B)
Class [Ldagger.spi.internal.shaded.androidx.room3.compiler.codegen.XFileSpec$Builder; : loaded 2 times (x 69B)
Class dagger.spi.internal.shaded.androidx.room3.compiler.processing.ksp.KspExecutableElement: loaded 2 times (x 214B)
Class dagger.spi.internal.shaded.androidx.room3.compiler.processing.ksp.KspTypeElement$Companion: loaded 2 times (x 71B)
Class dagger.spi.internal.shaded.androidx.room3.compiler.processing.ksp.FunctionModifiers: loaded 2 times (x 92B)
Class com.google.common.util.concurrent.AbstractFuture$Trusted                        : loaded 2 times (x 70B)
Class kotlin.collections.AbstractIterator                                             : loaded 2 times (x 83B)
Class com.google.common.base.Optional                                                 : loaded 2 times (x 80B)
Class com.squareup.kotlinpoet.OriginatingElements                                     : loaded 2 times (x 75B)
Class kotlin.collections.ArrayDeque$Companion                                         : loaded 2 times (x 71B)
Class com.google.common.hash.PrimitiveSink                                            : loaded 2 times (x 70B)
Class com.google.common.base.PatternCompiler                                          : loaded 2 times (x 70B)
Class com.google.common.util.concurrent.AbstractFuture$Failure                        : loaded 2 times (x 72B)
Class dagger.hilt.android.processor.internal.viewmodel.KspViewModelProcessor$Provider : loaded 2 times (x 74B)
Class com.google.common.hash.AbstractHashFunction                                     : loaded 2 times (x 95B)
Class kotlin.io.FilesKt__FilePathComponentsKt                                         : loaded 2 times (x 71B)
Class dagger.internal.codegen.model.AutoValue_DaggerTypeElement                       : loaded 2 times (x 74B)
Class kotlin.io.TerminateException                                                    : loaded 2 times (x 82B)
Class kotlin.ReplaceWith                                                              : loaded 2 times (x 70B)
Class kotlin.reflect.jvm.internal.CacheByClass                                        : loaded 2 times (x 73B)
Class kotlin.reflect.jvm.internal.impl.utils.CollectionsKt                            : loaded 2 times (x 71B)
Class kotlin.streams.jdk8.StreamsKt                                                   : loaded 2 times (x 71B)
Class [Ldagger.internal.codegen.base.ComponentCreatorAnnotation;                      : loaded 2 times (x 69B)
Class kotlin.io.CloseableKt                                                           : loaded 2 times (x 71B)
Class kotlin.sequences.GeneratorSequence$iterator$1                                   : loaded 2 times (x 79B)
Class dagger.hilt.android.processor.internal.viewmodel.ViewModelMetadata              : loaded 2 times (x 72B)
Class [Ldagger.spi.internal.shaded.androidx.room3.compiler.processing.XMethodElement; : loaded 2 times (x 69B)
Class com.google.common.collect.HashBiMap$BiEntry                                     : loaded 2 times (x 83B)
Class com.google.common.collect.HashMultiset                                          : loaded 2 times (x 163B)
Class kotlin.sequences.TransformingSequence$iterator$1                                : loaded 2 times (x 79B)
Class jdk.internal.jrtfs.JrtFileSystemProvider                                        : loaded 2 times (x 101B)
Class kotlin.reflect.jvm.internal.CacheByClassKt                                      : loaded 2 times (x 71B)
Class com.google.common.collect.Iterators$ConcatenatedIterator                        : loaded 2 times (x 82B)
Class com.squareup.kotlinpoet.Import                                                  : loaded 2 times (x 75B)
Class org.objectweb.asm.Label                                                         : loaded 2 times (x 73B)
Class org.objectweb.asm.CurrentFrame                                                  : loaded 2 times (x 73B)
Class org.objectweb.asm.ClassTooLargeException                                        : loaded 2 times (x 83B)
Class dagger.internal.codegen.binding.DependencyVariableNamer                         : loaded 2 times (x 71B)
Class [Ldagger.internal.codegen.base.ModuleKind;                                      : loaded 2 times (x 69B)
Class dagger.hilt.processor.internal.uninstallmodules.KspUninstallModulesProcessor$Provider: loaded 2 times (x 74B)
Class androidx.room.RoomKspProcessor                                                  : loaded 2 times (x 88B)
Class androidx.room.compiler.processing.ksp.KspMessager                               : loaded 2 times (x 73B)
Class dagger.hilt.processor.internal.aggregateddeps.PkgPrivateMetadata                : loaded 2 times (x 75B)
Class org.gradle.internal.service.ServiceLocator                                      : loaded 2 times (x 70B)
Class [Lorg.objectweb.asm.Type;                                                       : loaded 2 times (x 69B)
Class [Lorg.objectweb.asm.Attribute;                                                  : loaded 2 times (x 69B)
Class dagger.spi.internal.shaded.androidx.room3.compiler.processing.ksp.KspAnnotationValue$Companion: loaded 2 times (x 71B)
Class [Ldagger.internal.codegen.xprocessing.XAnnotationSpecs$Suppression;             : loaded 2 times (x 69B)
Class dagger.internal.codegen.xprocessing.XCodeBlocks$XCodeBlockJoiner                : loaded 2 times (x 72B)
Class dagger.spi.internal.shaded.androidx.room3.compiler.processing.ksp.KspMessager   : loaded 2 times (x 73B)
Class androidx.room.compiler.processing.ksp.KspProcessingEnv$jvmPlatformInfo$2        : loaded 2 times (x 79B)
Class dagger.spi.internal.shaded.androidx.room3.compiler.processing.ksp.KspResolver$WhenMappings: loaded 2 times (x 71B)
Class dagger.hilt.processor.internal.AutoValue_MethodSignature                        : loaded 2 times (x 74B)
Class kotlin.collections.builders.AbstractMapBuilderEntrySet                          : loaded 2 times (x 144B)
Class kotlin.InitializedLazyImpl                                                      : loaded 2 times (x 76B)
Class com.google.common.hash.HashCode$LongHashCode                                    : loaded 2 times (x 80B)
Class org.objectweb.asm.Frame                                                         : loaded 2 times (x 73B)
Class org.objectweb.asm.MethodVisitor                                                 : loaded 2 times (x 105B)
Class kotlin.io.path.PathsKt                                                          : loaded 2 times (x 71B)
Class jdk.internal.jrtfs.SystemImage$2                                                : loaded 2 times (x 76B)
Class dagger.spi.internal.shaded.androidx.room3.compiler.processing.ksp.KspMethodElement$Companion: loaded 2 times (x 71B)
Class androidx.room.compiler.processing.ksp.KspProcessingEnv$isKsp2$2                 : loaded 2 times (x 79B)
Class kotlin.reflect.jvm.internal.impl.name.StandardClassIdsKt                        : loaded 2 times (x 71B)
Class dagger.spi.internal.shaded.androidx.room3.compiler.codegen.impl.XPropertySpecImpl$Builder: loaded 2 times (x 77B)
Class kotlin.reflect.jvm.internal.impl.name.FqNamesUtilKt                             : loaded 2 times (x 71B)
Class com.google.common.collect.ImmutableMapEntry$NonTerminalImmutableBiMapEntry      : loaded 2 times (x 85B)
Class dagger.spi.internal.shaded.androidx.room3.compiler.codegen.kotlin.KotlinFileSpec$Builder: loaded 2 times (x 78B)
Class kotlin.reflect.jvm.internal.CachesKt                                            : loaded 2 times (x 71B)
Class dagger.internal.codegen.binding.KeyFactory$1                                    : loaded 2 times (x 71B)
Class kotlin.io.path.PathsKt__PathUtilsKt                                             : loaded 2 times (x 71B)
Class jdk.internal.jrtfs.SystemImage$1                                                : loaded 2 times (x 78B)
Class kotlin.reflect.jvm.internal.impl.name.StandardClassIds                          : loaded 2 times (x 71B)
Class dagger.spi.internal.shaded.androidx.room3.compiler.codegen.java.JavaParameterSpec$Builder: loaded 2 times (x 78B)
Class dagger.spi.internal.shaded.androidx.room3.compiler.processing.XExecutableElementStore: loaded 2 times (x 72B)
Class org.gradle.internal.classloader.InstrumentingClassLoader                        : loaded 2 times (x 70B)
Class org.gradle.internal.classpath.TransformedClassPath                              : loaded 2 times (x 96B)
Class org.objectweb.asm.FieldWriter                                                   : loaded 2 times (x 78B)
Class kotlin.reflect.jvm.internal.impl.builtins.functions.FunctionTypeKind            : loaded 2 times (x 72B)
Class dagger.hilt.android.processor.internal.bindvalue.KspBindValueProcessor          : loaded 2 times (x 89B)
Class dagger.spi.internal.shaded.androidx.room3.compiler.processing.ksp.synthetic.KspSyntheticPropertyMethodElement: loaded 2 times (x 263B)
Class androidx.room.compiler.processing.XMessager                                     : loaded 2 times (x 73B)
Class dagger.internal.codegen.binding.$AutoValue_ProvisionBinding$Builder             : loaded 2 times (x 97B)
Class com.google.common.io.ByteStreams                                                : loaded 2 times (x 71B)
Class dagger.hilt.processor.internal.generatesrootinput.KspGeneratesRootInputProcessor$Provider: loaded 2 times (x 74B)
Class dagger.spi.internal.shaded.androidx.room3.compiler.codegen.java.JavaFileSpec$Builder: loaded 2 times (x 78B)
Class dagger.spi.internal.shaded.androidx.room3.compiler.codegen.XFunSpec$Companion   : loaded 2 times (x 71B)
Class com.squareup.kotlinpoet.ParameterSpec$Builder                                   : loaded 2 times (x 92B)
Class [Lcom.google.common.collect.Maps$EntryFunction;                                 : loaded 2 times (x 69B)
Class com.google.common.collect.AbstractMultiset                                      : loaded 2 times (x 159B)
Class dagger.hilt.android.processor.internal.androidentrypoint.ActivityGenerator$ActivityMethod: loaded 2 times (x 79B)
Class com.google.common.util.concurrent.SettableFuture                                : loaded 2 times (x 114B)
Class kotlin.collections.builders.MapBuilderEntries                                   : loaded 2 times (x 145B)
Class com.google.common.collect.Collections2$FilteredCollection                       : loaded 2 times (x 119B)
Class org.objectweb.asm.ModuleWriter                                                  : loaded 2 times (x 82B)
Class [Lcom.squareup.kotlinpoet.KModifier$Target;                                     : loaded 2 times (x 69B)
Class dagger.spi.internal.shaded.androidx.room3.compiler.processing.ksp.KspBasicAnnotationProcessor$DelegateLogger: loaded 2 times (x 79B)
Class [Ldagger.spi.internal.shaded.androidx.room3.compiler.processing.XHasModifiers;  : loaded 2 times (x 69B)
Class org.objectweb.asm.ModuleVisitor                                                 : loaded 2 times (x 81B)
Class com.google.common.io.ByteArrayDataInput                                         : loaded 2 times (x 70B)
Class com.google.common.hash.Hasher                                                   : loaded 2 times (x 70B)
Class kotlin.reflect.jvm.internal.impl.name.ClassId                                   : loaded 2 times (x 72B)
Class dagger.spi.internal.shaded.androidx.room3.compiler.processing.ksp.KspMethodElement: loaded 2 times (x 276B)
Class dagger.internal.codegen.writing.FactoryGenerator$1                              : loaded 2 times (x 71B)
Class org.gradle.internal.service.UnknownServiceException                             : loaded 2 times (x 83B)
Class [Lorg.objectweb.asm.AnnotationVisitor;                                          : loaded 2 times (x 69B)
Class dagger.spi.internal.shaded.androidx.room3.compiler.processing.ksp.KspTypeMapper : loaded 2 times (x 71B)
Class kotlin.collections.CollectionsKt___CollectionsKt$asSequence$$inlined$Sequence$1 : loaded 2 times (x 75B)
Class androidx.room.compiler.processing.ksp.KspProcessingEnv$executableElementStore$1 : loaded 2 times (x 79B)
Class jdk.internal.jrtfs.SystemImage                                                  : loaded 2 times (x 74B)
Class com.squareup.kotlinpoet.ParameterSpec$Companion                                 : loaded 2 times (x 71B)
Class dagger.spi.internal.shaded.androidx.room3.compiler.codegen.kotlin.KotlinFunSpecKt$WhenMappings: loaded 2 times (x 71B)
Class Settings_gradle$1$1$1                                                           : loaded 2 times (x 75B)
Class dagger.spi.internal.shaded.androidx.room3.compiler.codegen.java.JavaPropertySpec: loaded 2 times (x 78B)
Class dagger.internal.codegen.xprocessing.XAnnotationSpecs$Suppression                : loaded 2 times (x 79B)
Class dagger.spi.internal.shaded.androidx.room3.compiler.processing.ksp.KSAnnotatedExtKt: loaded 2 times (x 71B)
Class dagger.spi.internal.shaded.androidx.room3.compiler.processing.ksp.KSTypeArgumentWrapper: loaded 2 times (x 72B)
Class org.gradle.api.internal.ClassPathProvider                                       : loaded 2 times (x 70B)
Class [Lcom.squareup.kotlinpoet.TypeName;                                             : loaded 2 times (x 69B)
Class [Lorg.gradle.api.internal.ClassPathProvider;                                    : loaded 2 times (x 69B)
Class com.google.common.hash.HashCode$BytesHashCode                                   : loaded 2 times (x 81B)
Class [Lcom.squareup.kotlinpoet.TypeSpec$Kind;                                        : loaded 2 times (x 69B)
Class com.squareup.kotlinpoet.ParameterSpecKt                                         : loaded 2 times (x 71B)
Class dagger.spi.internal.shaded.androidx.room3.compiler.codegen.XParameterSpec$Companion: loaded 2 times (x 71B)
Class kotlin.collections.builders.MapBuilder$EntryRef                                 : loaded 2 times (x 81B)
Class kotlin.sequences.ConstrainedOnceSequence                                        : loaded 2 times (x 75B)
Class com.google.common.io.ByteStreams$1                                              : loaded 2 times (x 85B)
Class kotlin.text.MatchResult                                                         : loaded 2 times (x 70B)
Class kotlin.reflect.jvm.internal.impl.builtins.jvm.JavaToKotlinClassMap$PlatformMutabilityMapping: loaded 2 times (x 72B)
Class [Lcom.google.common.base.Function;                                              : loaded 2 times (x 69B)
Class com.squareup.kotlinpoet.Documentable$Builder                                    : loaded 2 times (x 70B)
Class org.gradle.api.internal.DefaultClassPathProvider                                : loaded 2 times (x 76B)
Class dagger.hilt.android.processor.internal.viewmodel.ViewModelMetadata$Companion    : loaded 2 times (x 71B)
Class org.objectweb.asm.AnnotationVisitor                                             : loaded 2 times (x 78B)
Class com.google.common.collect.ImmutableSet$SerializedForm                           : loaded 2 times (x 73B)
Class dagger.spi.internal.shaded.androidx.room3.compiler.codegen.XFileSpec$Companion  : loaded 2 times (x 71B)
Class dagger.spi.internal.shaded.androidx.room3.compiler.codegen.XCodeBlockKt         : loaded 2 times (x 71B)
Class [Lcom.squareup.kotlinpoet.KModifier;                                            : loaded 2 times (x 69B)
Class com.squareup.kotlinpoet.KModifier                                               : loaded 2 times (x 79B)
Class kotlin.jvm.internal.AdaptedFunctionReference                                    : loaded 2 times (x 77B)
Class com.google.common.collect.HashMultimap                                          : loaded 2 times (x 174B)
Class kotlin.jvm.internal.ArrayIteratorKt                                             : loaded 2 times (x 71B)
Class kotlin.reflect.jvm.internal.impl.builtins.functions.FunctionTypeKind$Function   : loaded 2 times (x 72B)
Class kotlin.time.Duration                                                            : loaded 2 times (x 74B)
Class dagger.hilt.processor.internal.definecomponent.KspDefineComponentProcessor$Provider: loaded 2 times (x 74B)
Class org.gradle.internal.installation.CurrentGradleInstallationLocator               : loaded 2 times (x 71B)
Class dagger.spi.internal.shaded.androidx.room3.compiler.processing.ksp.KspFieldElement: loaded 2 times (x 205B)
Class [Ldagger.spi.internal.shaded.androidx.room3.compiler.processing.XExecutableElement;: loaded 2 times (x 69B)
Class [Lcom.squareup.kotlinpoet.Taggable;                                             : loaded 2 times (x 69B)
Class dagger.spi.internal.shaded.androidx.room3.compiler.processing.ksp.KSTypeWrapper : loaded 2 times (x 72B)
Class [Ldagger.internal.codegen.binding.FrameworkTypeMapper;                          : loaded 2 times (x 69B)
Class kotlin.io.FileTreeWalk$FileTreeWalkIterator                                     : loaded 2 times (x 83B)
Class kotlin.sequences.SequencesKt___SequencesKt$flatMap$2                            : loaded 2 times (x 125B)
Class com.google.common.collect.Maps$FilteredEntryMap                                 : loaded 2 times (x 128B)
Class dagger.internal.codegen.base.ComponentCreatorAnnotation                         : loaded 2 times (x 79B)
Class [Ldagger.internal.codegen.xprocessing.XFunSpecs$Builder$Kind;                   : loaded 2 times (x 69B)
Class dagger.spi.internal.shaded.androidx.room3.compiler.processing.ksp.KSTypeExtKt   : loaded 2 times (x 71B)
Class dagger.spi.internal.shaded.androidx.room3.compiler.processing.ksp.KspExecutableType: loaded 2 times (x 81B)
Class dagger.hilt.processor.internal.aliasof.KspAliasOfProcessor$Provider             : loaded 2 times (x 74B)
Class dagger.spi.internal.shaded.androidx.room3.compiler.processing.ksp.KspFiler$OriginatingElements: loaded 2 times (x 72B)
Class com.google.common.collect.Multisets$EntrySet                                    : loaded 2 times (x 136B)
Class dagger.spi.internal.shaded.androidx.room3.compiler.processing.ksp.KspTypeArgumentType$Companion$WhenMappings: loaded 2 times (x 71B)
Class dagger.internal.codegen.model.DaggerTypeElement                                 : loaded 2 times (x 73B)
Class [Lkotlin.io.FileWalkDirection;                                                  : loaded 2 times (x 69B)
Class org.objectweb.asm.ClassReader                                                   : loaded 2 times (x 94B)
Class org.gradle.internal.service.DefaultServiceLocator                               : loaded 2 times (x 83B)
Class dagger.internal.codegen.writing.FactoryGenerator$FactoryFields                  : loaded 2 times (x 72B)
Class kotlin.KotlinVersion$Companion                                                  : loaded 2 times (x 71B)
Class kotlin.sequences.SequencesKt___SequencesKt$flatMap$1                            : loaded 2 times (x 125B)
Class kotlin.text.MatcherMatchResult$groupValues$1                                    : loaded 2 times (x 198B)
Class [Lcom.google.common.collect.AbstractIterator$State;                             : loaded 2 times (x 69B)
Class com.squareup.kotlinpoet.TypeSpec$Builder                                        : loaded 2 times (x 119B)
Class dagger.spi.internal.shaded.androidx.room3.compiler.codegen.kotlin.KotlinFileSpec: loaded 2 times (x 77B)
Class dagger.spi.internal.shaded.androidx.room3.compiler.processing.ksp.KspTypeElement$DefaultKspTypeElement: loaded 2 times (x 311B)
Class dagger.spi.internal.shaded.androidx.room3.compiler.processing.ksp.KspPrimitiveType: loaded 2 times (x 194B)
Class org.gradle.internal.classloader.DefaultClassLoaderFactory                       : loaded 2 times (x 82B)
Class androidx.room.compiler.processing.ksp.KspProcessingEnv$typeElementStore$1       : loaded 2 times (x 79B)
Class dagger.hilt.processor.internal.root.KspComponentTreeDepsProcessor$Provider      : loaded 2 times (x 74B)
Class dagger.spi.internal.shaded.androidx.room3.compiler.codegen.kotlin.KotlinFunSpec$Builder: loaded 2 times (x 91B)
Class com.squareup.kotlinpoet.ParameterSpec                                           : loaded 2 times (x 83B)
Class com.squareup.kotlinpoet.ContextReceivableKt                                     : loaded 2 times (x 71B)
Class org.objectweb.asm.MethodTooLargeException                                       : loaded 2 times (x 83B)
Class com.google.common.base.Platform$JdkPatternCompiler                              : loaded 2 times (x 75B)
Class kotlin.reflect.jvm.internal.impl.name.FqName                                    : loaded 2 times (x 72B)
Class dagger.internal.codegen.xprocessing.XFunSpecs$Builder                           : loaded 2 times (x 115B)
Class jdk.internal.jrtfs.JrtDirectoryStream                                           : loaded 2 times (x 89B)
Class kotlin.io.FileTreeWalk                                                          : loaded 2 times (x 75B)
Class org.gradle.internal.installation.CurrentGradleInstallation                      : loaded 2 times (x 73B)
Class dagger.hilt.processor.internal.earlyentrypoint.KspEarlyEntryPointProcessor$Provider: loaded 2 times (x 74B)
Class dagger.spi.internal.shaded.androidx.room3.compiler.processing.ksp.KSAsMemberOfKt: loaded 2 times (x 71B)
Class dagger.spi.internal.shaded.androidx.room3.compiler.processing.ksp.KTypeVariableNameFactory: loaded 2 times (x 71B)
Class dagger.spi.internal.shaded.androidx.room3.compiler.processing.ksp.KspArrayType$BoxedArray: loaded 2 times (x 222B)
Class org.objectweb.asm.ClassVisitor                                                  : loaded 2 times (x 88B)
Class [Lorg.objectweb.asm.Symbol;                                                     : loaded 2 times (x 69B)
Class kotlin.sequences.TransformingSequence                                           : loaded 2 times (x 75B)
Class dagger.spi.internal.shaded.androidx.room3.compiler.processing.ksp.KspAnnotated$UseSiteFilter: loaded 2 times (x 80B)
Class jdk.internal.jimage.decompressor.StringSharingDecompressorFactory               : loaded 2 times (x 74B)
Class androidx.room.compiler.processing.ksp.KspProcessingEnv$typeElementStore$2       : loaded 2 times (x 78B)
Class dagger.spi.internal.shaded.androidx.room3.compiler.codegen.kotlin.KotlinTypeSpec$Builder: loaded 2 times (x 90B)
Class dagger.internal.codegen.base.ComponentAnnotation                                : loaded 2 times (x 76B)
Class dagger.spi.internal.shaded.androidx.room3.compiler.processing.ksp.KSTypeKotlinPoetExtKt: loaded 2 times (x 71B)
Class dagger.spi.internal.shaded.androidx.room3.compiler.processing.ksp.KspAnnotationValueKt: loaded 2 times (x 71B)
Class com.google.common.io.ByteArrayDataOutput                                        : loaded 2 times (x 70B)
Class com.google.common.collect.ForwardingObject                                      : loaded 2 times (x 72B)
Class kotlin.ranges.IntProgression$Companion                                          : loaded 2 times (x 71B)
Class kotlin.jvm.internal.Ref$BooleanRef                                              : loaded 2 times (x 71B)
Class kotlin.jvm.internal.StringCompanionObject                                       : loaded 2 times (x 71B)
Class org.gradle.util.internal.GUtil                                                  : loaded 2 times (x 71B)
Class kotlin.jvm.internal.MutablePropertyReference2                                   : loaded 2 times (x 137B)
Class kotlin.reflect.jvm.internal.ReflectProperties$Val                               : loaded 2 times (x 74B)
Class dagger.spi.internal.shaded.androidx.room3.compiler.processing.ksp.KspFiler      : loaded 2 times (x 78B)
Class com.google.common.collect.AbstractMultiset$EntrySet                             : loaded 2 times (x 138B)
Class [Lcom.squareup.javapoet.ClassName;                                              : loaded 2 times (x 69B)
Class androidx.room.compiler.processing.ksp.KspProcessingEnv$typeElementStore$3       : loaded 2 times (x 79B)
Class dagger.hilt.processor.internal.earlyentrypoint.KspEarlyEntryPointProcessor      : loaded 2 times (x 89B)
Class [Ldagger.spi.internal.shaded.androidx.room3.compiler.codegen.XFunSpec$Builder;  : loaded 2 times (x 69B)
Class dagger.hilt.android.processor.internal.viewmodel.ViewModelMetadata$Companion$create$1$1: loaded 2 times (x 78B)
Class org.gradle.internal.classloader.ClassLoaderHierarchy                            : loaded 2 times (x 70B)
Class kotlin.sequences.FilteringSequence$iterator$1                                   : loaded 2 times (x 79B)
Class kotlin.io.NoSuchFileException                                                   : loaded 2 times (x 82B)
Class kotlin.io.FilesKt__FileTreeWalkKt                                               : loaded 2 times (x 71B)
Class jdk.internal.jimage.BasicImageReader                                            : loaded 2 times (x 95B)
Class dagger.spi.internal.shaded.androidx.room3.compiler.processing.ksp.KSFunctionExtKt: loaded 2 times (x 71B)
Class dagger.spi.internal.shaded.androidx.room3.compiler.processing.ksp.KSTypeVarianceResolverScope$PropertyType: loaded 2 times (x 74B)
Class kotlin.jvm.internal.MutablePropertyReference0                                   : loaded 2 times (x 137B)
Class dagger.spi.internal.shaded.androidx.room3.compiler.processing.ksp.KspPackageElement: loaded 2 times (x 166B)
Class dagger.spi.internal.shaded.androidx.room3.compiler.processing.ksp.ClassModifiers: loaded 2 times (x 92B)
Class kotlin.reflect.jvm.internal.impl.builtins.CompanionObjectMapping                : loaded 2 times (x 71B)
Class com.squareup.kotlinpoet.OriginatingElementsHolder$Builder                       : loaded 2 times (x 70B)
Class dagger.spi.internal.shaded.androidx.room3.compiler.processing.util.NamingUtilsKt: loaded 2 times (x 71B)
Class com.google.common.collect.AbstractTable                                         : loaded 2 times (x 120B)
Class [Ldagger.spi.internal.shaded.androidx.room3.compiler.codegen.XTypeSpec$Builder; : loaded 2 times (x 69B)
Class com.squareup.kotlinpoet.FileSpec                                                : loaded 2 times (x 87B)
Class kotlin.reflect.jvm.internal.RuntimeTypeMapper                                   : loaded 2 times (x 71B)
Class kotlin.time.DurationUnitKt                                                      : loaded 2 times (x 71B)
Class kotlin.ranges.IntProgressionIterator                                            : loaded 2 times (x 82B)
Class org.objectweb.asm.Context                                                       : loaded 2 times (x 72B)
Class org.gradle.internal.installation.GradleInstallation                             : loaded 2 times (x 75B)
Class androidx.room.compiler.processing.ksp.KspBasicAnnotationProcessor$commonDelegate$2: loaded 2 times (x 79B)
Class dagger.spi.internal.shaded.androidx.room3.compiler.processing.ksp.KspHasModifiers$Companion: loaded 2 times (x 71B)
Class [Ldagger.spi.internal.shaded.androidx.room3.compiler.processing.ksp.synthetic.KspSyntheticPropertyMethodElement;: loaded 2 times (x 69B)
Class org.gradle.internal.classloader.FilteringClassLoader                            : loaded 2 times (x 105B)
Class kotlin.sequences.DropTakeSequence                                               : loaded 2 times (x 70B)
Class kotlin.sequences.FlatteningSequence                                             : loaded 2 times (x 75B)
Class kotlin.io.TextStreamsKt                                                         : loaded 2 times (x 71B)
Class kotlin.text.MatcherMatchResult                                                  : loaded 2 times (x 80B)
Class kotlin.text.MatchGroupCollection                                                : loaded 2 times (x 70B)
Class com.squareup.kotlinpoet.FunSpec$Companion                                       : loaded 2 times (x 71B)
Class dagger.spi.internal.shaded.androidx.room3.compiler.processing.ksp.KspRoundEnv   : loaded 2 times (x 77B)
Class dagger.spi.internal.shaded.androidx.room3.compiler.processing.ksp.KspBasicAnnotationProcessor: loaded 2 times (x 88B)
Class dagger.spi.internal.shaded.androidx.room3.compiler.codegen.XTypeSpec$Companion  : loaded 2 times (x 71B)
Class com.google.common.collect.ForwardingCollection                                  : loaded 2 times (x 130B)
Class jdk.internal.jimage.decompressor.ResourceDecompressor$StringsProvider           : loaded 2 times (x 70B)
Class dagger.internal.codegen.base.$AutoValue_ModuleAnnotation                        : loaded 2 times (x 76B)
Class androidx.room.compiler.processing.ksp.KspBasicAnnotationProcessor$DelegateLogger: loaded 2 times (x 79B)
Class dagger.spi.internal.shaded.androidx.room3.compiler.processing.ksp.KspArrayType$Companion: loaded 2 times (x 71B)
Class androidx.room.compiler.processing.ksp.KspRoundEnv                               : loaded 2 times (x 77B)
Class [Lcom.squareup.kotlinpoet.Annotatable;                                          : loaded 2 times (x 69B)
Class dagger.spi.internal.shaded.androidx.room3.compiler.processing.ksp.KspTypeArgumentType$Companion: loaded 2 times (x 71B)
Class dagger.hilt.android.processor.internal.customtestapplication.KspCustomTestApplicationProcessor: loaded 2 times (x 89B)
Class dagger.spi.internal.shaded.androidx.room3.compiler.codegen.kotlin.KotlinFunSpec : loaded 2 times (x 77B)
Class dagger.spi.internal.shaded.androidx.room3.compiler.codegen.kotlin.KotlinPropertySpec: loaded 2 times (x 78B)
Class dagger.hilt.processor.internal.aggregateddeps.AggregatedDepsGenerator           : loaded 2 times (x 72B)
Class kotlin.io.FileWalkDirection                                                     : loaded 2 times (x 79B)
Class kotlin.ranges.IntProgression                                                    : loaded 2 times (x 81B)
Class com.google.common.collect.Lists$RandomAccessReverseList                         : loaded 2 times (x 200B)

---------------  S Y S T E M  ---------------

OS:
 Windows 11 , 64 bit Build 26100 (10.0.26100.9168)
OS uptime: 13 days 9:53 hours
Hyper-V role detected

CPU: total 8 (initial active 8) (4 cores per cpu, 2 threads per core) family 6 model 142 stepping 10 microcode 0xf0, cx8, cmov, fxsr, ht, mmx, 3dnowpref, sse, sse2, sse3, ssse3, sse4.1, sse4.2, popcnt, lzcnt, tsc, tscinvbit, avx, avx2, aes, erms, clmul, bmi1, bmi2, adx, fma, vzeroupper, clflush, clflushopt, hv, rdtscp, f16c
Processor Information for the first 8 processors :
  Max Mhz: 1992, Current Mhz: 1792, Mhz Limit: 1792

Memory: 4k page, system-wide physical 7984M (487M free)
TotalPageFile size 32560M (AvailPageFile size 24M)
current process WorkingSet (physical memory assigned to process): 1130M, peak: 1132M
current process commit charge ("private bytes"): 2192M, peak: 2308M

vm_info: OpenJDK 64-Bit Server VM (21.0.10+-14961533-b1163.108) for windows-amd64 JRE (21.0.10+-14961533-b1163.108), built on 2026-03-02T19:58:50Z by "builder" with MS VC++ 16.10 / 16.11 (VS2019)

END.
