#
# There is insufficient memory for the Java Runtime Environment to continue.
# Native memory allocation (malloc) failed to allocate 2901136 bytes. Error detail: Chunk::new
# Possible reasons:
#   The system is out of physical RAM or swap space
#   This process is running with CompressedOops enabled, and the Java Heap may be blocking the growth of the native heap
# Possible solutions:
#   Reduce memory load on the system
#   Increase physical memory or swap space
#   Check if swap backing store is full
#   Decrease Java heap size (-Xmx/-Xms)
#   Decrease number of Java threads
#   Decrease Java thread stack sizes (-Xss)
#   Set larger code cache with -XX:ReservedCodeCacheSize=
#   JVM is running with Unscaled Compressed Oops mode in which the Java heap is
#     placed in the first 4GB address space. The Java Heap base address is the
#     maximum limit for the native heap growth. Please use -XX:HeapBaseMinAddress
#     to set the Java Heap base and to place the Java Heap above 4GB virtual address.
# This output file may be truncated or incomplete.
#
#  Out of Memory Error (arena.cpp:168), pid=25096, tid=73584
#
# JRE version: OpenJDK Runtime Environment (21.0.10) (build 21.0.10+-14961533-b1163.108)
# Java VM: OpenJDK 64-Bit Server VM (21.0.10+-14961533-b1163.108, mixed mode, tiered, compressed oops, compressed class ptrs, g1 gc, windows-amd64)
# No core dump will be written. Minidumps are not enabled by default on client versions of Windows
#

---------------  S U M M A R Y ------------

Command Line: --add-opens=java.base/java.lang=ALL-UNNAMED --add-opens=java.base/java.lang.invoke=ALL-UNNAMED --add-opens=java.base/java.util=ALL-UNNAMED --add-opens=java.prefs/java.util.prefs=ALL-UNNAMED --add-exports=jdk.compiler/com.sun.tools.javac.api=ALL-UNNAMED --add-exports=jdk.compiler/com.sun.tools.javac.util=ALL-UNNAMED --add-opens=java.base/java.util=ALL-UNNAMED --add-opens=java.prefs/java.util.prefs=ALL-UNNAMED --add-opens=java.base/java.nio.charset=ALL-UNNAMED --add-opens=java.base/java.net=ALL-UNNAMED --add-opens=java.base/java.util.concurrent=ALL-UNNAMED --add-opens=java.base/java.util.concurrent.atomic=ALL-UNNAMED --add-opens=java.xml/javax.xml.namespace=ALL-UNNAMED --add-opens=java.base/java.time=ALL-UNNAMED -Xmx2048m -Dfile.encoding=UTF-8 -Duser.country=US -Duser.language=en -Duser.variant -javaagent:C:\Users\dell\.gradle\wrapper\dists\gradle-9.4.1-bin\arn2x92ynaizyzdaamcbpbhtj\gradle-9.4.1\lib\agents\gradle-instrumentation-agent-9.4.1.jar org.gradle.launcher.daemon.bootstrap.GradleDaemon 9.4.1

Host: Intel(R) Core(TM) i7-8550U CPU @ 1.80GHz, 8 cores, 7G,  Windows 11 , 64 bit Build 26100 (10.0.26100.9168)
Time: Fri Sep 18 00:44:28 2026 W. Central Africa Standard Time elapsed time: 555.608794 seconds (0d 0h 9m 15s)

---------------  T H R E A D  ---------------

Current thread (0x00000158789701c0):  JavaThread "C2 CompilerThread0" daemon [_thread_in_native, id=73584, stack(0x000000112b500000,0x000000112b600000) (1024K)]


Current CompileTask:
C2:555610 86236       4       com.android.tools.lint.checks.fx.analysis.Analysis::eval$loop (5677 bytes)

Stack: [0x000000112b500000,0x000000112b600000]
Native frames: (J=compiled Java code, j=interpreted, Vv=VM code, C=native code)
V  [jvm.dll+0x6d78a9]
V  [jvm.dll+0x8665b3]
V  [jvm.dll+0x868bde]
V  [jvm.dll+0x8692c3]
V  [jvm.dll+0x280ee6]
V  [jvm.dll+0xc07cd]
V  [jvm.dll+0xc0d03]
V  [jvm.dll+0x3ba091]
V  [jvm.dll+0x385df7]
V  [jvm.dll+0x38526a]
V  [jvm.dll+0x249bd2]
V  [jvm.dll+0x2491a1]
V  [jvm.dll+0x1c76e4]
V  [jvm.dll+0x25891e]
V  [jvm.dll+0x256e66]
V  [jvm.dll+0x3f513e]
V  [jvm.dll+0x80fd28]
V  [jvm.dll+0x6d60fd]
C  [ucrtbase.dll+0x2cd30]
C  [KERNEL32.DLL+0x2ccb7]
C  [ntdll.dll+0xaad6c]


---------------  P R O C E S S  ---------------

Threads class SMR info:
_java_thread_list=0x0000015805444010, length=128, elements={
0x000001586107e000, 0x000001587892da20, 0x000001587892e8a0, 0x000001587892fe70,
0x00000158789598d0, 0x0000015878963ce0, 0x0000015878966e30, 0x000001587896b8a0,
0x00000158789701c0, 0x0000015878972340, 0x000001587d06e500, 0x0000015800aa5d10,
0x000001587efce7d0, 0x00000158009783e0, 0x000001587e7724d0, 0x00000158009b2820,
0x000001580011f8e0, 0x000001587f7937a0, 0x0000015800709130, 0x00000158007097c0,
0x00000158007076f0, 0x0000015800707060, 0x0000015800709e50, 0x0000015800707d80,
0x0000015801a32760, 0x0000015801a36270, 0x0000015801a34ec0, 0x0000015801a32df0,
0x0000015801a36900, 0x0000015801a33480, 0x0000015801a34830, 0x0000015801a36f90,
0x0000015801a37620, 0x0000015801a341a0, 0x0000015801a396f0, 0x0000015801a39d80,
0x0000015801a39060, 0x0000015804d74bd0, 0x0000015804d758f0, 0x0000015804d72b00,
0x0000015804d74540, 0x0000015804d76ca0, 0x000001587f69c600, 0x000001587f69d320,
0x000001587f69e040, 0x000001587f69abc0, 0x000001587f69ed60, 0x000001587f6a14c0,
0x000001587f6a0e30, 0x000001587f69f3f0, 0x000001587f69fa80, 0x000001587f6a0110,
0x000001587f6a07a0, 0x000001587e1da310, 0x00000158054c2ee0, 0x0000015803de63b0,
0x0000015803dea550, 0x00000158017c9020, 0x000001580f66b600, 0x000001580f684020,
0x000001580f683990, 0x000001580f681230, 0x000001580f6818c0, 0x000001580e98b490,
0x000001580ee1cef0, 0x0000015801e23680, 0x0000015804128a50, 0x000001580f66a8e0,
0x000001580f668810, 0x0000015802bd6ca0, 0x00000158109fd9e0, 0x00000158109fd350,
0x000001580f668180, 0x00000158104fecc0, 0x00000158109fccc0, 0x000001587e1a7c50,
0x0000015804e058c0, 0x0000015804e04ba0, 0x000001580e98bb20, 0x000001587e1a82e0,
0x000001580e98ae00, 0x0000015804129770, 0x00000158101d4c00, 0x00000158101d5290,
0x00000158101d6cd0, 0x000001581c1997e0, 0x000001581c288f40, 0x000001581c288220,
0x000001581c2895d0, 0x000001581c287500, 0x000001581c28a980, 0x000001581c2888b0,
0x000001581c289c60, 0x000001581c28a2f0, 0x000001581c287b90, 0x000001582104c750,
0x000001582104cde0, 0x000001582104d470, 0x000001582104c0c0, 0x0000015821122060,
0x00000158211226f0, 0x0000015821122d80, 0x0000015821123410, 0x000001581c2efbf0,
0x000001581c2f0280, 0x000001581c2f0910, 0x000001581c2f0fa0, 0x000001581c2edb20,
0x000001581c2ee1b0, 0x000001581c2ef560, 0x000001581c2ee840, 0x000001581c2eeed0,
0x00000158218b37f0, 0x00000158218b2440, 0x00000158218b3e80, 0x00000158218b3160,
0x00000158218b0a00, 0x00000158218b2ad0, 0x00000158218b1090, 0x00000158218b1720,
0x00000158218b1db0, 0x000001582126d930, 0x0000015801e8d190, 0x0000015801e89d10,
0x0000015810639260, 0x00000158212fda10, 0x000001580412ab20, 0x000001580e98dbf0
}

Java Threads: ( => current thread )
  0x000001586107e000 JavaThread "main"                              [_thread_blocked, id=54504, stack(0x000000112a600000,0x000000112a700000) (1024K)]
  0x000001587892da20 JavaThread "Common-Cleaner"             daemon [_thread_blocked, id=54788, stack(0x000000112ae00000,0x000000112af00000) (1024K)]
  0x000001587892e8a0 JavaThread "Reference Handler"          daemon [_thread_blocked, id=54484, stack(0x000000112af00000,0x000000112b000000) (1024K)]
  0x000001587892fe70 JavaThread "Finalizer"                  daemon [_thread_blocked, id=51288, stack(0x000000112b000000,0x000000112b100000) (1024K)]
  0x00000158789598d0 JavaThread "Signal Dispatcher"          daemon [_thread_blocked, id=23372, stack(0x000000112b100000,0x000000112b200000) (1024K)]
  0x0000015878963ce0 JavaThread "Attach Listener"            daemon [_thread_blocked, id=87980, stack(0x000000112b200000,0x000000112b300000) (1024K)]
  0x0000015878966e30 JavaThread "Service Thread"             daemon [_thread_blocked, id=19644, stack(0x000000112b300000,0x000000112b400000) (1024K)]
  0x000001587896b8a0 JavaThread "Monitor Deflation Thread"   daemon [_thread_blocked, id=12708, stack(0x000000112b400000,0x000000112b500000) (1024K)]
=>0x00000158789701c0 JavaThread "C2 CompilerThread0"         daemon [_thread_in_native, id=73584, stack(0x000000112b500000,0x000000112b600000) (1024K)]
  0x0000015878972340 JavaThread "C1 CompilerThread0"         daemon [_thread_blocked, id=88520, stack(0x000000112b600000,0x000000112b700000) (1024K)]
  0x000001587d06e500 JavaThread "Notification Thread"        daemon [_thread_blocked, id=76224, stack(0x000000112b700000,0x000000112b800000) (1024K)]
  0x0000015800aa5d10 JavaThread "Daemon health stats"               [_thread_blocked, id=76068, stack(0x000000112bd00000,0x000000112be00000) (1024K)]
  0x000001587efce7d0 JavaThread "Incoming local TCP Connector on port 42043"        [_thread_in_native, id=21708, stack(0x000000112be00000,0x000000112bf00000) (1024K)]
  0x00000158009783e0 JavaThread "Daemon periodic checks"            [_thread_blocked, id=29832, stack(0x000000112bf00000,0x000000112c000000) (1024K)]
  0x000001587e7724d0 JavaThread "Daemon"                            [_thread_blocked, id=31824, stack(0x000000112c000000,0x000000112c100000) (1024K)]
  0x00000158009b2820 JavaThread "Handler for socket connection from /127.0.0.1:42043 to /127.0.0.1:42044"        [_thread_in_native, id=28860, stack(0x000000112c100000,0x000000112c200000) (1024K)]
  0x000001580011f8e0 JavaThread "Cancel handler"                    [_thread_blocked, id=23856, stack(0x000000112c200000,0x000000112c300000) (1024K)]
  0x000001587f7937a0 JavaThread "Daemon worker"                     [_thread_blocked, id=52528, stack(0x000000112c300000,0x000000112c400000) (1024K)]
  0x0000015800709130 JavaThread "Asynchronous log dispatcher for DefaultDaemonConnection: socket connection from /127.0.0.1:42043 to /127.0.0.1:42044"        [_thread_blocked, id=87364, stack(0x000000112c800000,0x000000112c900000) (1024K)]
  0x00000158007097c0 JavaThread "Stdin handler"                     [_thread_blocked, id=80992, stack(0x000000112c900000,0x000000112ca00000) (1024K)]
  0x00000158007076f0 JavaThread "Daemon client event forwarder"        [_thread_blocked, id=87704, stack(0x000000112ca00000,0x000000112cb00000) (1024K)]
  0x0000015800707060 JavaThread "Cache worker for journal cache (C:\Users\dell\.gradle\caches\journal-1)"        [_thread_blocked, id=16764, stack(0x000000112cb00000,0x000000112cc00000) (1024K)]
  0x0000015800709e50 JavaThread "File lock request listener"        [_thread_in_native, id=16792, stack(0x000000112cc00000,0x000000112cd00000) (1024K)]
  0x0000015800707d80 JavaThread "Cache worker for file hash cache (C:\Users\dell\.gradle\caches\9.4.1\fileHashes)"        [_thread_blocked, id=56352, stack(0x000000112cd00000,0x000000112ce00000) (1024K)]
  0x0000015801a32760 JavaThread "Cache worker for file hash cache (C:\Users\dell\AndroidStudioProjects\SmartPumpDisplay\.gradle\9.4.1\fileHashes)"        [_thread_blocked, id=88296, stack(0x000000112cf00000,0x000000112d000000) (1024K)]
  0x0000015801a36270 JavaThread "Cache worker for Build Output Cleanup Cache (C:\Users\dell\AndroidStudioProjects\SmartPumpDisplay\.gradle\buildOutputCleanup)"        [_thread_blocked, id=60196, stack(0x000000112d000000,0x000000112d100000) (1024K)]
  0x0000015801a34ec0 JavaThread "File watcher server"        daemon [_thread_in_native, id=72964, stack(0x000000112d100000,0x000000112d200000) (1024K)]
  0x0000015801a32df0 JavaThread "File watcher consumer"      daemon [_thread_blocked, id=43040, stack(0x000000112d200000,0x000000112d300000) (1024K)]
  0x0000015801a36900 JavaThread "Cache worker for file content cache (C:\Users\dell\.gradle\caches\9.4.1\fileContent)"        [_thread_blocked, id=87952, stack(0x000000112d300000,0x000000112d400000) (1024K)]
  0x0000015801a33480 JavaThread "Cache worker for checksums cache (C:\Users\dell\AndroidStudioProjects\SmartPumpDisplay\.gradle\9.4.1\checksums)"        [_thread_blocked, id=77800, stack(0x000000112d400000,0x000000112d500000) (1024K)]
  0x0000015801a34830 JavaThread "Cache worker for cache directory md-supplier (C:\Users\dell\.gradle\caches\9.4.1\md-supplier)"        [_thread_blocked, id=47040, stack(0x000000112d500000,0x000000112d600000) (1024K)]
  0x0000015801a36f90 JavaThread "Cache worker for cache directory md-rule (C:\Users\dell\.gradle\caches\9.4.1\md-rule)"        [_thread_blocked, id=63760, stack(0x000000112d600000,0x000000112d700000) (1024K)]
  0x0000015801a37620 JavaThread "Build operations"                  [_thread_blocked, id=38272, stack(0x000000112d700000,0x000000112d800000) (1024K)]
  0x0000015801a341a0 JavaThread "Build operations Thread 2"         [_thread_blocked, id=60564, stack(0x000000112d800000,0x000000112d900000) (1024K)]
  0x0000015801a396f0 JavaThread "Build operations Thread 3"         [_thread_blocked, id=78852, stack(0x000000112d900000,0x000000112da00000) (1024K)]
  0x0000015801a39d80 JavaThread "Build operations Thread 4"         [_thread_blocked, id=61640, stack(0x000000112da00000,0x000000112db00000) (1024K)]
  0x0000015801a39060 JavaThread "Build operations Thread 5"         [_thread_blocked, id=76092, stack(0x000000112db00000,0x000000112dc00000) (1024K)]
  0x0000015804d74bd0 JavaThread "Build operations Thread 6"         [_thread_blocked, id=55924, stack(0x000000112dc00000,0x000000112dd00000) (1024K)]
  0x0000015804d758f0 JavaThread "Build operations Thread 7"         [_thread_blocked, id=82216, stack(0x000000112dd00000,0x000000112de00000) (1024K)]
  0x0000015804d72b00 JavaThread "Build operations Thread 8"         [_thread_blocked, id=5924, stack(0x000000112de00000,0x000000112df00000) (1024K)]
  0x0000015804d74540 JavaThread "Memory manager"                    [_thread_blocked, id=46404, stack(0x000000112ce00000,0x000000112cf00000) (1024K)]
  0x0000015804d76ca0 JavaThread "build event listener"              [_thread_blocked, id=36688, stack(0x000000112df00000,0x000000112e000000) (1024K)]
  0x000001587f69c600 JavaThread "pool-3-thread-1"                   [_thread_blocked, id=50468, stack(0x000000112e000000,0x000000112e100000) (1024K)]
  0x000001587f69d320 JavaThread "build event listener"              [_thread_blocked, id=58856, stack(0x000000112e100000,0x000000112e200000) (1024K)]
  0x000001587f69e040 JavaThread "included builds"                   [_thread_blocked, id=36132, stack(0x000000112e200000,0x000000112e300000) (1024K)]
  0x000001587f69abc0 JavaThread "Execution worker"                  [_thread_blocked, id=65528, stack(0x000000112e300000,0x000000112e400000) (1024K)]
  0x000001587f69ed60 JavaThread "Execution worker Thread 2"         [_thread_blocked, id=35284, stack(0x000000112e400000,0x000000112e500000) (1024K)]
  0x000001587f6a14c0 JavaThread "Execution worker Thread 3"         [_thread_blocked, id=80568, stack(0x000000112e500000,0x000000112e600000) (1024K)]
  0x000001587f6a0e30 JavaThread "Execution worker Thread 4"         [_thread_blocked, id=46164, stack(0x000000112e600000,0x000000112e700000) (1024K)]
  0x000001587f69f3f0 JavaThread "Execution worker Thread 5"         [_thread_blocked, id=11840, stack(0x000000112e700000,0x000000112e800000) (1024K)]
  0x000001587f69fa80 JavaThread "Execution worker Thread 6"         [_thread_blocked, id=19628, stack(0x000000112e800000,0x000000112e900000) (1024K)]
  0x000001587f6a0110 JavaThread "Execution worker Thread 7"         [_thread_blocked, id=56792, stack(0x000000112e900000,0x000000112ea00000) (1024K)]
  0x000001587f6a07a0 JavaThread "Cache worker for execution history cache (C:\Users\dell\AndroidStudioProjects\SmartPumpDisplay\.gradle\9.4.1\executionHistory)"        [_thread_blocked, id=18844, stack(0x000000112ea00000,0x000000112eb00000) (1024K)]
  0x000001587e1da310 JavaThread "WorkerExecutor Queue"              [_thread_blocked, id=68200, stack(0x000000112eb00000,0x000000112ec00000) (1024K)]
  0x00000158054c2ee0 JavaThread "Periodic tasks thread"      daemon [_thread_blocked, id=26804, stack(0x000000112a400000,0x000000112a500000) (1024K)]
  0x0000015803de63b0 JavaThread "Java2D Disposer"            daemon [_thread_blocked, id=32072, stack(0x000000112f000000,0x000000112f100000) (1024K)]
  0x0000015803dea550 JavaThread "AWT-Windows"                daemon [_thread_in_native, id=66296, stack(0x000000112f200000,0x000000112f300000) (1024K)]
  0x00000158017c9020 JavaThread "ApplicationImpl pooled thread 2" daemon [_thread_blocked, id=83320, stack(0x000000112f100000,0x000000112f200000) (1024K)]
  0x000001580f66b600 JavaThread "WorkerExecutor Queue Thread 3"        [_thread_blocked, id=33016, stack(0x000000112a300000,0x000000112a400000) (1024K)]
  0x000001580f684020 JavaThread "RMI Scheduler(0)"           daemon [_thread_blocked, id=69744, stack(0x000000112f600000,0x000000112f700000) (1024K)]
  0x000001580f683990 JavaThread "RMI GC Daemon"              daemon [_thread_blocked, id=64516, stack(0x000000112fa00000,0x000000112fb00000) (1024K)]
  0x000001580f681230 JavaThread "RMI TCP Accept-0"           daemon [_thread_in_native, id=83340, stack(0x000000112ee00000,0x000000112ef00000) (1024K)]
  0x000001580f6818c0 JavaThread "RMI Reaper"                        [_thread_blocked, id=8288, stack(0x000000112fb00000,0x000000112fc00000) (1024K)]
  0x000001580e98b490 JavaThread "WorkerExecutor Queue Thread 4"        [_thread_blocked, id=50748, stack(0x000000112fd00000,0x000000112fe00000) (1024K)]
  0x000001580ee1cef0 JavaThread "Cache worker for Java compile cache (C:\Users\dell\.gradle\caches\9.4.1\javaCompile)"        [_thread_blocked, id=59304, stack(0x000000112b900000,0x000000112ba00000) (1024K)]
  0x0000015801e23680 JavaThread "WorkerExecutor Queue Thread 5"        [_thread_blocked, id=76232, stack(0x000000112ed00000,0x000000112ee00000) (1024K)]
  0x0000015804128a50 JavaThread "WorkerExecutor Queue Thread 6"        [_thread_in_Java, id=61800, stack(0x000000112ef00000,0x000000112f000000) (1024K)]
  0x000001580f66a8e0 JavaThread "WorkerExecutor Queue Thread 7"        [_thread_blocked, id=85684, stack(0x000000112ec00000,0x000000112ed00000) (1024K)]
  0x000001580f668810 JavaThread "WorkerExecutor Queue Thread 8"        [_thread_blocked, id=35932, stack(0x000000112f500000,0x000000112f600000) (1024K)]
  0x0000015802bd6ca0 JavaThread "WorkerExecutor Queue Thread 9"        [_thread_blocked, id=29468, stack(0x000000112f700000,0x000000112f800000) (1024K)]
  0x00000158109fd9e0 JavaThread "ForkJoinPool.commonPool-worker-8" daemon [_thread_blocked, id=49172, stack(0x000000112f800000,0x000000112f900000) (1024K)]
  0x00000158109fd350 JavaThread "DefaultDispatcher-worker-1" daemon [_thread_blocked, id=22324, stack(0x000000112fe00000,0x000000112ff00000) (1024K)]
  0x000001580f668180 JavaThread "DefaultDispatcher-worker-2" daemon [_thread_blocked, id=40296, stack(0x0000001130000000,0x0000001130100000) (1024K)]
  0x00000158104fecc0 JavaThread "DefaultDispatcher-worker-3" daemon [_thread_blocked, id=18512, stack(0x0000001130100000,0x0000001130200000) (1024K)]
  0x00000158109fccc0 JavaThread "DefaultDispatcher-worker-4" daemon [_thread_blocked, id=46428, stack(0x0000001130200000,0x0000001130300000) (1024K)]
  0x000001587e1a7c50 JavaThread "DefaultDispatcher-worker-5" daemon [_thread_blocked, id=66476, stack(0x0000001130300000,0x0000001130400000) (1024K)]
  0x0000015804e058c0 JavaThread "DefaultDispatcher-worker-6" daemon [_thread_blocked, id=68036, stack(0x0000001130400000,0x0000001130500000) (1024K)]
  0x0000015804e04ba0 JavaThread "DefaultDispatcher-worker-7" daemon [_thread_blocked, id=29132, stack(0x0000001130500000,0x0000001130600000) (1024K)]
  0x000001580e98bb20 JavaThread "DefaultDispatcher-worker-8" daemon [_thread_blocked, id=57848, stack(0x0000001130600000,0x0000001130700000) (1024K)]
  0x000001587e1a82e0 JavaThread "Periodic tasks thread"      daemon [_thread_blocked, id=23264, stack(0x0000001130f00000,0x0000001131000000) (1024K)]
  0x000001580e98ae00 JavaThread "ApplicationImpl pooled thread 1"        [_thread_blocked, id=66884, stack(0x0000001131000000,0x0000001131100000) (1024K)]
  0x0000015804129770 JavaThread "ForkJoinPool.commonPool-worker-11" daemon [_thread_blocked, id=63588, stack(0x000000112fc00000,0x000000112fd00000) (1024K)]
  0x00000158101d4c00 JavaThread "Unconstrained build operations"        [_thread_blocked, id=59744, stack(0x000000112ff00000,0x0000001130000000) (1024K)]
  0x00000158101d5290 JavaThread "Unconstrained build operations Thread 2"        [_thread_blocked, id=29536, stack(0x0000001130700000,0x0000001130800000) (1024K)]
  0x00000158101d6cd0 JavaThread "Unconstrained build operations Thread 3"        [_thread_blocked, id=26220, stack(0x0000001130900000,0x0000001130a00000) (1024K)]
  0x000001581c1997e0 JavaThread "Unconstrained build operations Thread 4"        [_thread_blocked, id=6956, stack(0x0000001130d00000,0x0000001130e00000) (1024K)]
  0x000001581c288f40 JavaThread "Unconstrained build operations Thread 5"        [_thread_blocked, id=15728, stack(0x0000001130e00000,0x0000001130f00000) (1024K)]
  0x000001581c288220 JavaThread "Unconstrained build operations Thread 6"        [_thread_blocked, id=51788, stack(0x0000001131100000,0x0000001131200000) (1024K)]
  0x000001581c2895d0 JavaThread "Unconstrained build operations Thread 7"        [_thread_blocked, id=38248, stack(0x0000001131200000,0x0000001131300000) (1024K)]
  0x000001581c287500 JavaThread "Unconstrained build operations Thread 8"        [_thread_blocked, id=6064, stack(0x0000001131300000,0x0000001131400000) (1024K)]
  0x000001581c28a980 JavaThread "Unconstrained build operations Thread 9"        [_thread_blocked, id=71876, stack(0x0000001131400000,0x0000001131500000) (1024K)]
  0x000001581c2888b0 JavaThread "Unconstrained build operations Thread 10"        [_thread_blocked, id=9344, stack(0x0000001131500000,0x0000001131600000) (1024K)]
  0x000001581c289c60 JavaThread "Unconstrained build operations Thread 11"        [_thread_blocked, id=33688, stack(0x0000001131600000,0x0000001131700000) (1024K)]
  0x000001581c28a2f0 JavaThread "Unconstrained build operations Thread 12"        [_thread_blocked, id=41604, stack(0x0000001131700000,0x0000001131800000) (1024K)]
  0x000001581c287b90 JavaThread "Unconstrained build operations Thread 13"        [_thread_blocked, id=36452, stack(0x0000001131800000,0x0000001131900000) (1024K)]
  0x000001582104c750 JavaThread "Unconstrained build operations Thread 14"        [_thread_blocked, id=83460, stack(0x0000001131900000,0x0000001131a00000) (1024K)]
  0x000001582104cde0 JavaThread "Unconstrained build operations Thread 15"        [_thread_blocked, id=33840, stack(0x0000001131a00000,0x0000001131b00000) (1024K)]
  0x000001582104d470 JavaThread "Unconstrained build operations Thread 16"        [_thread_blocked, id=56040, stack(0x0000001131b00000,0x0000001131c00000) (1024K)]
  0x000001582104c0c0 JavaThread "Unconstrained build operations Thread 17"        [_thread_blocked, id=58356, stack(0x0000001131c00000,0x0000001131d00000) (1024K)]
  0x0000015821122060 JavaThread "Unconstrained build operations Thread 18"        [_thread_blocked, id=57024, stack(0x0000001131d00000,0x0000001131e00000) (1024K)]
  0x00000158211226f0 JavaThread "Unconstrained build operations Thread 19"        [_thread_blocked, id=12300, stack(0x0000001131e00000,0x0000001131f00000) (1024K)]
  0x0000015821122d80 JavaThread "Unconstrained build operations Thread 20"        [_thread_blocked, id=36516, stack(0x0000001131f00000,0x0000001132000000) (1024K)]
  0x0000015821123410 JavaThread "Unconstrained build operations Thread 21"        [_thread_blocked, id=70596, stack(0x0000001132000000,0x0000001132100000) (1024K)]
  0x000001581c2efbf0 JavaThread "Unconstrained build operations Thread 22"        [_thread_blocked, id=20376, stack(0x0000001132100000,0x0000001132200000) (1024K)]
  0x000001581c2f0280 JavaThread "Unconstrained build operations Thread 23"        [_thread_blocked, id=39024, stack(0x0000001132200000,0x0000001132300000) (1024K)]
  0x000001581c2f0910 JavaThread "Unconstrained build operations Thread 24"        [_thread_blocked, id=61808, stack(0x0000001132300000,0x0000001132400000) (1024K)]
  0x000001581c2f0fa0 JavaThread "Unconstrained build operations Thread 25"        [_thread_blocked, id=44256, stack(0x0000001132400000,0x0000001132500000) (1024K)]
  0x000001581c2edb20 JavaThread "Unconstrained build operations Thread 26"        [_thread_blocked, id=66692, stack(0x0000001132500000,0x0000001132600000) (1024K)]
  0x000001581c2ee1b0 JavaThread "Unconstrained build operations Thread 27"        [_thread_blocked, id=43372, stack(0x0000001132600000,0x0000001132700000) (1024K)]
  0x000001581c2ef560 JavaThread "Unconstrained build operations Thread 28"        [_thread_blocked, id=41404, stack(0x0000001132700000,0x0000001132800000) (1024K)]
  0x000001581c2ee840 JavaThread "Unconstrained build operations Thread 29"        [_thread_blocked, id=32536, stack(0x0000001132800000,0x0000001132900000) (1024K)]
  0x000001581c2eeed0 JavaThread "Unconstrained build operations Thread 30"        [_thread_blocked, id=27904, stack(0x0000001132900000,0x0000001132a00000) (1024K)]
  0x00000158218b37f0 JavaThread "Unconstrained build operations Thread 31"        [_thread_blocked, id=54212, stack(0x0000001132a00000,0x0000001132b00000) (1024K)]
  0x00000158218b2440 JavaThread "Unconstrained build operations Thread 32"        [_thread_blocked, id=9480, stack(0x0000001132b00000,0x0000001132c00000) (1024K)]
  0x00000158218b3e80 JavaThread "Unconstrained build operations Thread 33"        [_thread_blocked, id=27184, stack(0x0000001132c00000,0x0000001132d00000) (1024K)]
  0x00000158218b3160 JavaThread "Unconstrained build operations Thread 34"        [_thread_blocked, id=18032, stack(0x0000001132d00000,0x0000001132e00000) (1024K)]
  0x00000158218b0a00 JavaThread "Unconstrained build operations Thread 35"        [_thread_blocked, id=82196, stack(0x0000001132e00000,0x0000001132f00000) (1024K)]
  0x00000158218b2ad0 JavaThread "Unconstrained build operations Thread 36"        [_thread_blocked, id=14228, stack(0x0000001132f00000,0x0000001133000000) (1024K)]
  0x00000158218b1090 JavaThread "Unconstrained build operations Thread 37"        [_thread_blocked, id=42896, stack(0x0000001133000000,0x0000001133100000) (1024K)]
  0x00000158218b1720 JavaThread "Unconstrained build operations Thread 38"        [_thread_blocked, id=75808, stack(0x0000001133100000,0x0000001133200000) (1024K)]
  0x00000158218b1db0 JavaThread "Unconstrained build operations Thread 39"        [_thread_blocked, id=15548, stack(0x0000001133200000,0x0000001133300000) (1024K)]
  0x000001582126d930 JavaThread "Unconstrained build operations Thread 40"        [_thread_blocked, id=62196, stack(0x0000001133300000,0x0000001133400000) (1024K)]
  0x0000015801e8d190 JavaThread "ForkJoinPool.commonPool-worker-12" daemon [_thread_blocked, id=77392, stack(0x000000112f900000,0x000000112fa00000) (1024K)]
  0x0000015801e89d10 JavaThread "ForkJoinPool.commonPool-worker-13" daemon [_thread_blocked, id=8360, stack(0x0000001133400000,0x0000001133500000) (1024K)]
  0x0000015810639260 JavaThread "ApplicationImpl pooled thread 2"        [_thread_blocked, id=45224, stack(0x0000001133500000,0x0000001133600000) (1024K)]
  0x00000158212fda10 JavaThread "ForkJoinPool.commonPool-worker-15" daemon [_thread_blocked, id=57092, stack(0x0000001133600000,0x0000001133700000) (1024K)]
  0x000001580412ab20 JavaThread "ForkJoinPool.commonPool-worker-14" daemon [_thread_blocked, id=24972, stack(0x0000001133700000,0x0000001133800000) (1024K)]
  0x000001580e98dbf0 JavaThread "ForkJoinPool.commonPool-worker-16" daemon [_thread_blocked, id=73124, stack(0x0000001133800000,0x0000001133900000) (1024K)]
Total: 128

Other Threads:
  0x00000158788bb3a0 VMThread "VM Thread"                           [id=51148, stack(0x000000112ad00000,0x000000112ae00000) (1024K)]
  0x000001587872f3e0 WatcherThread "VM Periodic Task Thread"        [id=30984, stack(0x000000112ac00000,0x000000112ad00000) (1024K)]
  0x00000158610d7700 WorkerThread "GC Thread#0"                     [id=45640, stack(0x000000112a700000,0x000000112a800000) (1024K)]
  0x000001587de59990 WorkerThread "GC Thread#1"                     [id=21964, stack(0x000000112ba00000,0x000000112bb00000) (1024K)]
  0x000001587dc9ceb0 WorkerThread "GC Thread#2"                     [id=44844, stack(0x000000112bb00000,0x000000112bc00000) (1024K)]
  0x000001587d904e20 WorkerThread "GC Thread#3"                     [id=49572, stack(0x000000112bc00000,0x000000112bd00000) (1024K)]
  0x000001587e178c10 WorkerThread "GC Thread#4"                     [id=80660, stack(0x000000112b800000,0x000000112b900000) (1024K)]
  0x000001580011ff50 WorkerThread "GC Thread#5"                     [id=37536, stack(0x000000112c400000,0x000000112c500000) (1024K)]
  0x00000158002f5640 WorkerThread "GC Thread#6"                     [id=37444, stack(0x000000112c500000,0x000000112c600000) (1024K)]
  0x000001587ea45040 WorkerThread "GC Thread#7"                     [id=31484, stack(0x000000112c600000,0x000000112c700000) (1024K)]
  0x00000158610e8600 ConcurrentGCThread "G1 Main Marker"            [id=62972, stack(0x000000112a800000,0x000000112a900000) (1024K)]
  0x00000158610e9e60 WorkerThread "G1 Conc#0"                       [id=67916, stack(0x000000112a900000,0x000000112aa00000) (1024K)]
  0x000001587ea46a10 WorkerThread "G1 Conc#1"                       [id=29104, stack(0x000000112c700000,0x000000112c800000) (1024K)]
  0x0000015878605b00 ConcurrentGCThread "G1 Refine#0"               [id=72752, stack(0x000000112aa00000,0x000000112ab00000) (1024K)]
  0x0000015878606430 ConcurrentGCThread "G1 Service"                [id=54996, stack(0x000000112ab00000,0x000000112ac00000) (1024K)]
Total: 15

Threads with active compile tasks:
C2 CompilerThread0  555774 86236       4       com.android.tools.lint.checks.fx.analysis.Analysis::eval$loop (5677 bytes)
Total: 1

VM state: not at safepoint (normal execution)

VM Mutex/Monitor currently owned by a thread: None

Heap address: 0x0000000080000000, size: 2048 MB, Compressed Oops mode: 32-bit

CDS archive(s) not mapped
Compressed class space mapped at: 0x0000000100000000-0x0000000140000000, reserved size: 1073741824
Narrow klass base: 0x0000000000000000, Narrow klass shift: 3, Narrow klass range: 0x140000000

GC Precious Log:
 CardTable entry size: 512
 Card Set container configuration: InlinePtr #cards 5 size 8 Array Of Cards #cards 12 size 40 Howl #buckets 4 coarsen threshold 1843 Howl Bitmap #cards 512 size 80 coarsen threshold 460 Card regions per heap region 1 cards per card region 2048
 CPUs: 8 total, 8 available
 Memory: 7984M
 Large Page Support: Disabled
 NUMA Support: Disabled
 Compressed Oops: Enabled (32-bit)
 Heap Region Size: 1M
 Heap Min Capacity: 8M
 Heap Initial Capacity: 126M
 Heap Max Capacity: 2G
 Pre-touch: Disabled
 Parallel Workers: 8
 Concurrent Workers: 2
 Concurrent Refinement Workers: 8
 Periodic GC: Disabled

Heap:
 garbage-first heap   total 1072128K, used 905242K [0x0000000080000000, 0x0000000100000000)
  region size 1024K, 379 young (388096K), 25 survivors (25600K)
 Metaspace       used 388450K, committed 391552K, reserved 1441792K
  class space    used 47019K, committed 48512K, reserved 1048576K

Heap Regions: E=young(eden), S=young(survivor), O=old, HS=humongous(starts), HC=humongous(continues), CS=collection set, F=free, TAMS=top-at-mark-start, PB=parsable bottom
|   0|0x0000000080000000, 0x0000000080100000, 0x0000000080100000|100%|HS|  |TAMS 0x0000000080000000| PB 0x0000000080000000| Complete 
|   1|0x0000000080100000, 0x0000000080200000, 0x0000000080200000|100%|HC|  |TAMS 0x0000000080100000| PB 0x0000000080100000| Complete 
|   2|0x0000000080200000, 0x0000000080300000, 0x0000000080300000|100%|HC|  |TAMS 0x0000000080200000| PB 0x0000000080200000| Complete 
|   3|0x0000000080300000, 0x0000000080400000, 0x0000000080400000|100%|HC|  |TAMS 0x0000000080300000| PB 0x0000000080300000| Complete 
|   4|0x0000000080400000, 0x0000000080500000, 0x0000000080500000|100%| O|  |TAMS 0x0000000080400000| PB 0x0000000080400000| Untracked 
|   5|0x0000000080500000, 0x0000000080600000, 0x0000000080600000|100%| O|  |TAMS 0x0000000080500000| PB 0x0000000080500000| Untracked 
|   6|0x0000000080600000, 0x0000000080700000, 0x0000000080700000|100%| O|  |TAMS 0x0000000080600000| PB 0x0000000080600000| Untracked 
|   7|0x0000000080700000, 0x0000000080800000, 0x0000000080800000|100%| O|  |TAMS 0x0000000080700000| PB 0x0000000080700000| Untracked 
|   8|0x0000000080800000, 0x0000000080900000, 0x0000000080900000|100%| O|  |TAMS 0x0000000080800000| PB 0x0000000080800000| Untracked 
|   9|0x0000000080900000, 0x0000000080a00000, 0x0000000080a00000|100%| O|  |TAMS 0x0000000080900000| PB 0x0000000080900000| Untracked 
|  10|0x0000000080a00000, 0x0000000080b00000, 0x0000000080b00000|100%| O|  |TAMS 0x0000000080a00000| PB 0x0000000080a00000| Untracked 
|  11|0x0000000080b00000, 0x0000000080c00000, 0x0000000080c00000|100%|HS|  |TAMS 0x0000000080b00000| PB 0x0000000080b00000| Complete 
|  12|0x0000000080c00000, 0x0000000080d00000, 0x0000000080d00000|100%| O|  |TAMS 0x0000000080c00000| PB 0x0000000080c00000| Untracked 
|  13|0x0000000080d00000, 0x0000000080e00000, 0x0000000080e00000|100%| O|  |TAMS 0x0000000080d00000| PB 0x0000000080d00000| Untracked 
|  14|0x0000000080e00000, 0x0000000080f00000, 0x0000000080f00000|100%| O|  |TAMS 0x0000000080e00000| PB 0x0000000080e00000| Untracked 
|  15|0x0000000080f00000, 0x0000000081000000, 0x0000000081000000|100%| O|  |TAMS 0x0000000080f00000| PB 0x0000000080f00000| Untracked 
|  16|0x0000000081000000, 0x0000000081100000, 0x0000000081100000|100%| O|  |TAMS 0x0000000081000000| PB 0x0000000081000000| Untracked 
|  17|0x0000000081100000, 0x0000000081200000, 0x0000000081200000|100%| O|  |TAMS 0x0000000081100000| PB 0x0000000081100000| Untracked 
|  18|0x0000000081200000, 0x0000000081300000, 0x0000000081300000|100%| O|  |TAMS 0x0000000081200000| PB 0x0000000081200000| Untracked 
|  19|0x0000000081300000, 0x0000000081400000, 0x0000000081400000|100%| O|  |TAMS 0x0000000081300000| PB 0x0000000081300000| Untracked 
|  20|0x0000000081400000, 0x0000000081500000, 0x0000000081500000|100%| O|  |TAMS 0x0000000081400000| PB 0x0000000081400000| Untracked 
|  21|0x0000000081500000, 0x0000000081600000, 0x0000000081600000|100%| O|  |TAMS 0x0000000081500000| PB 0x0000000081500000| Untracked 
|  22|0x0000000081600000, 0x0000000081700000, 0x0000000081700000|100%| O|  |TAMS 0x0000000081600000| PB 0x0000000081600000| Untracked 
|  23|0x0000000081700000, 0x0000000081800000, 0x0000000081800000|100%| O|  |TAMS 0x0000000081700000| PB 0x0000000081700000| Untracked 
|  24|0x0000000081800000, 0x0000000081900000, 0x0000000081900000|100%| O|  |TAMS 0x0000000081800000| PB 0x0000000081800000| Untracked 
|  25|0x0000000081900000, 0x0000000081a00000, 0x0000000081a00000|100%| O|  |TAMS 0x0000000081900000| PB 0x0000000081900000| Untracked 
|  26|0x0000000081a00000, 0x0000000081b00000, 0x0000000081b00000|100%| O|  |TAMS 0x0000000081a00000| PB 0x0000000081a00000| Untracked 
|  27|0x0000000081b00000, 0x0000000081c00000, 0x0000000081c00000|100%| O|  |TAMS 0x0000000081b00000| PB 0x0000000081b00000| Untracked 
|  28|0x0000000081c00000, 0x0000000081d00000, 0x0000000081d00000|100%| O|  |TAMS 0x0000000081c00000| PB 0x0000000081c00000| Untracked 
|  29|0x0000000081d00000, 0x0000000081e00000, 0x0000000081e00000|100%| O|  |TAMS 0x0000000081d00000| PB 0x0000000081d00000| Untracked 
|  30|0x0000000081e00000, 0x0000000081f00000, 0x0000000081f00000|100%| O|  |TAMS 0x0000000081e00000| PB 0x0000000081e00000| Untracked 
|  31|0x0000000081f00000, 0x0000000082000000, 0x0000000082000000|100%| O|  |TAMS 0x0000000081f00000| PB 0x0000000081f00000| Untracked 
|  32|0x0000000082000000, 0x0000000082100000, 0x0000000082100000|100%| O|  |TAMS 0x0000000082000000| PB 0x0000000082000000| Untracked 
|  33|0x0000000082100000, 0x0000000082200000, 0x0000000082200000|100%| O|  |TAMS 0x0000000082100000| PB 0x0000000082100000| Untracked 
|  34|0x0000000082200000, 0x0000000082300000, 0x0000000082300000|100%| O|  |TAMS 0x0000000082200000| PB 0x0000000082200000| Untracked 
|  35|0x0000000082300000, 0x0000000082400000, 0x0000000082400000|100%| O|  |TAMS 0x0000000082300000| PB 0x0000000082300000| Untracked 
|  36|0x0000000082400000, 0x0000000082500000, 0x0000000082500000|100%| O|  |TAMS 0x0000000082400000| PB 0x0000000082400000| Untracked 
|  37|0x0000000082500000, 0x0000000082600000, 0x0000000082600000|100%| O|  |TAMS 0x0000000082500000| PB 0x0000000082500000| Untracked 
|  38|0x0000000082600000, 0x0000000082700000, 0x0000000082700000|100%| O|  |TAMS 0x0000000082600000| PB 0x0000000082600000| Untracked 
|  39|0x0000000082700000, 0x0000000082800000, 0x0000000082800000|100%| O|  |TAMS 0x0000000082700000| PB 0x0000000082700000| Untracked 
|  40|0x0000000082800000, 0x0000000082900000, 0x0000000082900000|100%| O|  |TAMS 0x0000000082800000| PB 0x0000000082800000| Untracked 
|  41|0x0000000082900000, 0x0000000082a00000, 0x0000000082a00000|100%| O|  |TAMS 0x0000000082900000| PB 0x0000000082900000| Untracked 
|  42|0x0000000082a00000, 0x0000000082b00000, 0x0000000082b00000|100%| O|  |TAMS 0x0000000082a00000| PB 0x0000000082a00000| Untracked 
|  43|0x0000000082b00000, 0x0000000082c00000, 0x0000000082c00000|100%| O|  |TAMS 0x0000000082b00000| PB 0x0000000082b00000| Untracked 
|  44|0x0000000082c00000, 0x0000000082d00000, 0x0000000082d00000|100%| O|  |TAMS 0x0000000082c00000| PB 0x0000000082c00000| Untracked 
|  45|0x0000000082d00000, 0x0000000082e00000, 0x0000000082e00000|100%| O|  |TAMS 0x0000000082d00000| PB 0x0000000082d00000| Untracked 
|  46|0x0000000082e00000, 0x0000000082f00000, 0x0000000082f00000|100%| O|  |TAMS 0x0000000082e00000| PB 0x0000000082e00000| Untracked 
|  47|0x0000000082f00000, 0x0000000083000000, 0x0000000083000000|100%|HS|  |TAMS 0x0000000082f00000| PB 0x0000000082f00000| Complete 
|  48|0x0000000083000000, 0x0000000083100000, 0x0000000083100000|100%|HS|  |TAMS 0x0000000083000000| PB 0x0000000083000000| Complete 
|  49|0x0000000083100000, 0x0000000083200000, 0x0000000083200000|100%|HS|  |TAMS 0x0000000083100000| PB 0x0000000083100000| Complete 
|  50|0x0000000083200000, 0x0000000083300000, 0x0000000083300000|100%|HC|  |TAMS 0x0000000083200000| PB 0x0000000083200000| Complete 
|  51|0x0000000083300000, 0x0000000083400000, 0x0000000083400000|100%|HS|  |TAMS 0x0000000083300000| PB 0x0000000083300000| Complete 
|  52|0x0000000083400000, 0x0000000083500000, 0x0000000083500000|100%|HS|  |TAMS 0x0000000083400000| PB 0x0000000083400000| Complete 
|  53|0x0000000083500000, 0x0000000083600000, 0x0000000083600000|100%| O|  |TAMS 0x0000000083500000| PB 0x0000000083500000| Untracked 
|  54|0x0000000083600000, 0x0000000083700000, 0x0000000083700000|100%|HS|  |TAMS 0x0000000083600000| PB 0x0000000083600000| Complete 
|  55|0x0000000083700000, 0x0000000083800000, 0x0000000083800000|100%|HS|  |TAMS 0x0000000083700000| PB 0x0000000083700000| Complete 
|  56|0x0000000083800000, 0x0000000083900000, 0x0000000083900000|100%| O|  |TAMS 0x0000000083800000| PB 0x0000000083800000| Untracked 
|  57|0x0000000083900000, 0x0000000083a00000, 0x0000000083a00000|100%| O|  |TAMS 0x0000000083900000| PB 0x0000000083900000| Untracked 
|  58|0x0000000083a00000, 0x0000000083b00000, 0x0000000083b00000|100%| O|  |TAMS 0x0000000083a00000| PB 0x0000000083a00000| Untracked 
|  59|0x0000000083b00000, 0x0000000083c00000, 0x0000000083c00000|100%| O|  |TAMS 0x0000000083b00000| PB 0x0000000083b00000| Untracked 
|  60|0x0000000083c00000, 0x0000000083d00000, 0x0000000083d00000|100%|HS|  |TAMS 0x0000000083c00000| PB 0x0000000083c00000| Complete 
|  61|0x0000000083d00000, 0x0000000083e00000, 0x0000000083e00000|100%|HC|  |TAMS 0x0000000083d00000| PB 0x0000000083d00000| Complete 
|  62|0x0000000083e00000, 0x0000000083f00000, 0x0000000083f00000|100%| O|  |TAMS 0x0000000083e00000| PB 0x0000000083e00000| Untracked 
|  63|0x0000000083f00000, 0x0000000084000000, 0x0000000084000000|100%| O|  |TAMS 0x0000000083f00000| PB 0x0000000083f00000| Untracked 
|  64|0x0000000084000000, 0x0000000084100000, 0x0000000084100000|100%| O|  |TAMS 0x0000000084000000| PB 0x0000000084000000| Untracked 
|  65|0x0000000084100000, 0x0000000084200000, 0x0000000084200000|100%| O|  |TAMS 0x0000000084100000| PB 0x0000000084100000| Untracked 
|  66|0x0000000084200000, 0x0000000084300000, 0x0000000084300000|100%|HS|  |TAMS 0x0000000084200000| PB 0x0000000084200000| Complete 
|  67|0x0000000084300000, 0x0000000084400000, 0x0000000084400000|100%| O|  |TAMS 0x0000000084300000| PB 0x0000000084300000| Untracked 
|  68|0x0000000084400000, 0x0000000084500000, 0x0000000084500000|100%| O|  |TAMS 0x0000000084400000| PB 0x0000000084400000| Untracked 
|  69|0x0000000084500000, 0x0000000084600000, 0x0000000084600000|100%| O|  |TAMS 0x0000000084500000| PB 0x0000000084500000| Untracked 
|  70|0x0000000084600000, 0x0000000084700000, 0x0000000084700000|100%| O|  |TAMS 0x0000000084600000| PB 0x0000000084600000| Untracked 
|  71|0x0000000084700000, 0x0000000084800000, 0x0000000084800000|100%| O|  |TAMS 0x0000000084700000| PB 0x0000000084700000| Untracked 
|  72|0x0000000084800000, 0x0000000084900000, 0x0000000084900000|100%| O|  |TAMS 0x0000000084800000| PB 0x0000000084800000| Untracked 
|  73|0x0000000084900000, 0x0000000084a00000, 0x0000000084a00000|100%| O|  |TAMS 0x0000000084900000| PB 0x0000000084900000| Untracked 
|  74|0x0000000084a00000, 0x0000000084b00000, 0x0000000084b00000|100%| O|  |TAMS 0x0000000084a00000| PB 0x0000000084a00000| Untracked 
|  75|0x0000000084b00000, 0x0000000084c00000, 0x0000000084c00000|100%| O|  |TAMS 0x0000000084b00000| PB 0x0000000084b00000| Untracked 
|  76|0x0000000084c00000, 0x0000000084d00000, 0x0000000084d00000|100%| O|  |TAMS 0x0000000084c00000| PB 0x0000000084c00000| Untracked 
|  77|0x0000000084d00000, 0x0000000084e00000, 0x0000000084e00000|100%| O|  |TAMS 0x0000000084d00000| PB 0x0000000084d00000| Untracked 
|  78|0x0000000084e00000, 0x0000000084f00000, 0x0000000084f00000|100%| O|  |TAMS 0x0000000084e00000| PB 0x0000000084e00000| Untracked 
|  79|0x0000000084f00000, 0x0000000085000000, 0x0000000085000000|100%| O|  |TAMS 0x0000000084f00000| PB 0x0000000084f00000| Untracked 
|  80|0x0000000085000000, 0x0000000085100000, 0x0000000085100000|100%| O|  |TAMS 0x0000000085000000| PB 0x0000000085000000| Untracked 
|  81|0x0000000085100000, 0x0000000085200000, 0x0000000085200000|100%| O|  |TAMS 0x0000000085100000| PB 0x0000000085100000| Untracked 
|  82|0x0000000085200000, 0x0000000085300000, 0x0000000085300000|100%| O|  |TAMS 0x0000000085200000| PB 0x0000000085200000| Untracked 
|  83|0x0000000085300000, 0x0000000085400000, 0x0000000085400000|100%| O|  |TAMS 0x0000000085300000| PB 0x0000000085300000| Untracked 
|  84|0x0000000085400000, 0x0000000085500000, 0x0000000085500000|100%| O|  |TAMS 0x0000000085400000| PB 0x0000000085400000| Untracked 
|  85|0x0000000085500000, 0x0000000085600000, 0x0000000085600000|100%| O|  |TAMS 0x0000000085500000| PB 0x0000000085500000| Untracked 
|  86|0x0000000085600000, 0x0000000085700000, 0x0000000085700000|100%| O|  |TAMS 0x0000000085600000| PB 0x0000000085600000| Untracked 
|  87|0x0000000085700000, 0x0000000085800000, 0x0000000085800000|100%| O|  |TAMS 0x0000000085700000| PB 0x0000000085700000| Untracked 
|  88|0x0000000085800000, 0x0000000085900000, 0x0000000085900000|100%| O|  |TAMS 0x0000000085800000| PB 0x0000000085800000| Untracked 
|  89|0x0000000085900000, 0x0000000085a00000, 0x0000000085a00000|100%| O|  |TAMS 0x0000000085900000| PB 0x0000000085900000| Untracked 
|  90|0x0000000085a00000, 0x0000000085b00000, 0x0000000085b00000|100%| O|  |TAMS 0x0000000085a00000| PB 0x0000000085a00000| Untracked 
|  91|0x0000000085b00000, 0x0000000085c00000, 0x0000000085c00000|100%| O|  |TAMS 0x0000000085b00000| PB 0x0000000085b00000| Untracked 
|  92|0x0000000085c00000, 0x0000000085d00000, 0x0000000085d00000|100%| O|  |TAMS 0x0000000085c00000| PB 0x0000000085c00000| Untracked 
|  93|0x0000000085d00000, 0x0000000085e00000, 0x0000000085e00000|100%| O|  |TAMS 0x0000000085d00000| PB 0x0000000085d00000| Untracked 
|  94|0x0000000085e00000, 0x0000000085f00000, 0x0000000085f00000|100%| O|  |TAMS 0x0000000085e00000| PB 0x0000000085e00000| Untracked 
|  95|0x0000000085f00000, 0x0000000086000000, 0x0000000086000000|100%| O|  |TAMS 0x0000000085f00000| PB 0x0000000085f00000| Untracked 
|  96|0x0000000086000000, 0x0000000086100000, 0x0000000086100000|100%| O|  |TAMS 0x0000000086000000| PB 0x0000000086000000| Untracked 
|  97|0x0000000086100000, 0x0000000086200000, 0x0000000086200000|100%| O|  |TAMS 0x0000000086100000| PB 0x0000000086100000| Untracked 
|  98|0x0000000086200000, 0x0000000086300000, 0x0000000086300000|100%|HS|  |TAMS 0x0000000086200000| PB 0x0000000086200000| Complete 
|  99|0x0000000086300000, 0x0000000086400000, 0x0000000086400000|100%|HC|  |TAMS 0x0000000086300000| PB 0x0000000086300000| Complete 
| 100|0x0000000086400000, 0x0000000086500000, 0x0000000086500000|100%|HC|  |TAMS 0x0000000086400000| PB 0x0000000086400000| Complete 
| 101|0x0000000086500000, 0x0000000086600000, 0x0000000086600000|100%|HC|  |TAMS 0x0000000086500000| PB 0x0000000086500000| Complete 
| 102|0x0000000086600000, 0x0000000086700000, 0x0000000086700000|100%|HC|  |TAMS 0x0000000086600000| PB 0x0000000086600000| Complete 
| 103|0x0000000086700000, 0x0000000086800000, 0x0000000086800000|100%| O|  |TAMS 0x0000000086700000| PB 0x0000000086700000| Untracked 
| 104|0x0000000086800000, 0x0000000086900000, 0x0000000086900000|100%| O|  |TAMS 0x0000000086800000| PB 0x0000000086800000| Untracked 
| 105|0x0000000086900000, 0x0000000086a00000, 0x0000000086a00000|100%| O|  |TAMS 0x0000000086900000| PB 0x0000000086900000| Untracked 
| 106|0x0000000086a00000, 0x0000000086b00000, 0x0000000086b00000|100%| O|  |TAMS 0x0000000086a00000| PB 0x0000000086a00000| Untracked 
| 107|0x0000000086b00000, 0x0000000086c00000, 0x0000000086c00000|100%| O|  |TAMS 0x0000000086b00000| PB 0x0000000086b00000| Untracked 
| 108|0x0000000086c00000, 0x0000000086d00000, 0x0000000086d00000|100%| O|  |TAMS 0x0000000086c00000| PB 0x0000000086c00000| Untracked 
| 109|0x0000000086d00000, 0x0000000086e00000, 0x0000000086e00000|100%| O|  |TAMS 0x0000000086d00000| PB 0x0000000086d00000| Untracked 
| 110|0x0000000086e00000, 0x0000000086f00000, 0x0000000086f00000|100%| O|  |TAMS 0x0000000086e00000| PB 0x0000000086e00000| Untracked 
| 111|0x0000000086f00000, 0x0000000087000000, 0x0000000087000000|100%| O|  |TAMS 0x0000000086f00000| PB 0x0000000086f00000| Untracked 
| 112|0x0000000087000000, 0x0000000087100000, 0x0000000087100000|100%| O|  |TAMS 0x0000000087000000| PB 0x0000000087000000| Untracked 
| 113|0x0000000087100000, 0x0000000087200000, 0x0000000087200000|100%| O|  |TAMS 0x0000000087100000| PB 0x0000000087100000| Untracked 
| 114|0x0000000087200000, 0x0000000087300000, 0x0000000087300000|100%| O|  |TAMS 0x0000000087200000| PB 0x0000000087200000| Untracked 
| 115|0x0000000087300000, 0x0000000087400000, 0x0000000087400000|100%| O|  |TAMS 0x0000000087300000| PB 0x0000000087300000| Untracked 
| 116|0x0000000087400000, 0x0000000087500000, 0x0000000087500000|100%| O|  |TAMS 0x0000000087400000| PB 0x0000000087400000| Untracked 
| 117|0x0000000087500000, 0x0000000087600000, 0x0000000087600000|100%| O|  |TAMS 0x0000000087500000| PB 0x0000000087500000| Untracked 
| 118|0x0000000087600000, 0x0000000087700000, 0x0000000087700000|100%| O|  |TAMS 0x0000000087600000| PB 0x0000000087600000| Untracked 
| 119|0x0000000087700000, 0x0000000087800000, 0x0000000087800000|100%| O|  |TAMS 0x0000000087700000| PB 0x0000000087700000| Untracked 
| 120|0x0000000087800000, 0x0000000087900000, 0x0000000087900000|100%| O|  |TAMS 0x0000000087800000| PB 0x0000000087800000| Untracked 
| 121|0x0000000087900000, 0x0000000087a00000, 0x0000000087a00000|100%| O|  |TAMS 0x0000000087900000| PB 0x0000000087900000| Untracked 
| 122|0x0000000087a00000, 0x0000000087b00000, 0x0000000087b00000|100%| O|  |TAMS 0x0000000087a00000| PB 0x0000000087a00000| Untracked 
| 123|0x0000000087b00000, 0x0000000087c00000, 0x0000000087c00000|100%| O|  |TAMS 0x0000000087b00000| PB 0x0000000087b00000| Untracked 
| 124|0x0000000087c00000, 0x0000000087d00000, 0x0000000087d00000|100%| O|  |TAMS 0x0000000087c00000| PB 0x0000000087c00000| Untracked 
| 125|0x0000000087d00000, 0x0000000087e00000, 0x0000000087e00000|100%| O|  |TAMS 0x0000000087d00000| PB 0x0000000087d00000| Untracked 
| 126|0x0000000087e00000, 0x0000000087f00000, 0x0000000087f00000|100%| O|  |TAMS 0x0000000087e00000| PB 0x0000000087e00000| Untracked 
| 127|0x0000000087f00000, 0x0000000088000000, 0x0000000088000000|100%| O|  |TAMS 0x0000000087f00000| PB 0x0000000087f00000| Untracked 
| 128|0x0000000088000000, 0x0000000088100000, 0x0000000088100000|100%| O|  |TAMS 0x0000000088000000| PB 0x0000000088000000| Untracked 
| 129|0x0000000088100000, 0x0000000088200000, 0x0000000088200000|100%| O|  |TAMS 0x0000000088100000| PB 0x0000000088100000| Untracked 
| 130|0x0000000088200000, 0x0000000088300000, 0x0000000088300000|100%| O|  |TAMS 0x0000000088200000| PB 0x0000000088200000| Untracked 
| 131|0x0000000088300000, 0x0000000088400000, 0x0000000088400000|100%| O|  |TAMS 0x0000000088300000| PB 0x0000000088300000| Untracked 
| 132|0x0000000088400000, 0x0000000088500000, 0x0000000088500000|100%| O|  |TAMS 0x0000000088400000| PB 0x0000000088400000| Untracked 
| 133|0x0000000088500000, 0x0000000088600000, 0x0000000088600000|100%| O|  |TAMS 0x0000000088500000| PB 0x0000000088500000| Untracked 
| 134|0x0000000088600000, 0x0000000088700000, 0x0000000088700000|100%| O|  |TAMS 0x0000000088600000| PB 0x0000000088600000| Untracked 
| 135|0x0000000088700000, 0x0000000088800000, 0x0000000088800000|100%| O|  |TAMS 0x0000000088700000| PB 0x0000000088700000| Untracked 
| 136|0x0000000088800000, 0x0000000088900000, 0x0000000088900000|100%| O|  |TAMS 0x0000000088800000| PB 0x0000000088800000| Untracked 
| 137|0x0000000088900000, 0x0000000088a00000, 0x0000000088a00000|100%| O|  |TAMS 0x0000000088900000| PB 0x0000000088900000| Untracked 
| 138|0x0000000088a00000, 0x0000000088b00000, 0x0000000088b00000|100%| O|  |TAMS 0x0000000088a00000| PB 0x0000000088a00000| Untracked 
| 139|0x0000000088b00000, 0x0000000088c00000, 0x0000000088c00000|100%| O|  |TAMS 0x0000000088b00000| PB 0x0000000088b00000| Untracked 
| 140|0x0000000088c00000, 0x0000000088d00000, 0x0000000088d00000|100%| O|  |TAMS 0x0000000088c00000| PB 0x0000000088c00000| Untracked 
| 141|0x0000000088d00000, 0x0000000088e00000, 0x0000000088e00000|100%| O|  |TAMS 0x0000000088d00000| PB 0x0000000088d00000| Untracked 
| 142|0x0000000088e00000, 0x0000000088f00000, 0x0000000088f00000|100%| O|  |TAMS 0x0000000088e00000| PB 0x0000000088e00000| Untracked 
| 143|0x0000000088f00000, 0x0000000089000000, 0x0000000089000000|100%| O|  |TAMS 0x0000000088f00000| PB 0x0000000088f00000| Untracked 
| 144|0x0000000089000000, 0x0000000089100000, 0x0000000089100000|100%|HS|  |TAMS 0x0000000089000000| PB 0x0000000089000000| Complete 
| 145|0x0000000089100000, 0x0000000089200000, 0x0000000089200000|100%|HC|  |TAMS 0x0000000089100000| PB 0x0000000089100000| Complete 
| 146|0x0000000089200000, 0x0000000089300000, 0x0000000089300000|100%| O|  |TAMS 0x0000000089200000| PB 0x0000000089200000| Untracked 
| 147|0x0000000089300000, 0x0000000089400000, 0x0000000089400000|100%| O|  |TAMS 0x0000000089300000| PB 0x0000000089300000| Untracked 
| 148|0x0000000089400000, 0x0000000089500000, 0x0000000089500000|100%| O|  |TAMS 0x0000000089400000| PB 0x0000000089400000| Untracked 
| 149|0x0000000089500000, 0x0000000089600000, 0x0000000089600000|100%| O|  |TAMS 0x0000000089500000| PB 0x0000000089500000| Untracked 
| 150|0x0000000089600000, 0x0000000089700000, 0x0000000089700000|100%|HS|  |TAMS 0x0000000089600000| PB 0x0000000089600000| Complete 
| 151|0x0000000089700000, 0x0000000089800000, 0x0000000089800000|100%| O|  |TAMS 0x0000000089700000| PB 0x0000000089700000| Untracked 
| 152|0x0000000089800000, 0x0000000089900000, 0x0000000089900000|100%| O|  |TAMS 0x0000000089800000| PB 0x0000000089800000| Untracked 
| 153|0x0000000089900000, 0x0000000089a00000, 0x0000000089a00000|100%| O|  |TAMS 0x0000000089900000| PB 0x0000000089900000| Untracked 
| 154|0x0000000089a00000, 0x0000000089b00000, 0x0000000089b00000|100%| O|  |TAMS 0x0000000089a00000| PB 0x0000000089a00000| Untracked 
| 155|0x0000000089b00000, 0x0000000089c00000, 0x0000000089c00000|100%| O|  |TAMS 0x0000000089b00000| PB 0x0000000089b00000| Untracked 
| 156|0x0000000089c00000, 0x0000000089d00000, 0x0000000089d00000|100%| O|  |TAMS 0x0000000089c00000| PB 0x0000000089c00000| Untracked 
| 157|0x0000000089d00000, 0x0000000089e00000, 0x0000000089e00000|100%| O|  |TAMS 0x0000000089d00000| PB 0x0000000089d00000| Untracked 
| 158|0x0000000089e00000, 0x0000000089f00000, 0x0000000089f00000|100%| O|  |TAMS 0x0000000089e00000| PB 0x0000000089e00000| Untracked 
| 159|0x0000000089f00000, 0x000000008a000000, 0x000000008a000000|100%| O|  |TAMS 0x0000000089f00000| PB 0x0000000089f00000| Untracked 
| 160|0x000000008a000000, 0x000000008a100000, 0x000000008a100000|100%| O|  |TAMS 0x000000008a000000| PB 0x000000008a000000| Untracked 
| 161|0x000000008a100000, 0x000000008a200000, 0x000000008a200000|100%| O|  |TAMS 0x000000008a100000| PB 0x000000008a100000| Untracked 
| 162|0x000000008a200000, 0x000000008a300000, 0x000000008a300000|100%| O|  |TAMS 0x000000008a200000| PB 0x000000008a200000| Untracked 
| 163|0x000000008a300000, 0x000000008a400000, 0x000000008a400000|100%| O|  |TAMS 0x000000008a300000| PB 0x000000008a300000| Untracked 
| 164|0x000000008a400000, 0x000000008a500000, 0x000000008a500000|100%| O|  |TAMS 0x000000008a400000| PB 0x000000008a400000| Untracked 
| 165|0x000000008a500000, 0x000000008a600000, 0x000000008a600000|100%| O|  |TAMS 0x000000008a500000| PB 0x000000008a500000| Untracked 
| 166|0x000000008a600000, 0x000000008a700000, 0x000000008a700000|100%| O|  |TAMS 0x000000008a600000| PB 0x000000008a600000| Untracked 
| 167|0x000000008a700000, 0x000000008a800000, 0x000000008a800000|100%| O|  |TAMS 0x000000008a700000| PB 0x000000008a700000| Untracked 
| 168|0x000000008a800000, 0x000000008a900000, 0x000000008a900000|100%| O|  |TAMS 0x000000008a800000| PB 0x000000008a800000| Untracked 
| 169|0x000000008a900000, 0x000000008aa00000, 0x000000008aa00000|100%| O|  |TAMS 0x000000008a900000| PB 0x000000008a900000| Untracked 
| 170|0x000000008aa00000, 0x000000008ab00000, 0x000000008ab00000|100%| O|  |TAMS 0x000000008aa00000| PB 0x000000008aa00000| Untracked 
| 171|0x000000008ab00000, 0x000000008ac00000, 0x000000008ac00000|100%| O|  |TAMS 0x000000008ab00000| PB 0x000000008ab00000| Untracked 
| 172|0x000000008ac00000, 0x000000008ad00000, 0x000000008ad00000|100%| O|  |TAMS 0x000000008ac00000| PB 0x000000008ac00000| Untracked 
| 173|0x000000008ad00000, 0x000000008ae00000, 0x000000008ae00000|100%| O|  |TAMS 0x000000008ad00000| PB 0x000000008ad00000| Untracked 
| 174|0x000000008ae00000, 0x000000008af00000, 0x000000008af00000|100%| O|  |TAMS 0x000000008ae00000| PB 0x000000008ae00000| Untracked 
| 175|0x000000008af00000, 0x000000008b000000, 0x000000008b000000|100%| O|  |TAMS 0x000000008af00000| PB 0x000000008af00000| Untracked 
| 176|0x000000008b000000, 0x000000008b100000, 0x000000008b100000|100%| O|  |TAMS 0x000000008b000000| PB 0x000000008b000000| Untracked 
| 177|0x000000008b100000, 0x000000008b200000, 0x000000008b200000|100%| O|  |TAMS 0x000000008b100000| PB 0x000000008b100000| Untracked 
| 178|0x000000008b200000, 0x000000008b300000, 0x000000008b300000|100%| O|  |TAMS 0x000000008b200000| PB 0x000000008b200000| Untracked 
| 179|0x000000008b300000, 0x000000008b400000, 0x000000008b400000|100%| O|  |TAMS 0x000000008b300000| PB 0x000000008b300000| Untracked 
| 180|0x000000008b400000, 0x000000008b500000, 0x000000008b500000|100%| O|  |TAMS 0x000000008b400000| PB 0x000000008b400000| Untracked 
| 181|0x000000008b500000, 0x000000008b600000, 0x000000008b600000|100%| O|  |TAMS 0x000000008b500000| PB 0x000000008b500000| Untracked 
| 182|0x000000008b600000, 0x000000008b700000, 0x000000008b700000|100%| O|  |TAMS 0x000000008b600000| PB 0x000000008b600000| Untracked 
| 183|0x000000008b700000, 0x000000008b800000, 0x000000008b800000|100%| O|  |TAMS 0x000000008b700000| PB 0x000000008b700000| Untracked 
| 184|0x000000008b800000, 0x000000008b900000, 0x000000008b900000|100%| O|  |TAMS 0x000000008b800000| PB 0x000000008b800000| Untracked 
| 185|0x000000008b900000, 0x000000008ba00000, 0x000000008ba00000|100%| O|  |TAMS 0x000000008b900000| PB 0x000000008b900000| Untracked 
| 186|0x000000008ba00000, 0x000000008bb00000, 0x000000008bb00000|100%| O|  |TAMS 0x000000008ba00000| PB 0x000000008ba00000| Untracked 
| 187|0x000000008bb00000, 0x000000008bc00000, 0x000000008bc00000|100%| O|  |TAMS 0x000000008bb00000| PB 0x000000008bb00000| Untracked 
| 188|0x000000008bc00000, 0x000000008bd00000, 0x000000008bd00000|100%| O|  |TAMS 0x000000008bc00000| PB 0x000000008bc00000| Untracked 
| 189|0x000000008bd00000, 0x000000008be00000, 0x000000008be00000|100%| O|  |TAMS 0x000000008bd00000| PB 0x000000008bd00000| Untracked 
| 190|0x000000008be00000, 0x000000008bf00000, 0x000000008bf00000|100%| O|  |TAMS 0x000000008be00000| PB 0x000000008be00000| Untracked 
| 191|0x000000008bf00000, 0x000000008c000000, 0x000000008c000000|100%| O|  |TAMS 0x000000008bf00000| PB 0x000000008bf00000| Untracked 
| 192|0x000000008c000000, 0x000000008c100000, 0x000000008c100000|100%| O|  |TAMS 0x000000008c000000| PB 0x000000008c000000| Untracked 
| 193|0x000000008c100000, 0x000000008c200000, 0x000000008c200000|100%| O|  |TAMS 0x000000008c100000| PB 0x000000008c100000| Untracked 
| 194|0x000000008c200000, 0x000000008c300000, 0x000000008c300000|100%| O|  |TAMS 0x000000008c200000| PB 0x000000008c200000| Untracked 
| 195|0x000000008c300000, 0x000000008c400000, 0x000000008c400000|100%| O|  |TAMS 0x000000008c300000| PB 0x000000008c300000| Untracked 
| 196|0x000000008c400000, 0x000000008c500000, 0x000000008c500000|100%| O|  |TAMS 0x000000008c400000| PB 0x000000008c400000| Untracked 
| 197|0x000000008c500000, 0x000000008c600000, 0x000000008c600000|100%| O|  |TAMS 0x000000008c500000| PB 0x000000008c500000| Untracked 
| 198|0x000000008c600000, 0x000000008c700000, 0x000000008c700000|100%| O|  |TAMS 0x000000008c600000| PB 0x000000008c600000| Untracked 
| 199|0x000000008c700000, 0x000000008c800000, 0x000000008c800000|100%| O|  |TAMS 0x000000008c700000| PB 0x000000008c700000| Untracked 
| 200|0x000000008c800000, 0x000000008c900000, 0x000000008c900000|100%| O|  |TAMS 0x000000008c800000| PB 0x000000008c800000| Untracked 
| 201|0x000000008c900000, 0x000000008ca00000, 0x000000008ca00000|100%| O|  |TAMS 0x000000008c900000| PB 0x000000008c900000| Untracked 
| 202|0x000000008ca00000, 0x000000008cb00000, 0x000000008cb00000|100%| O|  |TAMS 0x000000008ca00000| PB 0x000000008ca00000| Untracked 
| 203|0x000000008cb00000, 0x000000008cc00000, 0x000000008cc00000|100%| O|  |TAMS 0x000000008cb00000| PB 0x000000008cb00000| Untracked 
| 204|0x000000008cc00000, 0x000000008cd00000, 0x000000008cd00000|100%| O|  |TAMS 0x000000008cc00000| PB 0x000000008cc00000| Untracked 
| 205|0x000000008cd00000, 0x000000008ce00000, 0x000000008ce00000|100%|HS|  |TAMS 0x000000008cd00000| PB 0x000000008cd00000| Complete 
| 206|0x000000008ce00000, 0x000000008cf00000, 0x000000008cf00000|100%|HC|  |TAMS 0x000000008ce00000| PB 0x000000008ce00000| Complete 
| 207|0x000000008cf00000, 0x000000008d000000, 0x000000008d000000|100%| O|  |TAMS 0x000000008cf00000| PB 0x000000008cf00000| Untracked 
| 208|0x000000008d000000, 0x000000008d100000, 0x000000008d100000|100%| O|  |TAMS 0x000000008d000000| PB 0x000000008d000000| Untracked 
| 209|0x000000008d100000, 0x000000008d200000, 0x000000008d200000|100%| O|  |TAMS 0x000000008d100000| PB 0x000000008d100000| Untracked 
| 210|0x000000008d200000, 0x000000008d300000, 0x000000008d300000|100%| O|  |TAMS 0x000000008d200000| PB 0x000000008d200000| Untracked 
| 211|0x000000008d300000, 0x000000008d400000, 0x000000008d400000|100%| O|  |TAMS 0x000000008d300000| PB 0x000000008d300000| Untracked 
| 212|0x000000008d400000, 0x000000008d500000, 0x000000008d500000|100%| O|  |TAMS 0x000000008d400000| PB 0x000000008d400000| Untracked 
| 213|0x000000008d500000, 0x000000008d600000, 0x000000008d600000|100%| O|  |TAMS 0x000000008d500000| PB 0x000000008d500000| Untracked 
| 214|0x000000008d600000, 0x000000008d700000, 0x000000008d700000|100%| O|  |TAMS 0x000000008d600000| PB 0x000000008d600000| Untracked 
| 215|0x000000008d700000, 0x000000008d800000, 0x000000008d800000|100%| O|  |TAMS 0x000000008d700000| PB 0x000000008d700000| Untracked 
| 216|0x000000008d800000, 0x000000008d900000, 0x000000008d900000|100%| O|  |TAMS 0x000000008d800000| PB 0x000000008d800000| Untracked 
| 217|0x000000008d900000, 0x000000008da00000, 0x000000008da00000|100%| O|  |TAMS 0x000000008d900000| PB 0x000000008d900000| Untracked 
| 218|0x000000008da00000, 0x000000008db00000, 0x000000008db00000|100%|HS|  |TAMS 0x000000008da00000| PB 0x000000008da00000| Complete 
| 219|0x000000008db00000, 0x000000008dc00000, 0x000000008dc00000|100%|HC|  |TAMS 0x000000008db00000| PB 0x000000008db00000| Complete 
| 220|0x000000008dc00000, 0x000000008dd00000, 0x000000008dd00000|100%| O|  |TAMS 0x000000008dc00000| PB 0x000000008dc00000| Untracked 
| 221|0x000000008dd00000, 0x000000008de00000, 0x000000008de00000|100%| O|  |TAMS 0x000000008dd00000| PB 0x000000008dd00000| Untracked 
| 222|0x000000008de00000, 0x000000008df00000, 0x000000008df00000|100%| O|Cm|TAMS 0x000000008de00000| PB 0x000000008de00000| Complete 
| 223|0x000000008df00000, 0x000000008e000000, 0x000000008e000000|100%| O|  |TAMS 0x000000008df00000| PB 0x000000008df00000| Untracked 
| 224|0x000000008e000000, 0x000000008e100000, 0x000000008e100000|100%| O|  |TAMS 0x000000008e000000| PB 0x000000008e000000| Untracked 
| 225|0x000000008e100000, 0x000000008e200000, 0x000000008e200000|100%| O|  |TAMS 0x000000008e100000| PB 0x000000008e100000| Untracked 
| 226|0x000000008e200000, 0x000000008e300000, 0x000000008e300000|100%| O|  |TAMS 0x000000008e200000| PB 0x000000008e200000| Untracked 
| 227|0x000000008e300000, 0x000000008e400000, 0x000000008e400000|100%| O|Cm|TAMS 0x000000008e300000| PB 0x000000008e300000| Complete 
| 228|0x000000008e400000, 0x000000008e500000, 0x000000008e500000|100%| O|  |TAMS 0x000000008e400000| PB 0x000000008e400000| Untracked 
| 229|0x000000008e500000, 0x000000008e600000, 0x000000008e600000|100%| O|  |TAMS 0x000000008e500000| PB 0x000000008e500000| Untracked 
| 230|0x000000008e600000, 0x000000008e700000, 0x000000008e700000|100%| O|  |TAMS 0x000000008e600000| PB 0x000000008e600000| Untracked 
| 231|0x000000008e700000, 0x000000008e800000, 0x000000008e800000|100%| O|  |TAMS 0x000000008e700000| PB 0x000000008e700000| Untracked 
| 232|0x000000008e800000, 0x000000008e900000, 0x000000008e900000|100%| O|  |TAMS 0x000000008e800000| PB 0x000000008e800000| Untracked 
| 233|0x000000008e900000, 0x000000008ea00000, 0x000000008ea00000|100%| O|  |TAMS 0x000000008e900000| PB 0x000000008e900000| Untracked 
| 234|0x000000008ea00000, 0x000000008eb00000, 0x000000008eb00000|100%| O|  |TAMS 0x000000008ea00000| PB 0x000000008ea00000| Untracked 
| 235|0x000000008eb00000, 0x000000008ec00000, 0x000000008ec00000|100%| O|  |TAMS 0x000000008eb00000| PB 0x000000008eb00000| Untracked 
| 236|0x000000008ec00000, 0x000000008ed00000, 0x000000008ed00000|100%| O|  |TAMS 0x000000008ec00000| PB 0x000000008ec00000| Untracked 
| 237|0x000000008ed00000, 0x000000008ee00000, 0x000000008ee00000|100%| O|  |TAMS 0x000000008ed00000| PB 0x000000008ed00000| Untracked 
| 238|0x000000008ee00000, 0x000000008ef00000, 0x000000008ef00000|100%| O|  |TAMS 0x000000008ee00000| PB 0x000000008ee00000| Untracked 
| 239|0x000000008ef00000, 0x000000008f000000, 0x000000008f000000|100%| O|  |TAMS 0x000000008ef00000| PB 0x000000008ef00000| Untracked 
| 240|0x000000008f000000, 0x000000008f100000, 0x000000008f100000|100%| O|  |TAMS 0x000000008f000000| PB 0x000000008f000000| Untracked 
| 241|0x000000008f100000, 0x000000008f200000, 0x000000008f200000|100%| O|  |TAMS 0x000000008f100000| PB 0x000000008f100000| Untracked 
| 242|0x000000008f200000, 0x000000008f300000, 0x000000008f300000|100%| O|  |TAMS 0x000000008f200000| PB 0x000000008f200000| Untracked 
| 243|0x000000008f300000, 0x000000008f400000, 0x000000008f400000|100%| O|  |TAMS 0x000000008f300000| PB 0x000000008f300000| Untracked 
| 244|0x000000008f400000, 0x000000008f500000, 0x000000008f500000|100%| O|  |TAMS 0x000000008f400000| PB 0x000000008f400000| Untracked 
| 245|0x000000008f500000, 0x000000008f600000, 0x000000008f600000|100%| O|  |TAMS 0x000000008f500000| PB 0x000000008f500000| Untracked 
| 246|0x000000008f600000, 0x000000008f700000, 0x000000008f700000|100%| O|  |TAMS 0x000000008f600000| PB 0x000000008f600000| Untracked 
| 247|0x000000008f700000, 0x000000008f800000, 0x000000008f800000|100%| O|  |TAMS 0x000000008f700000| PB 0x000000008f700000| Untracked 
| 248|0x000000008f800000, 0x000000008f900000, 0x000000008f900000|100%| O|  |TAMS 0x000000008f800000| PB 0x000000008f800000| Untracked 
| 249|0x000000008f900000, 0x000000008fa00000, 0x000000008fa00000|100%| O|  |TAMS 0x000000008f900000| PB 0x000000008f900000| Untracked 
| 250|0x000000008fa00000, 0x000000008fb00000, 0x000000008fb00000|100%| O|  |TAMS 0x000000008fa00000| PB 0x000000008fa00000| Untracked 
| 251|0x000000008fb00000, 0x000000008fc00000, 0x000000008fc00000|100%| O|  |TAMS 0x000000008fb00000| PB 0x000000008fb00000| Untracked 
| 252|0x000000008fc00000, 0x000000008fd00000, 0x000000008fd00000|100%| O|  |TAMS 0x000000008fc00000| PB 0x000000008fc00000| Untracked 
| 253|0x000000008fd00000, 0x000000008fe00000, 0x000000008fe00000|100%| O|  |TAMS 0x000000008fd00000| PB 0x000000008fd00000| Untracked 
| 254|0x000000008fe00000, 0x000000008ff00000, 0x000000008ff00000|100%| O|  |TAMS 0x000000008fe00000| PB 0x000000008fe00000| Untracked 
| 255|0x000000008ff00000, 0x0000000090000000, 0x0000000090000000|100%| O|  |TAMS 0x000000008ff00000| PB 0x000000008ff00000| Untracked 
| 256|0x0000000090000000, 0x0000000090100000, 0x0000000090100000|100%| O|  |TAMS 0x0000000090000000| PB 0x0000000090000000| Untracked 
| 257|0x0000000090100000, 0x0000000090200000, 0x0000000090200000|100%| O|Cm|TAMS 0x0000000090100000| PB 0x0000000090100000| Complete 
| 258|0x0000000090200000, 0x0000000090300000, 0x0000000090300000|100%| O|  |TAMS 0x0000000090200000| PB 0x0000000090200000| Untracked 
| 259|0x0000000090300000, 0x0000000090400000, 0x0000000090400000|100%| O|  |TAMS 0x0000000090300000| PB 0x0000000090300000| Untracked 
| 260|0x0000000090400000, 0x0000000090500000, 0x0000000090500000|100%| O|  |TAMS 0x0000000090400000| PB 0x0000000090400000| Untracked 
| 261|0x0000000090500000, 0x0000000090600000, 0x0000000090600000|100%| O|  |TAMS 0x0000000090500000| PB 0x0000000090500000| Untracked 
| 262|0x0000000090600000, 0x0000000090700000, 0x0000000090700000|100%| O|  |TAMS 0x0000000090600000| PB 0x0000000090600000| Untracked 
| 263|0x0000000090700000, 0x0000000090800000, 0x0000000090800000|100%| O|  |TAMS 0x0000000090700000| PB 0x0000000090700000| Untracked 
| 264|0x0000000090800000, 0x0000000090900000, 0x0000000090900000|100%| O|  |TAMS 0x0000000090800000| PB 0x0000000090800000| Untracked 
| 265|0x0000000090900000, 0x0000000090a00000, 0x0000000090a00000|100%| O|  |TAMS 0x0000000090900000| PB 0x0000000090900000| Untracked 
| 266|0x0000000090a00000, 0x0000000090b00000, 0x0000000090b00000|100%| O|Cm|TAMS 0x0000000090a00000| PB 0x0000000090a00000| Complete 
| 267|0x0000000090b00000, 0x0000000090c00000, 0x0000000090c00000|100%| O|  |TAMS 0x0000000090b00000| PB 0x0000000090b00000| Untracked 
| 268|0x0000000090c00000, 0x0000000090d00000, 0x0000000090d00000|100%| O|  |TAMS 0x0000000090c00000| PB 0x0000000090c00000| Untracked 
| 269|0x0000000090d00000, 0x0000000090e00000, 0x0000000090e00000|100%| O|  |TAMS 0x0000000090d00000| PB 0x0000000090d00000| Untracked 
| 270|0x0000000090e00000, 0x0000000090f00000, 0x0000000090f00000|100%| O|  |TAMS 0x0000000090e00000| PB 0x0000000090e00000| Untracked 
| 271|0x0000000090f00000, 0x0000000091000000, 0x0000000091000000|100%| O|  |TAMS 0x0000000090f00000| PB 0x0000000090f00000| Untracked 
| 272|0x0000000091000000, 0x0000000091100000, 0x0000000091100000|100%| O|  |TAMS 0x0000000091000000| PB 0x0000000091000000| Untracked 
| 273|0x0000000091100000, 0x0000000091200000, 0x0000000091200000|100%|HS|  |TAMS 0x0000000091100000| PB 0x0000000091100000| Complete 
| 274|0x0000000091200000, 0x0000000091300000, 0x0000000091300000|100%|HC|  |TAMS 0x0000000091200000| PB 0x0000000091200000| Complete 
| 275|0x0000000091300000, 0x0000000091400000, 0x0000000091400000|100%|HC|  |TAMS 0x0000000091300000| PB 0x0000000091300000| Complete 
| 276|0x0000000091400000, 0x0000000091500000, 0x0000000091500000|100%| O|  |TAMS 0x0000000091400000| PB 0x0000000091400000| Untracked 
| 277|0x0000000091500000, 0x0000000091600000, 0x0000000091600000|100%| O|  |TAMS 0x0000000091500000| PB 0x0000000091500000| Untracked 
| 278|0x0000000091600000, 0x0000000091700000, 0x0000000091700000|100%| O|Cm|TAMS 0x0000000091600000| PB 0x0000000091600000| Complete 
| 279|0x0000000091700000, 0x0000000091800000, 0x0000000091800000|100%| O|  |TAMS 0x0000000091700000| PB 0x0000000091700000| Untracked 
| 280|0x0000000091800000, 0x0000000091900000, 0x0000000091900000|100%| O|  |TAMS 0x0000000091800000| PB 0x0000000091800000| Untracked 
| 281|0x0000000091900000, 0x0000000091a00000, 0x0000000091a00000|100%| O|  |TAMS 0x0000000091900000| PB 0x0000000091900000| Untracked 
| 282|0x0000000091a00000, 0x0000000091b00000, 0x0000000091b00000|100%| O|Cm|TAMS 0x0000000091a00000| PB 0x0000000091a00000| Complete 
| 283|0x0000000091b00000, 0x0000000091c00000, 0x0000000091c00000|100%| O|  |TAMS 0x0000000091b00000| PB 0x0000000091b00000| Untracked 
| 284|0x0000000091c00000, 0x0000000091d00000, 0x0000000091d00000|100%| O|  |TAMS 0x0000000091c00000| PB 0x0000000091c00000| Untracked 
| 285|0x0000000091d00000, 0x0000000091e00000, 0x0000000091e00000|100%| O|  |TAMS 0x0000000091d00000| PB 0x0000000091d00000| Untracked 
| 286|0x0000000091e00000, 0x0000000091f00000, 0x0000000091f00000|100%|HS|  |TAMS 0x0000000091e00000| PB 0x0000000091e00000| Complete 
| 287|0x0000000091f00000, 0x0000000092000000, 0x0000000092000000|100%|HC|  |TAMS 0x0000000091f00000| PB 0x0000000091f00000| Complete 
| 288|0x0000000092000000, 0x0000000092100000, 0x0000000092100000|100%|HC|  |TAMS 0x0000000092000000| PB 0x0000000092000000| Complete 
| 289|0x0000000092100000, 0x0000000092200000, 0x0000000092200000|100%| O|  |TAMS 0x0000000092100000| PB 0x0000000092100000| Untracked 
| 290|0x0000000092200000, 0x0000000092300000, 0x0000000092300000|100%| O|  |TAMS 0x0000000092200000| PB 0x0000000092200000| Untracked 
| 291|0x0000000092300000, 0x0000000092400000, 0x0000000092400000|100%| O|  |TAMS 0x0000000092300000| PB 0x0000000092300000| Untracked 
| 292|0x0000000092400000, 0x0000000092500000, 0x0000000092500000|100%| O|  |TAMS 0x0000000092400000| PB 0x0000000092400000| Untracked 
| 293|0x0000000092500000, 0x0000000092600000, 0x0000000092600000|100%| O|  |TAMS 0x0000000092500000| PB 0x0000000092500000| Untracked 
| 294|0x0000000092600000, 0x0000000092700000, 0x0000000092700000|100%| O|  |TAMS 0x0000000092600000| PB 0x0000000092600000| Untracked 
| 295|0x0000000092700000, 0x0000000092800000, 0x0000000092800000|100%| O|  |TAMS 0x0000000092700000| PB 0x0000000092700000| Untracked 
| 296|0x0000000092800000, 0x0000000092900000, 0x0000000092900000|100%| O|  |TAMS 0x0000000092800000| PB 0x0000000092800000| Untracked 
| 297|0x0000000092900000, 0x0000000092a00000, 0x0000000092a00000|100%| O|  |TAMS 0x0000000092900000| PB 0x0000000092900000| Untracked 
| 298|0x0000000092a00000, 0x0000000092b00000, 0x0000000092b00000|100%| O|  |TAMS 0x0000000092a00000| PB 0x0000000092a00000| Untracked 
| 299|0x0000000092b00000, 0x0000000092c00000, 0x0000000092c00000|100%| O|  |TAMS 0x0000000092b00000| PB 0x0000000092b00000| Untracked 
| 300|0x0000000092c00000, 0x0000000092d00000, 0x0000000092d00000|100%| O|Cm|TAMS 0x0000000092c00000| PB 0x0000000092c00000| Complete 
| 301|0x0000000092d00000, 0x0000000092e00000, 0x0000000092e00000|100%| O|  |TAMS 0x0000000092d00000| PB 0x0000000092d00000| Untracked 
| 302|0x0000000092e00000, 0x0000000092f00000, 0x0000000092f00000|100%| O|  |TAMS 0x0000000092e00000| PB 0x0000000092e00000| Untracked 
| 303|0x0000000092f00000, 0x0000000093000000, 0x0000000093000000|100%| O|  |TAMS 0x0000000092f00000| PB 0x0000000092f00000| Untracked 
| 304|0x0000000093000000, 0x0000000093006bd0, 0x0000000093100000|  2%| O|  |TAMS 0x0000000093000000| PB 0x0000000093000000| Untracked 
| 305|0x0000000093100000, 0x0000000093200000, 0x0000000093200000|100%| O|  |TAMS 0x0000000093100000| PB 0x0000000093100000| Untracked 
| 306|0x0000000093200000, 0x0000000093300000, 0x0000000093300000|100%| O|  |TAMS 0x0000000093200000| PB 0x0000000093200000| Untracked 
| 307|0x0000000093300000, 0x0000000093400000, 0x0000000093400000|100%| O|  |TAMS 0x0000000093300000| PB 0x0000000093300000| Untracked 
| 308|0x0000000093400000, 0x0000000093500000, 0x0000000093500000|100%| O|  |TAMS 0x0000000093400000| PB 0x0000000093400000| Untracked 
| 309|0x0000000093500000, 0x0000000093600000, 0x0000000093600000|100%| O|  |TAMS 0x0000000093500000| PB 0x0000000093500000| Untracked 
| 310|0x0000000093600000, 0x0000000093700000, 0x0000000093700000|100%| O|  |TAMS 0x0000000093600000| PB 0x0000000093600000| Untracked 
| 311|0x0000000093700000, 0x0000000093800000, 0x0000000093800000|100%|HS|  |TAMS 0x0000000093700000| PB 0x0000000093700000| Complete 
| 312|0x0000000093800000, 0x0000000093900000, 0x0000000093900000|100%| O|  |TAMS 0x0000000093800000| PB 0x0000000093800000| Untracked 
| 313|0x0000000093900000, 0x0000000093a00000, 0x0000000093a00000|100%| O|  |TAMS 0x0000000093900000| PB 0x0000000093900000| Untracked 
| 314|0x0000000093a00000, 0x0000000093b00000, 0x0000000093b00000|100%| O|  |TAMS 0x0000000093a00000| PB 0x0000000093a00000| Untracked 
| 315|0x0000000093b00000, 0x0000000093b00000, 0x0000000093c00000|  0%| F|  |TAMS 0x0000000093b00000| PB 0x0000000093b00000| Untracked 
| 316|0x0000000093c00000, 0x0000000093d00000, 0x0000000093d00000|100%| O|  |TAMS 0x0000000093c00000| PB 0x0000000093c00000| Untracked 
| 317|0x0000000093d00000, 0x0000000093e00000, 0x0000000093e00000|100%| O|Cm|TAMS 0x0000000093d00000| PB 0x0000000093d00000| Complete 
| 318|0x0000000093e00000, 0x0000000093f00000, 0x0000000093f00000|100%| O|  |TAMS 0x0000000093e00000| PB 0x0000000093e00000| Untracked 
| 319|0x0000000093f00000, 0x0000000094000000, 0x0000000094000000|100%| O|  |TAMS 0x0000000093f00000| PB 0x0000000093f00000| Untracked 
| 320|0x0000000094000000, 0x0000000094100000, 0x0000000094100000|100%| O|  |TAMS 0x0000000094000000| PB 0x0000000094000000| Untracked 
| 321|0x0000000094100000, 0x0000000094200000, 0x0000000094200000|100%| O|  |TAMS 0x0000000094100000| PB 0x0000000094100000| Untracked 
| 322|0x0000000094200000, 0x0000000094300000, 0x0000000094300000|100%| O|  |TAMS 0x0000000094200000| PB 0x0000000094200000| Untracked 
| 323|0x0000000094300000, 0x0000000094400000, 0x0000000094400000|100%| O|  |TAMS 0x0000000094300000| PB 0x0000000094300000| Untracked 
| 324|0x0000000094400000, 0x0000000094500000, 0x0000000094500000|100%| O|  |TAMS 0x0000000094400000| PB 0x0000000094400000| Untracked 
| 325|0x0000000094500000, 0x0000000094600000, 0x0000000094600000|100%| O|  |TAMS 0x0000000094500000| PB 0x0000000094500000| Untracked 
| 326|0x0000000094600000, 0x0000000094700000, 0x0000000094700000|100%| O|  |TAMS 0x0000000094600000| PB 0x0000000094600000| Untracked 
| 327|0x0000000094700000, 0x0000000094800000, 0x0000000094800000|100%| O|  |TAMS 0x0000000094700000| PB 0x0000000094700000| Untracked 
| 328|0x0000000094800000, 0x0000000094900000, 0x0000000094900000|100%| O|  |TAMS 0x0000000094800000| PB 0x0000000094800000| Untracked 
| 329|0x0000000094900000, 0x0000000094a00000, 0x0000000094a00000|100%| O|  |TAMS 0x0000000094900000| PB 0x0000000094900000| Untracked 
| 330|0x0000000094a00000, 0x0000000094a00000, 0x0000000094b00000|  0%| F|  |TAMS 0x0000000094a00000| PB 0x0000000094a00000| Untracked 
| 331|0x0000000094b00000, 0x0000000094c00000, 0x0000000094c00000|100%| O|  |TAMS 0x0000000094b00000| PB 0x0000000094b00000| Untracked 
| 332|0x0000000094c00000, 0x0000000094d00000, 0x0000000094d00000|100%| O|  |TAMS 0x0000000094c00000| PB 0x0000000094c00000| Untracked 
| 333|0x0000000094d00000, 0x0000000094e00000, 0x0000000094e00000|100%| O|  |TAMS 0x0000000094d00000| PB 0x0000000094d00000| Untracked 
| 334|0x0000000094e00000, 0x0000000094f00000, 0x0000000094f00000|100%| O|  |TAMS 0x0000000094e00000| PB 0x0000000094e00000| Untracked 
| 335|0x0000000094f00000, 0x0000000095000000, 0x0000000095000000|100%| O|  |TAMS 0x0000000094f00000| PB 0x0000000094f00000| Untracked 
| 336|0x0000000095000000, 0x0000000095100000, 0x0000000095100000|100%| O|  |TAMS 0x0000000095000000| PB 0x0000000095000000| Untracked 
| 337|0x0000000095100000, 0x0000000095100000, 0x0000000095200000|  0%| F|  |TAMS 0x0000000095100000| PB 0x0000000095100000| Untracked 
| 338|0x0000000095200000, 0x0000000095300000, 0x0000000095300000|100%| O|  |TAMS 0x0000000095200000| PB 0x0000000095200000| Untracked 
| 339|0x0000000095300000, 0x0000000095400000, 0x0000000095400000|100%| O|  |TAMS 0x0000000095300000| PB 0x0000000095300000| Untracked 
| 340|0x0000000095400000, 0x0000000095500000, 0x0000000095500000|100%| O|  |TAMS 0x0000000095400000| PB 0x0000000095400000| Untracked 
| 341|0x0000000095500000, 0x0000000095600000, 0x0000000095600000|100%| O|  |TAMS 0x0000000095500000| PB 0x0000000095500000| Untracked 
| 342|0x0000000095600000, 0x0000000095600000, 0x0000000095700000|  0%| F|  |TAMS 0x0000000095600000| PB 0x0000000095600000| Untracked 
| 343|0x0000000095700000, 0x0000000095800000, 0x0000000095800000|100%| O|  |TAMS 0x0000000095700000| PB 0x0000000095700000| Untracked 
| 344|0x0000000095800000, 0x0000000095900000, 0x0000000095900000|100%| O|  |TAMS 0x0000000095800000| PB 0x0000000095800000| Untracked 
| 345|0x0000000095900000, 0x0000000095a00000, 0x0000000095a00000|100%| O|  |TAMS 0x0000000095900000| PB 0x0000000095900000| Untracked 
| 346|0x0000000095a00000, 0x0000000095b00000, 0x0000000095b00000|100%| O|  |TAMS 0x0000000095a00000| PB 0x0000000095a00000| Untracked 
| 347|0x0000000095b00000, 0x0000000095c00000, 0x0000000095c00000|100%| O|  |TAMS 0x0000000095b00000| PB 0x0000000095b00000| Untracked 
| 348|0x0000000095c00000, 0x0000000095d00000, 0x0000000095d00000|100%| O|  |TAMS 0x0000000095c00000| PB 0x0000000095c00000| Untracked 
| 349|0x0000000095d00000, 0x0000000095e00000, 0x0000000095e00000|100%| O|  |TAMS 0x0000000095d00000| PB 0x0000000095d00000| Untracked 
| 350|0x0000000095e00000, 0x0000000095f00000, 0x0000000095f00000|100%| O|  |TAMS 0x0000000095e00000| PB 0x0000000095e00000| Untracked 
| 351|0x0000000095f00000, 0x0000000096000000, 0x0000000096000000|100%| O|  |TAMS 0x0000000095f00000| PB 0x0000000095f00000| Untracked 
| 352|0x0000000096000000, 0x0000000096100000, 0x0000000096100000|100%| O|  |TAMS 0x0000000096000000| PB 0x0000000096000000| Untracked 
| 353|0x0000000096100000, 0x0000000096200000, 0x0000000096200000|100%| O|  |TAMS 0x0000000096100000| PB 0x0000000096100000| Untracked 
| 354|0x0000000096200000, 0x0000000096300000, 0x0000000096300000|100%| O|  |TAMS 0x0000000096200000| PB 0x0000000096200000| Untracked 
| 355|0x0000000096300000, 0x0000000096400000, 0x0000000096400000|100%| O|  |TAMS 0x0000000096300000| PB 0x0000000096300000| Untracked 
| 356|0x0000000096400000, 0x0000000096500000, 0x0000000096500000|100%| O|  |TAMS 0x0000000096400000| PB 0x0000000096400000| Untracked 
| 357|0x0000000096500000, 0x0000000096600000, 0x0000000096600000|100%| O|  |TAMS 0x0000000096500000| PB 0x0000000096500000| Untracked 
| 358|0x0000000096600000, 0x0000000096700000, 0x0000000096700000|100%| O|  |TAMS 0x0000000096600000| PB 0x0000000096600000| Untracked 
| 359|0x0000000096700000, 0x0000000096800000, 0x0000000096800000|100%| O|  |TAMS 0x0000000096700000| PB 0x0000000096700000| Untracked 
| 360|0x0000000096800000, 0x0000000096900000, 0x0000000096900000|100%| O|  |TAMS 0x0000000096800000| PB 0x0000000096800000| Untracked 
| 361|0x0000000096900000, 0x0000000096a00000, 0x0000000096a00000|100%| O|  |TAMS 0x0000000096900000| PB 0x0000000096900000| Untracked 
| 362|0x0000000096a00000, 0x0000000096b00000, 0x0000000096b00000|100%| O|  |TAMS 0x0000000096a00000| PB 0x0000000096a00000| Untracked 
| 363|0x0000000096b00000, 0x0000000096c00000, 0x0000000096c00000|100%| O|  |TAMS 0x0000000096b00000| PB 0x0000000096b00000| Untracked 
| 364|0x0000000096c00000, 0x0000000096d00000, 0x0000000096d00000|100%| O|  |TAMS 0x0000000096c00000| PB 0x0000000096c00000| Untracked 
| 365|0x0000000096d00000, 0x0000000096e00000, 0x0000000096e00000|100%| O|  |TAMS 0x0000000096d00000| PB 0x0000000096d00000| Untracked 
| 366|0x0000000096e00000, 0x0000000096f00000, 0x0000000096f00000|100%| O|  |TAMS 0x0000000096e00000| PB 0x0000000096e00000| Untracked 
| 367|0x0000000096f00000, 0x0000000097000000, 0x0000000097000000|100%| O|  |TAMS 0x0000000096f00000| PB 0x0000000096f00000| Untracked 
| 368|0x0000000097000000, 0x0000000097100000, 0x0000000097100000|100%| O|Cm|TAMS 0x0000000097000000| PB 0x0000000097000000| Complete 
| 369|0x0000000097100000, 0x0000000097100000, 0x0000000097200000|  0%| F|  |TAMS 0x0000000097100000| PB 0x0000000097100000| Untracked 
| 370|0x0000000097200000, 0x0000000097300000, 0x0000000097300000|100%| O|Cm|TAMS 0x0000000097200000| PB 0x0000000097200000| Complete 
| 371|0x0000000097300000, 0x0000000097400000, 0x0000000097400000|100%| O|  |TAMS 0x0000000097300000| PB 0x0000000097300000| Untracked 
| 372|0x0000000097400000, 0x0000000097500000, 0x0000000097500000|100%| O|  |TAMS 0x0000000097400000| PB 0x0000000097400000| Untracked 
| 373|0x0000000097500000, 0x0000000097600000, 0x0000000097600000|100%| O|  |TAMS 0x0000000097500000| PB 0x0000000097500000| Untracked 
| 374|0x0000000097600000, 0x0000000097700000, 0x0000000097700000|100%| O|  |TAMS 0x0000000097600000| PB 0x0000000097600000| Untracked 
| 375|0x0000000097700000, 0x0000000097800000, 0x0000000097800000|100%| O|  |TAMS 0x0000000097700000| PB 0x0000000097700000| Untracked 
| 376|0x0000000097800000, 0x0000000097900000, 0x0000000097900000|100%| O|  |TAMS 0x0000000097800000| PB 0x0000000097800000| Untracked 
| 377|0x0000000097900000, 0x0000000097a00000, 0x0000000097a00000|100%| O|  |TAMS 0x0000000097900000| PB 0x0000000097900000| Untracked 
| 378|0x0000000097a00000, 0x0000000097b00000, 0x0000000097b00000|100%| O|  |TAMS 0x0000000097a00000| PB 0x0000000097a00000| Untracked 
| 379|0x0000000097b00000, 0x0000000097c00000, 0x0000000097c00000|100%| O|Cm|TAMS 0x0000000097b00000| PB 0x0000000097b00000| Complete 
| 380|0x0000000097c00000, 0x0000000097c00000, 0x0000000097d00000|  0%| F|  |TAMS 0x0000000097c00000| PB 0x0000000097c00000| Untracked 
| 381|0x0000000097d00000, 0x0000000097d00000, 0x0000000097e00000|  0%| F|  |TAMS 0x0000000097d00000| PB 0x0000000097d00000| Untracked 
| 382|0x0000000097e00000, 0x0000000097f00000, 0x0000000097f00000|100%| O|  |TAMS 0x0000000097e00000| PB 0x0000000097e00000| Untracked 
| 383|0x0000000097f00000, 0x0000000098000000, 0x0000000098000000|100%| O|  |TAMS 0x0000000097f00000| PB 0x0000000097f00000| Untracked 
| 384|0x0000000098000000, 0x0000000098100000, 0x0000000098100000|100%| O|  |TAMS 0x0000000098000000| PB 0x0000000098000000| Untracked 
| 385|0x0000000098100000, 0x0000000098100000, 0x0000000098200000|  0%| F|  |TAMS 0x0000000098100000| PB 0x0000000098100000| Untracked 
| 386|0x0000000098200000, 0x0000000098200000, 0x0000000098300000|  0%| F|  |TAMS 0x0000000098200000| PB 0x0000000098200000| Untracked 
| 387|0x0000000098300000, 0x0000000098300000, 0x0000000098400000|  0%| F|  |TAMS 0x0000000098300000| PB 0x0000000098300000| Untracked 
| 388|0x0000000098400000, 0x0000000098400000, 0x0000000098500000|  0%| F|  |TAMS 0x0000000098400000| PB 0x0000000098400000| Untracked 
| 389|0x0000000098500000, 0x0000000098500000, 0x0000000098600000|  0%| F|  |TAMS 0x0000000098500000| PB 0x0000000098500000| Untracked 
| 390|0x0000000098600000, 0x0000000098700000, 0x0000000098700000|100%| O|  |TAMS 0x0000000098600000| PB 0x0000000098600000| Untracked 
| 391|0x0000000098700000, 0x0000000098800000, 0x0000000098800000|100%| O|  |TAMS 0x0000000098700000| PB 0x0000000098700000| Untracked 
| 392|0x0000000098800000, 0x0000000098800000, 0x0000000098900000|  0%| F|  |TAMS 0x0000000098800000| PB 0x0000000098800000| Untracked 
| 393|0x0000000098900000, 0x0000000098a00000, 0x0000000098a00000|100%| O|  |TAMS 0x0000000098900000| PB 0x0000000098900000| Untracked 
| 394|0x0000000098a00000, 0x0000000098b00000, 0x0000000098b00000|100%| O|  |TAMS 0x0000000098a00000| PB 0x0000000098a00000| Untracked 
| 395|0x0000000098b00000, 0x0000000098c00000, 0x0000000098c00000|100%| O|  |TAMS 0x0000000098b00000| PB 0x0000000098b00000| Untracked 
| 396|0x0000000098c00000, 0x0000000098d00000, 0x0000000098d00000|100%| O|  |TAMS 0x0000000098c00000| PB 0x0000000098c00000| Untracked 
| 397|0x0000000098d00000, 0x0000000098e00000, 0x0000000098e00000|100%| O|  |TAMS 0x0000000098d00000| PB 0x0000000098d00000| Untracked 
| 398|0x0000000098e00000, 0x0000000098f00000, 0x0000000098f00000|100%| O|  |TAMS 0x0000000098e00000| PB 0x0000000098e00000| Untracked 
| 399|0x0000000098f00000, 0x0000000099000000, 0x0000000099000000|100%| O|  |TAMS 0x0000000098f00000| PB 0x0000000098f00000| Untracked 
| 400|0x0000000099000000, 0x0000000099100000, 0x0000000099100000|100%| O|  |TAMS 0x0000000099000000| PB 0x0000000099000000| Untracked 
| 401|0x0000000099100000, 0x0000000099200000, 0x0000000099200000|100%| O|  |TAMS 0x0000000099100000| PB 0x0000000099100000| Untracked 
| 402|0x0000000099200000, 0x0000000099300000, 0x0000000099300000|100%| O|  |TAMS 0x0000000099200000| PB 0x0000000099200000| Untracked 
| 403|0x0000000099300000, 0x0000000099400000, 0x0000000099400000|100%| O|  |TAMS 0x0000000099300000| PB 0x0000000099300000| Untracked 
| 404|0x0000000099400000, 0x0000000099500000, 0x0000000099500000|100%| O|  |TAMS 0x0000000099400000| PB 0x0000000099400000| Untracked 
| 405|0x0000000099500000, 0x0000000099600000, 0x0000000099600000|100%| O|  |TAMS 0x0000000099500000| PB 0x0000000099500000| Untracked 
| 406|0x0000000099600000, 0x0000000099700000, 0x0000000099700000|100%| O|  |TAMS 0x0000000099600000| PB 0x0000000099600000| Untracked 
| 407|0x0000000099700000, 0x0000000099800000, 0x0000000099800000|100%| O|  |TAMS 0x0000000099700000| PB 0x0000000099700000| Untracked 
| 408|0x0000000099800000, 0x0000000099800000, 0x0000000099900000|  0%| F|  |TAMS 0x0000000099800000| PB 0x0000000099800000| Untracked 
| 409|0x0000000099900000, 0x0000000099900000, 0x0000000099a00000|  0%| F|  |TAMS 0x0000000099900000| PB 0x0000000099900000| Untracked 
| 410|0x0000000099a00000, 0x0000000099a00000, 0x0000000099b00000|  0%| F|  |TAMS 0x0000000099a00000| PB 0x0000000099a00000| Untracked 
| 411|0x0000000099b00000, 0x0000000099b00000, 0x0000000099c00000|  0%| F|  |TAMS 0x0000000099b00000| PB 0x0000000099b00000| Untracked 
| 412|0x0000000099c00000, 0x0000000099d00000, 0x0000000099d00000|100%| O|  |TAMS 0x0000000099c00000| PB 0x0000000099c00000| Untracked 
| 413|0x0000000099d00000, 0x0000000099d00000, 0x0000000099e00000|  0%| F|  |TAMS 0x0000000099d00000| PB 0x0000000099d00000| Untracked 
| 414|0x0000000099e00000, 0x0000000099e00000, 0x0000000099f00000|  0%| F|  |TAMS 0x0000000099e00000| PB 0x0000000099e00000| Untracked 
| 415|0x0000000099f00000, 0x0000000099f00000, 0x000000009a000000|  0%| F|  |TAMS 0x0000000099f00000| PB 0x0000000099f00000| Untracked 
| 416|0x000000009a000000, 0x000000009a000000, 0x000000009a100000|  0%| F|  |TAMS 0x000000009a000000| PB 0x000000009a000000| Untracked 
| 417|0x000000009a100000, 0x000000009a100000, 0x000000009a200000|  0%| F|  |TAMS 0x000000009a100000| PB 0x000000009a100000| Untracked 
| 418|0x000000009a200000, 0x000000009a300000, 0x000000009a300000|100%| O|  |TAMS 0x000000009a200000| PB 0x000000009a200000| Untracked 
| 419|0x000000009a300000, 0x000000009a300000, 0x000000009a400000|  0%| F|  |TAMS 0x000000009a300000| PB 0x000000009a300000| Untracked 
| 420|0x000000009a400000, 0x000000009a400000, 0x000000009a500000|  0%| F|  |TAMS 0x000000009a400000| PB 0x000000009a400000| Untracked 
| 421|0x000000009a500000, 0x000000009a500000, 0x000000009a600000|  0%| F|  |TAMS 0x000000009a500000| PB 0x000000009a500000| Untracked 
| 422|0x000000009a600000, 0x000000009a600000, 0x000000009a700000|  0%| F|  |TAMS 0x000000009a600000| PB 0x000000009a600000| Untracked 
| 423|0x000000009a700000, 0x000000009a800000, 0x000000009a800000|100%| O|  |TAMS 0x000000009a700000| PB 0x000000009a700000| Untracked 
| 424|0x000000009a800000, 0x000000009a900000, 0x000000009a900000|100%| O|  |TAMS 0x000000009a800000| PB 0x000000009a800000| Untracked 
| 425|0x000000009a900000, 0x000000009aa00000, 0x000000009aa00000|100%| O|  |TAMS 0x000000009a900000| PB 0x000000009a900000| Untracked 
| 426|0x000000009aa00000, 0x000000009ab00000, 0x000000009ab00000|100%| O|  |TAMS 0x000000009aa00000| PB 0x000000009aa00000| Untracked 
| 427|0x000000009ab00000, 0x000000009ac00000, 0x000000009ac00000|100%| O|  |TAMS 0x000000009ab00000| PB 0x000000009ab00000| Untracked 
| 428|0x000000009ac00000, 0x000000009ad00000, 0x000000009ad00000|100%| O|  |TAMS 0x000000009ac00000| PB 0x000000009ac00000| Untracked 
| 429|0x000000009ad00000, 0x000000009ae00000, 0x000000009ae00000|100%| O|  |TAMS 0x000000009ad00000| PB 0x000000009ad00000| Untracked 
| 430|0x000000009ae00000, 0x000000009af00000, 0x000000009af00000|100%| O|  |TAMS 0x000000009ae00000| PB 0x000000009ae00000| Untracked 
| 431|0x000000009af00000, 0x000000009b000000, 0x000000009b000000|100%| O|  |TAMS 0x000000009af00000| PB 0x000000009af00000| Untracked 
| 432|0x000000009b000000, 0x000000009b100000, 0x000000009b100000|100%| O|  |TAMS 0x000000009b000000| PB 0x000000009b000000| Untracked 
| 433|0x000000009b100000, 0x000000009b200000, 0x000000009b200000|100%| O|  |TAMS 0x000000009b100000| PB 0x000000009b100000| Untracked 
| 434|0x000000009b200000, 0x000000009b300000, 0x000000009b300000|100%| O|  |TAMS 0x000000009b200000| PB 0x000000009b200000| Untracked 
| 435|0x000000009b300000, 0x000000009b400000, 0x000000009b400000|100%| O|  |TAMS 0x000000009b300000| PB 0x000000009b300000| Untracked 
| 436|0x000000009b400000, 0x000000009b500000, 0x000000009b500000|100%| O|  |TAMS 0x000000009b400000| PB 0x000000009b400000| Untracked 
| 437|0x000000009b500000, 0x000000009b600000, 0x000000009b600000|100%| O|  |TAMS 0x000000009b500000| PB 0x000000009b500000| Untracked 
| 438|0x000000009b600000, 0x000000009b700000, 0x000000009b700000|100%| O|  |TAMS 0x000000009b600000| PB 0x000000009b600000| Untracked 
| 439|0x000000009b700000, 0x000000009b800000, 0x000000009b800000|100%| O|  |TAMS 0x000000009b700000| PB 0x000000009b700000| Untracked 
| 440|0x000000009b800000, 0x000000009b900000, 0x000000009b900000|100%| O|  |TAMS 0x000000009b800000| PB 0x000000009b800000| Untracked 
| 441|0x000000009b900000, 0x000000009ba00000, 0x000000009ba00000|100%| O|  |TAMS 0x000000009b900000| PB 0x000000009b900000| Untracked 
| 442|0x000000009ba00000, 0x000000009bb00000, 0x000000009bb00000|100%| O|  |TAMS 0x000000009ba00000| PB 0x000000009ba00000| Untracked 
| 443|0x000000009bb00000, 0x000000009bc00000, 0x000000009bc00000|100%| O|  |TAMS 0x000000009bb00000| PB 0x000000009bb00000| Untracked 
| 444|0x000000009bc00000, 0x000000009bd00000, 0x000000009bd00000|100%| O|  |TAMS 0x000000009bc00000| PB 0x000000009bc00000| Untracked 
| 445|0x000000009bd00000, 0x000000009be00000, 0x000000009be00000|100%| O|  |TAMS 0x000000009bd00000| PB 0x000000009bd00000| Untracked 
| 446|0x000000009be00000, 0x000000009bf00000, 0x000000009bf00000|100%| O|  |TAMS 0x000000009be00000| PB 0x000000009be00000| Untracked 
| 447|0x000000009bf00000, 0x000000009c000000, 0x000000009c000000|100%| O|Cm|TAMS 0x000000009bf00000| PB 0x000000009bf00000| Complete 
| 448|0x000000009c000000, 0x000000009c100000, 0x000000009c100000|100%| O|  |TAMS 0x000000009c000000| PB 0x000000009c000000| Untracked 
| 449|0x000000009c100000, 0x000000009c100000, 0x000000009c200000|  0%| F|  |TAMS 0x000000009c100000| PB 0x000000009c100000| Untracked 
| 450|0x000000009c200000, 0x000000009c300000, 0x000000009c300000|100%| O|Cm|TAMS 0x000000009c200000| PB 0x000000009c200000| Complete 
| 451|0x000000009c300000, 0x000000009c400000, 0x000000009c400000|100%| O|Cm|TAMS 0x000000009c300000| PB 0x000000009c300000| Complete 
| 452|0x000000009c400000, 0x000000009c500000, 0x000000009c500000|100%| O|  |TAMS 0x000000009c400000| PB 0x000000009c400000| Untracked 
| 453|0x000000009c500000, 0x000000009c600000, 0x000000009c600000|100%| O|  |TAMS 0x000000009c500000| PB 0x000000009c500000| Untracked 
| 454|0x000000009c600000, 0x000000009c600000, 0x000000009c700000|  0%| F|  |TAMS 0x000000009c600000| PB 0x000000009c600000| Untracked 
| 455|0x000000009c700000, 0x000000009c800000, 0x000000009c800000|100%| O|  |TAMS 0x000000009c700000| PB 0x000000009c700000| Untracked 
| 456|0x000000009c800000, 0x000000009c900000, 0x000000009c900000|100%| O|  |TAMS 0x000000009c800000| PB 0x000000009c800000| Untracked 
| 457|0x000000009c900000, 0x000000009ca00000, 0x000000009ca00000|100%| O|  |TAMS 0x000000009c900000| PB 0x000000009c900000| Untracked 
| 458|0x000000009ca00000, 0x000000009cb00000, 0x000000009cb00000|100%| O|  |TAMS 0x000000009ca00000| PB 0x000000009ca00000| Untracked 
| 459|0x000000009cb00000, 0x000000009cc00000, 0x000000009cc00000|100%| O|  |TAMS 0x000000009cb00000| PB 0x000000009cb00000| Untracked 
| 460|0x000000009cc00000, 0x000000009cd00000, 0x000000009cd00000|100%| O|  |TAMS 0x000000009cc00000| PB 0x000000009cc00000| Untracked 
| 461|0x000000009cd00000, 0x000000009ce00000, 0x000000009ce00000|100%| O|  |TAMS 0x000000009cd00000| PB 0x000000009cd00000| Untracked 
| 462|0x000000009ce00000, 0x000000009cf00000, 0x000000009cf00000|100%| O|  |TAMS 0x000000009ce00000| PB 0x000000009ce00000| Untracked 
| 463|0x000000009cf00000, 0x000000009d000000, 0x000000009d000000|100%| O|  |TAMS 0x000000009cf00000| PB 0x000000009cf00000| Untracked 
| 464|0x000000009d000000, 0x000000009d100000, 0x000000009d100000|100%| O|  |TAMS 0x000000009d000000| PB 0x000000009d000000| Untracked 
| 465|0x000000009d100000, 0x000000009d200000, 0x000000009d200000|100%| O|  |TAMS 0x000000009d100000| PB 0x000000009d100000| Untracked 
| 466|0x000000009d200000, 0x000000009d300000, 0x000000009d300000|100%| O|  |TAMS 0x000000009d200000| PB 0x000000009d200000| Untracked 
| 467|0x000000009d300000, 0x000000009d400000, 0x000000009d400000|100%| O|Cm|TAMS 0x000000009d300000| PB 0x000000009d300000| Complete 
| 468|0x000000009d400000, 0x000000009d500000, 0x000000009d500000|100%| O|  |TAMS 0x000000009d400000| PB 0x000000009d400000| Untracked 
| 469|0x000000009d500000, 0x000000009d600000, 0x000000009d600000|100%| O|  |TAMS 0x000000009d500000| PB 0x000000009d500000| Untracked 
| 470|0x000000009d600000, 0x000000009d700000, 0x000000009d700000|100%| O|  |TAMS 0x000000009d600000| PB 0x000000009d600000| Untracked 
| 471|0x000000009d700000, 0x000000009d700000, 0x000000009d800000|  0%| F|  |TAMS 0x000000009d700000| PB 0x000000009d700000| Untracked 
| 472|0x000000009d800000, 0x000000009d900000, 0x000000009d900000|100%| O|  |TAMS 0x000000009d800000| PB 0x000000009d800000| Untracked 
| 473|0x000000009d900000, 0x000000009da00000, 0x000000009da00000|100%| O|  |TAMS 0x000000009d900000| PB 0x000000009d900000| Untracked 
| 474|0x000000009da00000, 0x000000009db00000, 0x000000009db00000|100%| O|  |TAMS 0x000000009da00000| PB 0x000000009da00000| Untracked 
| 475|0x000000009db00000, 0x000000009db00000, 0x000000009dc00000|  0%| F|  |TAMS 0x000000009db00000| PB 0x000000009db00000| Untracked 
| 476|0x000000009dc00000, 0x000000009dd00000, 0x000000009dd00000|100%| O|Cm|TAMS 0x000000009dc00000| PB 0x000000009dc00000| Complete 
| 477|0x000000009dd00000, 0x000000009dd00000, 0x000000009de00000|  0%| F|  |TAMS 0x000000009dd00000| PB 0x000000009dd00000| Untracked 
| 478|0x000000009de00000, 0x000000009de00000, 0x000000009df00000|  0%| F|  |TAMS 0x000000009de00000| PB 0x000000009de00000| Untracked 
| 479|0x000000009df00000, 0x000000009df00000, 0x000000009e000000|  0%| F|  |TAMS 0x000000009df00000| PB 0x000000009df00000| Untracked 
| 480|0x000000009e000000, 0x000000009e000000, 0x000000009e100000|  0%| F|  |TAMS 0x000000009e000000| PB 0x000000009e000000| Untracked 
| 481|0x000000009e100000, 0x000000009e100000, 0x000000009e200000|  0%| F|  |TAMS 0x000000009e100000| PB 0x000000009e100000| Untracked 
| 482|0x000000009e200000, 0x000000009e200000, 0x000000009e300000|  0%| F|  |TAMS 0x000000009e200000| PB 0x000000009e200000| Untracked 
| 483|0x000000009e300000, 0x000000009e300000, 0x000000009e400000|  0%| F|  |TAMS 0x000000009e300000| PB 0x000000009e300000| Untracked 
| 484|0x000000009e400000, 0x000000009e400000, 0x000000009e500000|  0%| F|  |TAMS 0x000000009e400000| PB 0x000000009e400000| Untracked 
| 485|0x000000009e500000, 0x000000009e500000, 0x000000009e600000|  0%| F|  |TAMS 0x000000009e500000| PB 0x000000009e500000| Untracked 
| 486|0x000000009e600000, 0x000000009e600000, 0x000000009e700000|  0%| F|  |TAMS 0x000000009e600000| PB 0x000000009e600000| Untracked 
| 487|0x000000009e700000, 0x000000009e700000, 0x000000009e800000|  0%| F|  |TAMS 0x000000009e700000| PB 0x000000009e700000| Untracked 
| 488|0x000000009e800000, 0x000000009e800000, 0x000000009e900000|  0%| F|  |TAMS 0x000000009e800000| PB 0x000000009e800000| Untracked 
| 489|0x000000009e900000, 0x000000009e900000, 0x000000009ea00000|  0%| F|  |TAMS 0x000000009e900000| PB 0x000000009e900000| Untracked 
| 490|0x000000009ea00000, 0x000000009ea00000, 0x000000009eb00000|  0%| F|  |TAMS 0x000000009ea00000| PB 0x000000009ea00000| Untracked 
| 491|0x000000009eb00000, 0x000000009eb00000, 0x000000009ec00000|  0%| F|  |TAMS 0x000000009eb00000| PB 0x000000009eb00000| Untracked 
| 492|0x000000009ec00000, 0x000000009ec00000, 0x000000009ed00000|  0%| F|  |TAMS 0x000000009ec00000| PB 0x000000009ec00000| Untracked 
| 493|0x000000009ed00000, 0x000000009ed00000, 0x000000009ee00000|  0%| F|  |TAMS 0x000000009ed00000| PB 0x000000009ed00000| Untracked 
| 494|0x000000009ee00000, 0x000000009ee00000, 0x000000009ef00000|  0%| F|  |TAMS 0x000000009ee00000| PB 0x000000009ee00000| Untracked 
| 495|0x000000009ef00000, 0x000000009ef00000, 0x000000009f000000|  0%| F|  |TAMS 0x000000009ef00000| PB 0x000000009ef00000| Untracked 
| 496|0x000000009f000000, 0x000000009f000000, 0x000000009f100000|  0%| F|  |TAMS 0x000000009f000000| PB 0x000000009f000000| Untracked 
| 497|0x000000009f100000, 0x000000009f100000, 0x000000009f200000|  0%| F|  |TAMS 0x000000009f100000| PB 0x000000009f100000| Untracked 
| 498|0x000000009f200000, 0x000000009f200000, 0x000000009f300000|  0%| F|  |TAMS 0x000000009f200000| PB 0x000000009f200000| Untracked 
| 499|0x000000009f300000, 0x000000009f300000, 0x000000009f400000|  0%| F|  |TAMS 0x000000009f300000| PB 0x000000009f300000| Untracked 
| 500|0x000000009f400000, 0x000000009f400000, 0x000000009f500000|  0%| F|  |TAMS 0x000000009f400000| PB 0x000000009f400000| Untracked 
| 501|0x000000009f500000, 0x000000009f500000, 0x000000009f600000|  0%| F|  |TAMS 0x000000009f500000| PB 0x000000009f500000| Untracked 
| 502|0x000000009f600000, 0x000000009f600000, 0x000000009f700000|  0%| F|  |TAMS 0x000000009f600000| PB 0x000000009f600000| Untracked 
| 503|0x000000009f700000, 0x000000009f700000, 0x000000009f800000|  0%| F|  |TAMS 0x000000009f700000| PB 0x000000009f700000| Untracked 
| 504|0x000000009f800000, 0x000000009f900000, 0x000000009f900000|100%| S|CS|TAMS 0x000000009f800000| PB 0x000000009f800000| Complete 
| 505|0x000000009f900000, 0x000000009fa00000, 0x000000009fa00000|100%| S|CS|TAMS 0x000000009f900000| PB 0x000000009f900000| Complete 
| 506|0x000000009fa00000, 0x000000009fb00000, 0x000000009fb00000|100%| S|CS|TAMS 0x000000009fa00000| PB 0x000000009fa00000| Complete 
| 507|0x000000009fb00000, 0x000000009fc00000, 0x000000009fc00000|100%| S|CS|TAMS 0x000000009fb00000| PB 0x000000009fb00000| Complete 
| 508|0x000000009fc00000, 0x000000009fd00000, 0x000000009fd00000|100%| S|CS|TAMS 0x000000009fc00000| PB 0x000000009fc00000| Complete 
| 509|0x000000009fd00000, 0x000000009fe00000, 0x000000009fe00000|100%| S|CS|TAMS 0x000000009fd00000| PB 0x000000009fd00000| Complete 
| 510|0x000000009fe00000, 0x000000009ff00000, 0x000000009ff00000|100%| S|CS|TAMS 0x000000009fe00000| PB 0x000000009fe00000| Complete 
| 511|0x000000009ff00000, 0x00000000a0000000, 0x00000000a0000000|100%| S|CS|TAMS 0x000000009ff00000| PB 0x000000009ff00000| Complete 
| 512|0x00000000a0000000, 0x00000000a0100000, 0x00000000a0100000|100%| S|CS|TAMS 0x00000000a0000000| PB 0x00000000a0000000| Complete 
| 513|0x00000000a0100000, 0x00000000a0200000, 0x00000000a0200000|100%| S|CS|TAMS 0x00000000a0100000| PB 0x00000000a0100000| Complete 
| 514|0x00000000a0200000, 0x00000000a0300000, 0x00000000a0300000|100%| S|CS|TAMS 0x00000000a0200000| PB 0x00000000a0200000| Complete 
| 515|0x00000000a0300000, 0x00000000a0400000, 0x00000000a0400000|100%| S|CS|TAMS 0x00000000a0300000| PB 0x00000000a0300000| Complete 
| 516|0x00000000a0400000, 0x00000000a0500000, 0x00000000a0500000|100%| O|  |TAMS 0x00000000a0400000| PB 0x00000000a0400000| Untracked 
| 517|0x00000000a0500000, 0x00000000a0600000, 0x00000000a0600000|100%| O|  |TAMS 0x00000000a0500000| PB 0x00000000a0500000| Untracked 
| 518|0x00000000a0600000, 0x00000000a0700000, 0x00000000a0700000|100%| O|  |TAMS 0x00000000a0600000| PB 0x00000000a0600000| Untracked 
| 519|0x00000000a0700000, 0x00000000a0800000, 0x00000000a0800000|100%| S|CS|TAMS 0x00000000a0700000| PB 0x00000000a0700000| Complete 
| 520|0x00000000a0800000, 0x00000000a0900000, 0x00000000a0900000|100%| S|CS|TAMS 0x00000000a0800000| PB 0x00000000a0800000| Complete 
| 521|0x00000000a0900000, 0x00000000a0a00000, 0x00000000a0a00000|100%| O|  |TAMS 0x00000000a0900000| PB 0x00000000a0900000| Untracked 
| 522|0x00000000a0a00000, 0x00000000a0b00000, 0x00000000a0b00000|100%| S|CS|TAMS 0x00000000a0a00000| PB 0x00000000a0a00000| Complete 
| 523|0x00000000a0b00000, 0x00000000a0c00000, 0x00000000a0c00000|100%| S|CS|TAMS 0x00000000a0b00000| PB 0x00000000a0b00000| Complete 
| 524|0x00000000a0c00000, 0x00000000a0d00000, 0x00000000a0d00000|100%| S|CS|TAMS 0x00000000a0c00000| PB 0x00000000a0c00000| Complete 
| 525|0x00000000a0d00000, 0x00000000a0e00000, 0x00000000a0e00000|100%| S|CS|TAMS 0x00000000a0d00000| PB 0x00000000a0d00000| Complete 
| 526|0x00000000a0e00000, 0x00000000a0f00000, 0x00000000a0f00000|100%| S|CS|TAMS 0x00000000a0e00000| PB 0x00000000a0e00000| Complete 
| 527|0x00000000a0f00000, 0x00000000a1000000, 0x00000000a1000000|100%| S|CS|TAMS 0x00000000a0f00000| PB 0x00000000a0f00000| Complete 
| 528|0x00000000a1000000, 0x00000000a1100000, 0x00000000a1100000|100%| O|  |TAMS 0x00000000a1000000| PB 0x00000000a1000000| Untracked 
| 529|0x00000000a1100000, 0x00000000a1200000, 0x00000000a1200000|100%| S|CS|TAMS 0x00000000a1100000| PB 0x00000000a1100000| Complete 
| 530|0x00000000a1200000, 0x00000000a1300000, 0x00000000a1300000|100%| S|CS|TAMS 0x00000000a1200000| PB 0x00000000a1200000| Complete 
| 531|0x00000000a1300000, 0x00000000a1400000, 0x00000000a1400000|100%| O|  |TAMS 0x00000000a1300000| PB 0x00000000a1300000| Untracked 
| 532|0x00000000a1400000, 0x00000000a1500000, 0x00000000a1500000|100%| O|  |TAMS 0x00000000a1400000| PB 0x00000000a1400000| Untracked 
| 533|0x00000000a1500000, 0x00000000a1600000, 0x00000000a1600000|100%| O|  |TAMS 0x00000000a1500000| PB 0x00000000a1500000| Untracked 
| 534|0x00000000a1600000, 0x00000000a1700000, 0x00000000a1700000|100%| O|  |TAMS 0x00000000a1600000| PB 0x00000000a1600000| Untracked 
| 535|0x00000000a1700000, 0x00000000a1800000, 0x00000000a1800000|100%| O|  |TAMS 0x00000000a1700000| PB 0x00000000a1700000| Untracked 
| 536|0x00000000a1800000, 0x00000000a1900000, 0x00000000a1900000|100%| S|CS|TAMS 0x00000000a1800000| PB 0x00000000a1800000| Complete 
| 537|0x00000000a1900000, 0x00000000a1a00000, 0x00000000a1a00000|100%| O|  |TAMS 0x00000000a1900000| PB 0x00000000a1900000| Untracked 
| 538|0x00000000a1a00000, 0x00000000a1b00000, 0x00000000a1b00000|100%| O|  |TAMS 0x00000000a1a00000| PB 0x00000000a1a00000| Untracked 
| 539|0x00000000a1b00000, 0x00000000a1c00000, 0x00000000a1c00000|100%| S|CS|TAMS 0x00000000a1b00000| PB 0x00000000a1b00000| Complete 
| 540|0x00000000a1c00000, 0x00000000a1d00000, 0x00000000a1d00000|100%| O|  |TAMS 0x00000000a1c00000| PB 0x00000000a1c00000| Untracked 
| 541|0x00000000a1d00000, 0x00000000a1e00000, 0x00000000a1e00000|100%| S|CS|TAMS 0x00000000a1d00000| PB 0x00000000a1d00000| Complete 
| 542|0x00000000a1e00000, 0x00000000a1f00000, 0x00000000a1f00000|100%| O|  |TAMS 0x00000000a1e00000| PB 0x00000000a1e00000| Untracked 
| 543|0x00000000a1f00000, 0x00000000a2000000, 0x00000000a2000000|100%| O|  |TAMS 0x00000000a1f00000| PB 0x00000000a1f00000| Untracked 
| 544|0x00000000a2000000, 0x00000000a2100000, 0x00000000a2100000|100%| O|  |TAMS 0x00000000a2000000| PB 0x00000000a2000000| Untracked 
| 545|0x00000000a2100000, 0x00000000a2100000, 0x00000000a2200000|  0%| F|  |TAMS 0x00000000a2100000| PB 0x00000000a2100000| Untracked 
| 546|0x00000000a2200000, 0x00000000a2300000, 0x00000000a2300000|100%| O|  |TAMS 0x00000000a2200000| PB 0x00000000a2200000| Untracked 
| 547|0x00000000a2300000, 0x00000000a2300000, 0x00000000a2400000|  0%| F|  |TAMS 0x00000000a2300000| PB 0x00000000a2300000| Untracked 
| 548|0x00000000a2400000, 0x00000000a2400000, 0x00000000a2500000|  0%| F|  |TAMS 0x00000000a2400000| PB 0x00000000a2400000| Untracked 
| 549|0x00000000a2500000, 0x00000000a2600000, 0x00000000a2600000|100%| O|  |TAMS 0x00000000a2500000| PB 0x00000000a2500000| Untracked 
| 550|0x00000000a2600000, 0x00000000a2600000, 0x00000000a2700000|  0%| F|  |TAMS 0x00000000a2600000| PB 0x00000000a2600000| Untracked 
| 551|0x00000000a2700000, 0x00000000a2700000, 0x00000000a2800000|  0%| F|  |TAMS 0x00000000a2700000| PB 0x00000000a2700000| Untracked 
| 552|0x00000000a2800000, 0x00000000a2800000, 0x00000000a2900000|  0%| F|  |TAMS 0x00000000a2800000| PB 0x00000000a2800000| Untracked 
| 553|0x00000000a2900000, 0x00000000a2900000, 0x00000000a2a00000|  0%| F|  |TAMS 0x00000000a2900000| PB 0x00000000a2900000| Untracked 
| 554|0x00000000a2a00000, 0x00000000a2b00000, 0x00000000a2b00000|100%| O|  |TAMS 0x00000000a2a00000| PB 0x00000000a2a00000| Untracked 
| 555|0x00000000a2b00000, 0x00000000a2b00000, 0x00000000a2c00000|  0%| F|  |TAMS 0x00000000a2b00000| PB 0x00000000a2b00000| Untracked 
| 556|0x00000000a2c00000, 0x00000000a2c00000, 0x00000000a2d00000|  0%| F|  |TAMS 0x00000000a2c00000| PB 0x00000000a2c00000| Untracked 
| 557|0x00000000a2d00000, 0x00000000a2e00000, 0x00000000a2e00000|100%| O|  |TAMS 0x00000000a2d00000| PB 0x00000000a2d00000| Untracked 
| 558|0x00000000a2e00000, 0x00000000a2f00000, 0x00000000a2f00000|100%| O|  |TAMS 0x00000000a2e00000| PB 0x00000000a2e00000| Untracked 
| 559|0x00000000a2f00000, 0x00000000a2f00000, 0x00000000a3000000|  0%| F|  |TAMS 0x00000000a2f00000| PB 0x00000000a2f00000| Untracked 
| 560|0x00000000a3000000, 0x00000000a3100000, 0x00000000a3100000|100%| O|Cm|TAMS 0x00000000a3000000| PB 0x00000000a3000000| Complete 
| 561|0x00000000a3100000, 0x00000000a3100000, 0x00000000a3200000|  0%| F|  |TAMS 0x00000000a3100000| PB 0x00000000a3100000| Untracked 
| 562|0x00000000a3200000, 0x00000000a3200000, 0x00000000a3300000|  0%| F|  |TAMS 0x00000000a3200000| PB 0x00000000a3200000| Untracked 
| 563|0x00000000a3300000, 0x00000000a3300000, 0x00000000a3400000|  0%| F|  |TAMS 0x00000000a3300000| PB 0x00000000a3300000| Untracked 
| 564|0x00000000a3400000, 0x00000000a3400000, 0x00000000a3500000|  0%| F|  |TAMS 0x00000000a3400000| PB 0x00000000a3400000| Untracked 
| 565|0x00000000a3500000, 0x00000000a3500000, 0x00000000a3600000|  0%| F|  |TAMS 0x00000000a3500000| PB 0x00000000a3500000| Untracked 
| 566|0x00000000a3600000, 0x00000000a3600000, 0x00000000a3700000|  0%| F|  |TAMS 0x00000000a3600000| PB 0x00000000a3600000| Untracked 
| 567|0x00000000a3700000, 0x00000000a3700000, 0x00000000a3800000|  0%| F|  |TAMS 0x00000000a3700000| PB 0x00000000a3700000| Untracked 
| 568|0x00000000a3800000, 0x00000000a3800000, 0x00000000a3900000|  0%| F|  |TAMS 0x00000000a3800000| PB 0x00000000a3800000| Untracked 
| 569|0x00000000a3900000, 0x00000000a3900000, 0x00000000a3a00000|  0%| F|  |TAMS 0x00000000a3900000| PB 0x00000000a3900000| Untracked 
| 570|0x00000000a3a00000, 0x00000000a3a00000, 0x00000000a3b00000|  0%| F|  |TAMS 0x00000000a3a00000| PB 0x00000000a3a00000| Untracked 
| 571|0x00000000a3b00000, 0x00000000a3b00000, 0x00000000a3c00000|  0%| F|  |TAMS 0x00000000a3b00000| PB 0x00000000a3b00000| Untracked 
| 572|0x00000000a3c00000, 0x00000000a3c00000, 0x00000000a3d00000|  0%| F|  |TAMS 0x00000000a3c00000| PB 0x00000000a3c00000| Untracked 
| 573|0x00000000a3d00000, 0x00000000a3d00000, 0x00000000a3e00000|  0%| F|  |TAMS 0x00000000a3d00000| PB 0x00000000a3d00000| Untracked 
| 574|0x00000000a3e00000, 0x00000000a3e00000, 0x00000000a3f00000|  0%| F|  |TAMS 0x00000000a3e00000| PB 0x00000000a3e00000| Untracked 
| 575|0x00000000a3f00000, 0x00000000a3f00000, 0x00000000a4000000|  0%| F|  |TAMS 0x00000000a3f00000| PB 0x00000000a3f00000| Untracked 
| 576|0x00000000a4000000, 0x00000000a4000000, 0x00000000a4100000|  0%| F|  |TAMS 0x00000000a4000000| PB 0x00000000a4000000| Untracked 
| 577|0x00000000a4100000, 0x00000000a4100000, 0x00000000a4200000|  0%| F|  |TAMS 0x00000000a4100000| PB 0x00000000a4100000| Untracked 
| 578|0x00000000a4200000, 0x00000000a4200000, 0x00000000a4300000|  0%| F|  |TAMS 0x00000000a4200000| PB 0x00000000a4200000| Untracked 
| 579|0x00000000a4300000, 0x00000000a4300000, 0x00000000a4400000|  0%| F|  |TAMS 0x00000000a4300000| PB 0x00000000a4300000| Untracked 
| 580|0x00000000a4400000, 0x00000000a4400000, 0x00000000a4500000|  0%| F|  |TAMS 0x00000000a4400000| PB 0x00000000a4400000| Untracked 
| 581|0x00000000a4500000, 0x00000000a4500000, 0x00000000a4600000|  0%| F|  |TAMS 0x00000000a4500000| PB 0x00000000a4500000| Untracked 
| 582|0x00000000a4600000, 0x00000000a4600000, 0x00000000a4700000|  0%| F|  |TAMS 0x00000000a4600000| PB 0x00000000a4600000| Untracked 
| 583|0x00000000a4700000, 0x00000000a4700000, 0x00000000a4800000|  0%| F|  |TAMS 0x00000000a4700000| PB 0x00000000a4700000| Untracked 
| 584|0x00000000a4800000, 0x00000000a4800000, 0x00000000a4900000|  0%| F|  |TAMS 0x00000000a4800000| PB 0x00000000a4800000| Untracked 
| 585|0x00000000a4900000, 0x00000000a4900000, 0x00000000a4a00000|  0%| F|  |TAMS 0x00000000a4900000| PB 0x00000000a4900000| Untracked 
| 586|0x00000000a4a00000, 0x00000000a4a00000, 0x00000000a4b00000|  0%| F|  |TAMS 0x00000000a4a00000| PB 0x00000000a4a00000| Untracked 
| 587|0x00000000a4b00000, 0x00000000a4b00000, 0x00000000a4c00000|  0%| F|  |TAMS 0x00000000a4b00000| PB 0x00000000a4b00000| Untracked 
| 588|0x00000000a4c00000, 0x00000000a4c00000, 0x00000000a4d00000|  0%| F|  |TAMS 0x00000000a4c00000| PB 0x00000000a4c00000| Untracked 
| 589|0x00000000a4d00000, 0x00000000a4d00000, 0x00000000a4e00000|  0%| F|  |TAMS 0x00000000a4d00000| PB 0x00000000a4d00000| Untracked 
| 590|0x00000000a4e00000, 0x00000000a4e00000, 0x00000000a4f00000|  0%| F|  |TAMS 0x00000000a4e00000| PB 0x00000000a4e00000| Untracked 
| 591|0x00000000a4f00000, 0x00000000a4f00000, 0x00000000a5000000|  0%| F|  |TAMS 0x00000000a4f00000| PB 0x00000000a4f00000| Untracked 
| 592|0x00000000a5000000, 0x00000000a5000000, 0x00000000a5100000|  0%| F|  |TAMS 0x00000000a5000000| PB 0x00000000a5000000| Untracked 
| 593|0x00000000a5100000, 0x00000000a5200000, 0x00000000a5200000|100%| O|  |TAMS 0x00000000a5100000| PB 0x00000000a5100000| Untracked 
| 594|0x00000000a5200000, 0x00000000a5300000, 0x00000000a5300000|100%| O|  |TAMS 0x00000000a5200000| PB 0x00000000a5200000| Untracked 
| 595|0x00000000a5300000, 0x00000000a5400000, 0x00000000a5400000|100%| O|  |TAMS 0x00000000a5300000| PB 0x00000000a5300000| Untracked 
| 596|0x00000000a5400000, 0x00000000a5500000, 0x00000000a5500000|100%| O|  |TAMS 0x00000000a5400000| PB 0x00000000a5400000| Untracked 
| 597|0x00000000a5500000, 0x00000000a5500000, 0x00000000a5600000|  0%| F|  |TAMS 0x00000000a5500000| PB 0x00000000a5500000| Untracked 
| 598|0x00000000a5600000, 0x00000000a5700000, 0x00000000a5700000|100%| O|  |TAMS 0x00000000a5600000| PB 0x00000000a5600000| Untracked 
| 599|0x00000000a5700000, 0x00000000a5800000, 0x00000000a5800000|100%| O|  |TAMS 0x00000000a5700000| PB 0x00000000a5700000| Untracked 
| 600|0x00000000a5800000, 0x00000000a5900000, 0x00000000a5900000|100%| O|  |TAMS 0x00000000a5800000| PB 0x00000000a5800000| Untracked 
| 601|0x00000000a5900000, 0x00000000a5900000, 0x00000000a5a00000|  0%| F|  |TAMS 0x00000000a5900000| PB 0x00000000a5900000| Untracked 
| 602|0x00000000a5a00000, 0x00000000a5b00000, 0x00000000a5b00000|100%| O|  |TAMS 0x00000000a5a00000| PB 0x00000000a5a00000| Untracked 
| 603|0x00000000a5b00000, 0x00000000a5c00000, 0x00000000a5c00000|100%| O|  |TAMS 0x00000000a5b00000| PB 0x00000000a5b00000| Untracked 
| 604|0x00000000a5c00000, 0x00000000a5d00000, 0x00000000a5d00000|100%| O|  |TAMS 0x00000000a5c00000| PB 0x00000000a5c00000| Untracked 
| 605|0x00000000a5d00000, 0x00000000a5e00000, 0x00000000a5e00000|100%| O|  |TAMS 0x00000000a5d00000| PB 0x00000000a5d00000| Untracked 
| 606|0x00000000a5e00000, 0x00000000a5f00000, 0x00000000a5f00000|100%| O|  |TAMS 0x00000000a5e00000| PB 0x00000000a5e00000| Untracked 
| 607|0x00000000a5f00000, 0x00000000a6000000, 0x00000000a6000000|100%| O|  |TAMS 0x00000000a5f00000| PB 0x00000000a5f00000| Untracked 
| 608|0x00000000a6000000, 0x00000000a6100000, 0x00000000a6100000|100%| O|Cm|TAMS 0x00000000a6000000| PB 0x00000000a6000000| Complete 
| 609|0x00000000a6100000, 0x00000000a6200000, 0x00000000a6200000|100%| O|  |TAMS 0x00000000a6100000| PB 0x00000000a6100000| Untracked 
| 610|0x00000000a6200000, 0x00000000a6300000, 0x00000000a6300000|100%| O|  |TAMS 0x00000000a6200000| PB 0x00000000a6200000| Untracked 
| 611|0x00000000a6300000, 0x00000000a6400000, 0x00000000a6400000|100%| O|  |TAMS 0x00000000a6300000| PB 0x00000000a6300000| Untracked 
| 612|0x00000000a6400000, 0x00000000a6400000, 0x00000000a6500000|  0%| F|  |TAMS 0x00000000a6400000| PB 0x00000000a6400000| Untracked 
| 613|0x00000000a6500000, 0x00000000a6600000, 0x00000000a6600000|100%| O|  |TAMS 0x00000000a6500000| PB 0x00000000a6500000| Untracked 
| 614|0x00000000a6600000, 0x00000000a6600000, 0x00000000a6700000|  0%| F|  |TAMS 0x00000000a6600000| PB 0x00000000a6600000| Untracked 
| 615|0x00000000a6700000, 0x00000000a6800000, 0x00000000a6800000|100%| O|  |TAMS 0x00000000a6700000| PB 0x00000000a6700000| Untracked 
| 616|0x00000000a6800000, 0x00000000a6800000, 0x00000000a6900000|  0%| F|  |TAMS 0x00000000a6800000| PB 0x00000000a6800000| Untracked 
| 617|0x00000000a6900000, 0x00000000a6a00000, 0x00000000a6a00000|100%| O|  |TAMS 0x00000000a6900000| PB 0x00000000a6900000| Untracked 
| 618|0x00000000a6a00000, 0x00000000a6b00000, 0x00000000a6b00000|100%| O|  |TAMS 0x00000000a6a00000| PB 0x00000000a6a00000| Untracked 
| 619|0x00000000a6b00000, 0x00000000a6c00000, 0x00000000a6c00000|100%| O|  |TAMS 0x00000000a6b00000| PB 0x00000000a6b00000| Untracked 
| 620|0x00000000a6c00000, 0x00000000a6d00000, 0x00000000a6d00000|100%| O|  |TAMS 0x00000000a6c00000| PB 0x00000000a6c00000| Untracked 
| 621|0x00000000a6d00000, 0x00000000a6e00000, 0x00000000a6e00000|100%| O|  |TAMS 0x00000000a6d00000| PB 0x00000000a6d00000| Untracked 
| 622|0x00000000a6e00000, 0x00000000a6e00000, 0x00000000a6f00000|  0%| F|  |TAMS 0x00000000a6e00000| PB 0x00000000a6e00000| Untracked 
| 623|0x00000000a6f00000, 0x00000000a6f00000, 0x00000000a7000000|  0%| F|  |TAMS 0x00000000a6f00000| PB 0x00000000a6f00000| Untracked 
| 624|0x00000000a7000000, 0x00000000a7000000, 0x00000000a7100000|  0%| F|  |TAMS 0x00000000a7000000| PB 0x00000000a7000000| Untracked 
| 625|0x00000000a7100000, 0x00000000a7100000, 0x00000000a7200000|  0%| F|  |TAMS 0x00000000a7100000| PB 0x00000000a7100000| Untracked 
| 626|0x00000000a7200000, 0x00000000a7200000, 0x00000000a7300000|  0%| F|  |TAMS 0x00000000a7200000| PB 0x00000000a7200000| Untracked 
| 627|0x00000000a7300000, 0x00000000a7300000, 0x00000000a7400000|  0%| F|  |TAMS 0x00000000a7300000| PB 0x00000000a7300000| Untracked 
| 628|0x00000000a7400000, 0x00000000a7400000, 0x00000000a7500000|  0%| F|  |TAMS 0x00000000a7400000| PB 0x00000000a7400000| Untracked 
| 629|0x00000000a7500000, 0x00000000a7500000, 0x00000000a7600000|  0%| F|  |TAMS 0x00000000a7500000| PB 0x00000000a7500000| Untracked 
| 630|0x00000000a7600000, 0x00000000a7600000, 0x00000000a7700000|  0%| F|  |TAMS 0x00000000a7600000| PB 0x00000000a7600000| Untracked 
| 631|0x00000000a7700000, 0x00000000a7700000, 0x00000000a7800000|  0%| F|  |TAMS 0x00000000a7700000| PB 0x00000000a7700000| Untracked 
| 632|0x00000000a7800000, 0x00000000a7800000, 0x00000000a7900000|  0%| F|  |TAMS 0x00000000a7800000| PB 0x00000000a7800000| Untracked 
| 633|0x00000000a7900000, 0x00000000a7900000, 0x00000000a7a00000|  0%| F|  |TAMS 0x00000000a7900000| PB 0x00000000a7900000| Untracked 
| 634|0x00000000a7a00000, 0x00000000a7a00000, 0x00000000a7b00000|  0%| F|  |TAMS 0x00000000a7a00000| PB 0x00000000a7a00000| Untracked 
| 635|0x00000000a7b00000, 0x00000000a7b00000, 0x00000000a7c00000|  0%| F|  |TAMS 0x00000000a7b00000| PB 0x00000000a7b00000| Untracked 
| 636|0x00000000a7c00000, 0x00000000a7c00000, 0x00000000a7d00000|  0%| F|  |TAMS 0x00000000a7c00000| PB 0x00000000a7c00000| Untracked 
| 637|0x00000000a7d00000, 0x00000000a7d00000, 0x00000000a7e00000|  0%| F|  |TAMS 0x00000000a7d00000| PB 0x00000000a7d00000| Untracked 
| 638|0x00000000a7e00000, 0x00000000a7e00000, 0x00000000a7f00000|  0%| F|  |TAMS 0x00000000a7e00000| PB 0x00000000a7e00000| Untracked 
| 639|0x00000000a7f00000, 0x00000000a7f00000, 0x00000000a8000000|  0%| F|  |TAMS 0x00000000a7f00000| PB 0x00000000a7f00000| Untracked 
| 640|0x00000000a8000000, 0x00000000a8000000, 0x00000000a8100000|  0%| F|  |TAMS 0x00000000a8000000| PB 0x00000000a8000000| Untracked 
| 641|0x00000000a8100000, 0x00000000a8100000, 0x00000000a8200000|  0%| F|  |TAMS 0x00000000a8100000| PB 0x00000000a8100000| Untracked 
| 642|0x00000000a8200000, 0x00000000a8200000, 0x00000000a8300000|  0%| F|  |TAMS 0x00000000a8200000| PB 0x00000000a8200000| Untracked 
| 643|0x00000000a8300000, 0x00000000a8300000, 0x00000000a8400000|  0%| F|  |TAMS 0x00000000a8300000| PB 0x00000000a8300000| Untracked 
| 644|0x00000000a8400000, 0x00000000a8400000, 0x00000000a8500000|  0%| F|  |TAMS 0x00000000a8400000| PB 0x00000000a8400000| Untracked 
| 645|0x00000000a8500000, 0x00000000a8500000, 0x00000000a8600000|  0%| F|  |TAMS 0x00000000a8500000| PB 0x00000000a8500000| Untracked 
| 646|0x00000000a8600000, 0x00000000a8600000, 0x00000000a8700000|  0%| F|  |TAMS 0x00000000a8600000| PB 0x00000000a8600000| Untracked 
| 647|0x00000000a8700000, 0x00000000a8700000, 0x00000000a8800000|  0%| F|  |TAMS 0x00000000a8700000| PB 0x00000000a8700000| Untracked 
| 648|0x00000000a8800000, 0x00000000a8800000, 0x00000000a8900000|  0%| F|  |TAMS 0x00000000a8800000| PB 0x00000000a8800000| Untracked 
| 649|0x00000000a8900000, 0x00000000a8900000, 0x00000000a8a00000|  0%| F|  |TAMS 0x00000000a8900000| PB 0x00000000a8900000| Untracked 
| 650|0x00000000a8a00000, 0x00000000a8a00000, 0x00000000a8b00000|  0%| F|  |TAMS 0x00000000a8a00000| PB 0x00000000a8a00000| Untracked 
| 651|0x00000000a8b00000, 0x00000000a8b00000, 0x00000000a8c00000|  0%| F|  |TAMS 0x00000000a8b00000| PB 0x00000000a8b00000| Untracked 
| 652|0x00000000a8c00000, 0x00000000a8c00000, 0x00000000a8d00000|  0%| F|  |TAMS 0x00000000a8c00000| PB 0x00000000a8c00000| Untracked 
| 653|0x00000000a8d00000, 0x00000000a8d00000, 0x00000000a8e00000|  0%| F|  |TAMS 0x00000000a8d00000| PB 0x00000000a8d00000| Untracked 
| 654|0x00000000a8e00000, 0x00000000a8e00000, 0x00000000a8f00000|  0%| F|  |TAMS 0x00000000a8e00000| PB 0x00000000a8e00000| Untracked 
| 655|0x00000000a8f00000, 0x00000000a8f00000, 0x00000000a9000000|  0%| F|  |TAMS 0x00000000a8f00000| PB 0x00000000a8f00000| Untracked 
| 656|0x00000000a9000000, 0x00000000a9000000, 0x00000000a9100000|  0%| F|  |TAMS 0x00000000a9000000| PB 0x00000000a9000000| Untracked 
| 657|0x00000000a9100000, 0x00000000a9100000, 0x00000000a9200000|  0%| F|  |TAMS 0x00000000a9100000| PB 0x00000000a9100000| Untracked 
| 658|0x00000000a9200000, 0x00000000a9200000, 0x00000000a9300000|  0%| F|  |TAMS 0x00000000a9200000| PB 0x00000000a9200000| Untracked 
| 659|0x00000000a9300000, 0x00000000a9300000, 0x00000000a9400000|  0%| F|  |TAMS 0x00000000a9300000| PB 0x00000000a9300000| Untracked 
| 660|0x00000000a9400000, 0x00000000a9400000, 0x00000000a9500000|  0%| F|  |TAMS 0x00000000a9400000| PB 0x00000000a9400000| Untracked 
| 661|0x00000000a9500000, 0x00000000a9500000, 0x00000000a9600000|  0%| F|  |TAMS 0x00000000a9500000| PB 0x00000000a9500000| Untracked 
| 662|0x00000000a9600000, 0x00000000a9600000, 0x00000000a9700000|  0%| F|  |TAMS 0x00000000a9600000| PB 0x00000000a9600000| Untracked 
| 663|0x00000000a9700000, 0x00000000a9700000, 0x00000000a9800000|  0%| F|  |TAMS 0x00000000a9700000| PB 0x00000000a9700000| Untracked 
| 664|0x00000000a9800000, 0x00000000a9800000, 0x00000000a9900000|  0%| F|  |TAMS 0x00000000a9800000| PB 0x00000000a9800000| Untracked 
| 665|0x00000000a9900000, 0x00000000a9900000, 0x00000000a9a00000|  0%| F|  |TAMS 0x00000000a9900000| PB 0x00000000a9900000| Untracked 
| 666|0x00000000a9a00000, 0x00000000a9a00000, 0x00000000a9b00000|  0%| F|  |TAMS 0x00000000a9a00000| PB 0x00000000a9a00000| Untracked 
| 667|0x00000000a9b00000, 0x00000000a9b00000, 0x00000000a9c00000|  0%| F|  |TAMS 0x00000000a9b00000| PB 0x00000000a9b00000| Untracked 
| 668|0x00000000a9c00000, 0x00000000a9c00000, 0x00000000a9d00000|  0%| F|  |TAMS 0x00000000a9c00000| PB 0x00000000a9c00000| Untracked 
| 669|0x00000000a9d00000, 0x00000000a9d00000, 0x00000000a9e00000|  0%| F|  |TAMS 0x00000000a9d00000| PB 0x00000000a9d00000| Untracked 
| 670|0x00000000a9e00000, 0x00000000a9e00000, 0x00000000a9f00000|  0%| F|  |TAMS 0x00000000a9e00000| PB 0x00000000a9e00000| Untracked 
| 671|0x00000000a9f00000, 0x00000000a9f00000, 0x00000000aa000000|  0%| F|  |TAMS 0x00000000a9f00000| PB 0x00000000a9f00000| Untracked 
| 672|0x00000000aa000000, 0x00000000aa000000, 0x00000000aa100000|  0%| F|  |TAMS 0x00000000aa000000| PB 0x00000000aa000000| Untracked 
| 673|0x00000000aa100000, 0x00000000aa100000, 0x00000000aa200000|  0%| F|  |TAMS 0x00000000aa100000| PB 0x00000000aa100000| Untracked 
| 674|0x00000000aa200000, 0x00000000aa200000, 0x00000000aa300000|  0%| F|  |TAMS 0x00000000aa200000| PB 0x00000000aa200000| Untracked 
| 675|0x00000000aa300000, 0x00000000aa300000, 0x00000000aa400000|  0%| F|  |TAMS 0x00000000aa300000| PB 0x00000000aa300000| Untracked 
| 676|0x00000000aa400000, 0x00000000aa500000, 0x00000000aa500000|100%| E|  |TAMS 0x00000000aa400000| PB 0x00000000aa400000| Complete 
| 677|0x00000000aa500000, 0x00000000aa600000, 0x00000000aa600000|100%| E|CS|TAMS 0x00000000aa500000| PB 0x00000000aa500000| Complete 
| 678|0x00000000aa600000, 0x00000000aa700000, 0x00000000aa700000|100%| E|CS|TAMS 0x00000000aa600000| PB 0x00000000aa600000| Complete 
| 679|0x00000000aa700000, 0x00000000aa800000, 0x00000000aa800000|100%| E|CS|TAMS 0x00000000aa700000| PB 0x00000000aa700000| Complete 
| 680|0x00000000aa800000, 0x00000000aa900000, 0x00000000aa900000|100%| E|CS|TAMS 0x00000000aa800000| PB 0x00000000aa800000| Complete 
| 681|0x00000000aa900000, 0x00000000aaa00000, 0x00000000aaa00000|100%| E|CS|TAMS 0x00000000aa900000| PB 0x00000000aa900000| Complete 
| 682|0x00000000aaa00000, 0x00000000aab00000, 0x00000000aab00000|100%| E|CS|TAMS 0x00000000aaa00000| PB 0x00000000aaa00000| Complete 
| 683|0x00000000aab00000, 0x00000000aac00000, 0x00000000aac00000|100%| E|CS|TAMS 0x00000000aab00000| PB 0x00000000aab00000| Complete 
| 684|0x00000000aac00000, 0x00000000aad00000, 0x00000000aad00000|100%| E|CS|TAMS 0x00000000aac00000| PB 0x00000000aac00000| Complete 
| 685|0x00000000aad00000, 0x00000000aae00000, 0x00000000aae00000|100%| E|CS|TAMS 0x00000000aad00000| PB 0x00000000aad00000| Complete 
| 686|0x00000000aae00000, 0x00000000aaf00000, 0x00000000aaf00000|100%| E|CS|TAMS 0x00000000aae00000| PB 0x00000000aae00000| Complete 
| 687|0x00000000aaf00000, 0x00000000ab000000, 0x00000000ab000000|100%| E|CS|TAMS 0x00000000aaf00000| PB 0x00000000aaf00000| Complete 
| 688|0x00000000ab000000, 0x00000000ab100000, 0x00000000ab100000|100%| E|CS|TAMS 0x00000000ab000000| PB 0x00000000ab000000| Complete 
| 689|0x00000000ab100000, 0x00000000ab200000, 0x00000000ab200000|100%| E|CS|TAMS 0x00000000ab100000| PB 0x00000000ab100000| Complete 
| 690|0x00000000ab200000, 0x00000000ab300000, 0x00000000ab300000|100%| E|CS|TAMS 0x00000000ab200000| PB 0x00000000ab200000| Complete 
| 691|0x00000000ab300000, 0x00000000ab400000, 0x00000000ab400000|100%| E|CS|TAMS 0x00000000ab300000| PB 0x00000000ab300000| Complete 
| 692|0x00000000ab400000, 0x00000000ab500000, 0x00000000ab500000|100%| E|CS|TAMS 0x00000000ab400000| PB 0x00000000ab400000| Complete 
| 693|0x00000000ab500000, 0x00000000ab600000, 0x00000000ab600000|100%| E|CS|TAMS 0x00000000ab500000| PB 0x00000000ab500000| Complete 
| 694|0x00000000ab600000, 0x00000000ab700000, 0x00000000ab700000|100%| E|CS|TAMS 0x00000000ab600000| PB 0x00000000ab600000| Complete 
| 695|0x00000000ab700000, 0x00000000ab800000, 0x00000000ab800000|100%| E|CS|TAMS 0x00000000ab700000| PB 0x00000000ab700000| Complete 
| 696|0x00000000ab800000, 0x00000000ab900000, 0x00000000ab900000|100%| E|CS|TAMS 0x00000000ab800000| PB 0x00000000ab800000| Complete 
| 697|0x00000000ab900000, 0x00000000aba00000, 0x00000000aba00000|100%| E|CS|TAMS 0x00000000ab900000| PB 0x00000000ab900000| Complete 
| 698|0x00000000aba00000, 0x00000000abb00000, 0x00000000abb00000|100%| E|CS|TAMS 0x00000000aba00000| PB 0x00000000aba00000| Complete 
| 699|0x00000000abb00000, 0x00000000abc00000, 0x00000000abc00000|100%| E|CS|TAMS 0x00000000abb00000| PB 0x00000000abb00000| Complete 
| 700|0x00000000abc00000, 0x00000000abd00000, 0x00000000abd00000|100%| E|CS|TAMS 0x00000000abc00000| PB 0x00000000abc00000| Complete 
| 701|0x00000000abd00000, 0x00000000abe00000, 0x00000000abe00000|100%| E|CS|TAMS 0x00000000abd00000| PB 0x00000000abd00000| Complete 
| 702|0x00000000abe00000, 0x00000000abf00000, 0x00000000abf00000|100%| E|CS|TAMS 0x00000000abe00000| PB 0x00000000abe00000| Complete 
| 703|0x00000000abf00000, 0x00000000ac000000, 0x00000000ac000000|100%| E|CS|TAMS 0x00000000abf00000| PB 0x00000000abf00000| Complete 
| 704|0x00000000ac000000, 0x00000000ac100000, 0x00000000ac100000|100%| E|CS|TAMS 0x00000000ac000000| PB 0x00000000ac000000| Complete 
| 705|0x00000000ac100000, 0x00000000ac200000, 0x00000000ac200000|100%| E|CS|TAMS 0x00000000ac100000| PB 0x00000000ac100000| Complete 
| 706|0x00000000ac200000, 0x00000000ac300000, 0x00000000ac300000|100%| E|CS|TAMS 0x00000000ac200000| PB 0x00000000ac200000| Complete 
| 707|0x00000000ac300000, 0x00000000ac400000, 0x00000000ac400000|100%| E|CS|TAMS 0x00000000ac300000| PB 0x00000000ac300000| Complete 
| 708|0x00000000ac400000, 0x00000000ac500000, 0x00000000ac500000|100%| E|CS|TAMS 0x00000000ac400000| PB 0x00000000ac400000| Complete 
| 709|0x00000000ac500000, 0x00000000ac600000, 0x00000000ac600000|100%| E|CS|TAMS 0x00000000ac500000| PB 0x00000000ac500000| Complete 
| 710|0x00000000ac600000, 0x00000000ac700000, 0x00000000ac700000|100%| E|CS|TAMS 0x00000000ac600000| PB 0x00000000ac600000| Complete 
| 711|0x00000000ac700000, 0x00000000ac800000, 0x00000000ac800000|100%| E|CS|TAMS 0x00000000ac700000| PB 0x00000000ac700000| Complete 
| 712|0x00000000ac800000, 0x00000000ac900000, 0x00000000ac900000|100%| E|CS|TAMS 0x00000000ac800000| PB 0x00000000ac800000| Complete 
| 713|0x00000000ac900000, 0x00000000aca00000, 0x00000000aca00000|100%| E|CS|TAMS 0x00000000ac900000| PB 0x00000000ac900000| Complete 
| 714|0x00000000aca00000, 0x00000000acb00000, 0x00000000acb00000|100%| E|CS|TAMS 0x00000000aca00000| PB 0x00000000aca00000| Complete 
| 715|0x00000000acb00000, 0x00000000acc00000, 0x00000000acc00000|100%| E|CS|TAMS 0x00000000acb00000| PB 0x00000000acb00000| Complete 
| 716|0x00000000acc00000, 0x00000000acd00000, 0x00000000acd00000|100%| E|CS|TAMS 0x00000000acc00000| PB 0x00000000acc00000| Complete 
| 717|0x00000000acd00000, 0x00000000ace00000, 0x00000000ace00000|100%| E|CS|TAMS 0x00000000acd00000| PB 0x00000000acd00000| Complete 
| 718|0x00000000ace00000, 0x00000000acf00000, 0x00000000acf00000|100%| E|CS|TAMS 0x00000000ace00000| PB 0x00000000ace00000| Complete 
| 719|0x00000000acf00000, 0x00000000ad000000, 0x00000000ad000000|100%| E|CS|TAMS 0x00000000acf00000| PB 0x00000000acf00000| Complete 
| 720|0x00000000ad000000, 0x00000000ad100000, 0x00000000ad100000|100%| E|CS|TAMS 0x00000000ad000000| PB 0x00000000ad000000| Complete 
| 721|0x00000000ad100000, 0x00000000ad200000, 0x00000000ad200000|100%| E|CS|TAMS 0x00000000ad100000| PB 0x00000000ad100000| Complete 
| 722|0x00000000ad200000, 0x00000000ad300000, 0x00000000ad300000|100%| E|CS|TAMS 0x00000000ad200000| PB 0x00000000ad200000| Complete 
| 723|0x00000000ad300000, 0x00000000ad400000, 0x00000000ad400000|100%| E|CS|TAMS 0x00000000ad300000| PB 0x00000000ad300000| Complete 
| 724|0x00000000ad400000, 0x00000000ad500000, 0x00000000ad500000|100%| E|CS|TAMS 0x00000000ad400000| PB 0x00000000ad400000| Complete 
| 725|0x00000000ad500000, 0x00000000ad600000, 0x00000000ad600000|100%| E|CS|TAMS 0x00000000ad500000| PB 0x00000000ad500000| Complete 
| 726|0x00000000ad600000, 0x00000000ad700000, 0x00000000ad700000|100%| E|CS|TAMS 0x00000000ad600000| PB 0x00000000ad600000| Complete 
| 727|0x00000000ad700000, 0x00000000ad800000, 0x00000000ad800000|100%| E|CS|TAMS 0x00000000ad700000| PB 0x00000000ad700000| Complete 
| 728|0x00000000ad800000, 0x00000000ad900000, 0x00000000ad900000|100%| E|CS|TAMS 0x00000000ad800000| PB 0x00000000ad800000| Complete 
| 729|0x00000000ad900000, 0x00000000ada00000, 0x00000000ada00000|100%| E|CS|TAMS 0x00000000ad900000| PB 0x00000000ad900000| Complete 
| 730|0x00000000ada00000, 0x00000000adb00000, 0x00000000adb00000|100%| E|CS|TAMS 0x00000000ada00000| PB 0x00000000ada00000| Complete 
| 731|0x00000000adb00000, 0x00000000adc00000, 0x00000000adc00000|100%| E|CS|TAMS 0x00000000adb00000| PB 0x00000000adb00000| Complete 
| 732|0x00000000adc00000, 0x00000000add00000, 0x00000000add00000|100%| E|CS|TAMS 0x00000000adc00000| PB 0x00000000adc00000| Complete 
| 733|0x00000000add00000, 0x00000000ade00000, 0x00000000ade00000|100%| E|CS|TAMS 0x00000000add00000| PB 0x00000000add00000| Complete 
| 734|0x00000000ade00000, 0x00000000adf00000, 0x00000000adf00000|100%| E|CS|TAMS 0x00000000ade00000| PB 0x00000000ade00000| Complete 
| 735|0x00000000adf00000, 0x00000000ae000000, 0x00000000ae000000|100%| E|CS|TAMS 0x00000000adf00000| PB 0x00000000adf00000| Complete 
| 736|0x00000000ae000000, 0x00000000ae100000, 0x00000000ae100000|100%| E|CS|TAMS 0x00000000ae000000| PB 0x00000000ae000000| Complete 
| 737|0x00000000ae100000, 0x00000000ae200000, 0x00000000ae200000|100%| E|CS|TAMS 0x00000000ae100000| PB 0x00000000ae100000| Complete 
| 738|0x00000000ae200000, 0x00000000ae300000, 0x00000000ae300000|100%| E|CS|TAMS 0x00000000ae200000| PB 0x00000000ae200000| Complete 
| 739|0x00000000ae300000, 0x00000000ae400000, 0x00000000ae400000|100%| E|CS|TAMS 0x00000000ae300000| PB 0x00000000ae300000| Complete 
| 740|0x00000000ae400000, 0x00000000ae500000, 0x00000000ae500000|100%| E|CS|TAMS 0x00000000ae400000| PB 0x00000000ae400000| Complete 
| 741|0x00000000ae500000, 0x00000000ae600000, 0x00000000ae600000|100%| E|CS|TAMS 0x00000000ae500000| PB 0x00000000ae500000| Complete 
| 742|0x00000000ae600000, 0x00000000ae700000, 0x00000000ae700000|100%| E|CS|TAMS 0x00000000ae600000| PB 0x00000000ae600000| Complete 
| 743|0x00000000ae700000, 0x00000000ae800000, 0x00000000ae800000|100%| E|CS|TAMS 0x00000000ae700000| PB 0x00000000ae700000| Complete 
| 744|0x00000000ae800000, 0x00000000ae900000, 0x00000000ae900000|100%| E|CS|TAMS 0x00000000ae800000| PB 0x00000000ae800000| Complete 
| 745|0x00000000ae900000, 0x00000000aea00000, 0x00000000aea00000|100%| E|CS|TAMS 0x00000000ae900000| PB 0x00000000ae900000| Complete 
| 746|0x00000000aea00000, 0x00000000aeb00000, 0x00000000aeb00000|100%| E|CS|TAMS 0x00000000aea00000| PB 0x00000000aea00000| Complete 
| 747|0x00000000aeb00000, 0x00000000aec00000, 0x00000000aec00000|100%| E|CS|TAMS 0x00000000aeb00000| PB 0x00000000aeb00000| Complete 
| 748|0x00000000aec00000, 0x00000000aed00000, 0x00000000aed00000|100%| E|CS|TAMS 0x00000000aec00000| PB 0x00000000aec00000| Complete 
| 749|0x00000000aed00000, 0x00000000aee00000, 0x00000000aee00000|100%| E|CS|TAMS 0x00000000aed00000| PB 0x00000000aed00000| Complete 
| 750|0x00000000aee00000, 0x00000000aef00000, 0x00000000aef00000|100%| E|CS|TAMS 0x00000000aee00000| PB 0x00000000aee00000| Complete 
| 751|0x00000000aef00000, 0x00000000af000000, 0x00000000af000000|100%| E|CS|TAMS 0x00000000aef00000| PB 0x00000000aef00000| Complete 
| 752|0x00000000af000000, 0x00000000af100000, 0x00000000af100000|100%| E|CS|TAMS 0x00000000af000000| PB 0x00000000af000000| Complete 
| 753|0x00000000af100000, 0x00000000af200000, 0x00000000af200000|100%| E|CS|TAMS 0x00000000af100000| PB 0x00000000af100000| Complete 
| 754|0x00000000af200000, 0x00000000af300000, 0x00000000af300000|100%| E|CS|TAMS 0x00000000af200000| PB 0x00000000af200000| Complete 
| 755|0x00000000af300000, 0x00000000af400000, 0x00000000af400000|100%| E|CS|TAMS 0x00000000af300000| PB 0x00000000af300000| Complete 
| 756|0x00000000af400000, 0x00000000af500000, 0x00000000af500000|100%| E|CS|TAMS 0x00000000af400000| PB 0x00000000af400000| Complete 
| 757|0x00000000af500000, 0x00000000af600000, 0x00000000af600000|100%| E|CS|TAMS 0x00000000af500000| PB 0x00000000af500000| Complete 
| 758|0x00000000af600000, 0x00000000af700000, 0x00000000af700000|100%| E|CS|TAMS 0x00000000af600000| PB 0x00000000af600000| Complete 
| 759|0x00000000af700000, 0x00000000af800000, 0x00000000af800000|100%| E|CS|TAMS 0x00000000af700000| PB 0x00000000af700000| Complete 
| 760|0x00000000af800000, 0x00000000af900000, 0x00000000af900000|100%| E|CS|TAMS 0x00000000af800000| PB 0x00000000af800000| Complete 
| 761|0x00000000af900000, 0x00000000afa00000, 0x00000000afa00000|100%| E|CS|TAMS 0x00000000af900000| PB 0x00000000af900000| Complete 
| 762|0x00000000afa00000, 0x00000000afb00000, 0x00000000afb00000|100%| E|CS|TAMS 0x00000000afa00000| PB 0x00000000afa00000| Complete 
| 763|0x00000000afb00000, 0x00000000afc00000, 0x00000000afc00000|100%| E|CS|TAMS 0x00000000afb00000| PB 0x00000000afb00000| Complete 
| 764|0x00000000afc00000, 0x00000000afd00000, 0x00000000afd00000|100%| E|CS|TAMS 0x00000000afc00000| PB 0x00000000afc00000| Complete 
| 765|0x00000000afd00000, 0x00000000afe00000, 0x00000000afe00000|100%| E|CS|TAMS 0x00000000afd00000| PB 0x00000000afd00000| Complete 
| 766|0x00000000afe00000, 0x00000000aff00000, 0x00000000aff00000|100%| E|CS|TAMS 0x00000000afe00000| PB 0x00000000afe00000| Complete 
| 767|0x00000000aff00000, 0x00000000b0000000, 0x00000000b0000000|100%| E|CS|TAMS 0x00000000aff00000| PB 0x00000000aff00000| Complete 
| 768|0x00000000b0000000, 0x00000000b0100000, 0x00000000b0100000|100%| E|CS|TAMS 0x00000000b0000000| PB 0x00000000b0000000| Complete 
| 769|0x00000000b0100000, 0x00000000b0200000, 0x00000000b0200000|100%| E|CS|TAMS 0x00000000b0100000| PB 0x00000000b0100000| Complete 
| 770|0x00000000b0200000, 0x00000000b0300000, 0x00000000b0300000|100%| E|CS|TAMS 0x00000000b0200000| PB 0x00000000b0200000| Complete 
| 771|0x00000000b0300000, 0x00000000b0400000, 0x00000000b0400000|100%| E|CS|TAMS 0x00000000b0300000| PB 0x00000000b0300000| Complete 
| 772|0x00000000b0400000, 0x00000000b0500000, 0x00000000b0500000|100%| E|CS|TAMS 0x00000000b0400000| PB 0x00000000b0400000| Complete 
| 773|0x00000000b0500000, 0x00000000b0600000, 0x00000000b0600000|100%| E|CS|TAMS 0x00000000b0500000| PB 0x00000000b0500000| Complete 
| 774|0x00000000b0600000, 0x00000000b0700000, 0x00000000b0700000|100%| E|CS|TAMS 0x00000000b0600000| PB 0x00000000b0600000| Complete 
| 775|0x00000000b0700000, 0x00000000b0800000, 0x00000000b0800000|100%| E|CS|TAMS 0x00000000b0700000| PB 0x00000000b0700000| Complete 
| 776|0x00000000b0800000, 0x00000000b0900000, 0x00000000b0900000|100%| E|CS|TAMS 0x00000000b0800000| PB 0x00000000b0800000| Complete 
| 777|0x00000000b0900000, 0x00000000b0a00000, 0x00000000b0a00000|100%| E|CS|TAMS 0x00000000b0900000| PB 0x00000000b0900000| Complete 
| 778|0x00000000b0a00000, 0x00000000b0b00000, 0x00000000b0b00000|100%| E|CS|TAMS 0x00000000b0a00000| PB 0x00000000b0a00000| Complete 
| 779|0x00000000b0b00000, 0x00000000b0c00000, 0x00000000b0c00000|100%| E|CS|TAMS 0x00000000b0b00000| PB 0x00000000b0b00000| Complete 
| 780|0x00000000b0c00000, 0x00000000b0d00000, 0x00000000b0d00000|100%| E|CS|TAMS 0x00000000b0c00000| PB 0x00000000b0c00000| Complete 
| 781|0x00000000b0d00000, 0x00000000b0e00000, 0x00000000b0e00000|100%| E|CS|TAMS 0x00000000b0d00000| PB 0x00000000b0d00000| Complete 
| 782|0x00000000b0e00000, 0x00000000b0f00000, 0x00000000b0f00000|100%| E|CS|TAMS 0x00000000b0e00000| PB 0x00000000b0e00000| Complete 
| 783|0x00000000b0f00000, 0x00000000b1000000, 0x00000000b1000000|100%| E|CS|TAMS 0x00000000b0f00000| PB 0x00000000b0f00000| Complete 
| 784|0x00000000b1000000, 0x00000000b1100000, 0x00000000b1100000|100%| E|CS|TAMS 0x00000000b1000000| PB 0x00000000b1000000| Complete 
| 785|0x00000000b1100000, 0x00000000b1200000, 0x00000000b1200000|100%| E|CS|TAMS 0x00000000b1100000| PB 0x00000000b1100000| Complete 
| 786|0x00000000b1200000, 0x00000000b1300000, 0x00000000b1300000|100%| E|CS|TAMS 0x00000000b1200000| PB 0x00000000b1200000| Complete 
| 787|0x00000000b1300000, 0x00000000b1400000, 0x00000000b1400000|100%| E|CS|TAMS 0x00000000b1300000| PB 0x00000000b1300000| Complete 
| 788|0x00000000b1400000, 0x00000000b1500000, 0x00000000b1500000|100%| E|CS|TAMS 0x00000000b1400000| PB 0x00000000b1400000| Complete 
| 789|0x00000000b1500000, 0x00000000b1600000, 0x00000000b1600000|100%| E|CS|TAMS 0x00000000b1500000| PB 0x00000000b1500000| Complete 
| 790|0x00000000b1600000, 0x00000000b1700000, 0x00000000b1700000|100%| E|CS|TAMS 0x00000000b1600000| PB 0x00000000b1600000| Complete 
| 791|0x00000000b1700000, 0x00000000b1800000, 0x00000000b1800000|100%| E|CS|TAMS 0x00000000b1700000| PB 0x00000000b1700000| Complete 
| 792|0x00000000b1800000, 0x00000000b1900000, 0x00000000b1900000|100%| E|CS|TAMS 0x00000000b1800000| PB 0x00000000b1800000| Complete 
| 793|0x00000000b1900000, 0x00000000b1a00000, 0x00000000b1a00000|100%| E|CS|TAMS 0x00000000b1900000| PB 0x00000000b1900000| Complete 
| 794|0x00000000b1a00000, 0x00000000b1b00000, 0x00000000b1b00000|100%| E|CS|TAMS 0x00000000b1a00000| PB 0x00000000b1a00000| Complete 
| 795|0x00000000b1b00000, 0x00000000b1c00000, 0x00000000b1c00000|100%| E|CS|TAMS 0x00000000b1b00000| PB 0x00000000b1b00000| Complete 
| 796|0x00000000b1c00000, 0x00000000b1d00000, 0x00000000b1d00000|100%| E|CS|TAMS 0x00000000b1c00000| PB 0x00000000b1c00000| Complete 
| 797|0x00000000b1d00000, 0x00000000b1e00000, 0x00000000b1e00000|100%| E|CS|TAMS 0x00000000b1d00000| PB 0x00000000b1d00000| Complete 
| 798|0x00000000b1e00000, 0x00000000b1f00000, 0x00000000b1f00000|100%| E|CS|TAMS 0x00000000b1e00000| PB 0x00000000b1e00000| Complete 
| 799|0x00000000b1f00000, 0x00000000b2000000, 0x00000000b2000000|100%| E|CS|TAMS 0x00000000b1f00000| PB 0x00000000b1f00000| Complete 
| 800|0x00000000b2000000, 0x00000000b2100000, 0x00000000b2100000|100%| E|CS|TAMS 0x00000000b2000000| PB 0x00000000b2000000| Complete 
| 801|0x00000000b2100000, 0x00000000b2200000, 0x00000000b2200000|100%| E|CS|TAMS 0x00000000b2100000| PB 0x00000000b2100000| Complete 
| 802|0x00000000b2200000, 0x00000000b2300000, 0x00000000b2300000|100%| E|CS|TAMS 0x00000000b2200000| PB 0x00000000b2200000| Complete 
| 803|0x00000000b2300000, 0x00000000b2400000, 0x00000000b2400000|100%| E|CS|TAMS 0x00000000b2300000| PB 0x00000000b2300000| Complete 
| 804|0x00000000b2400000, 0x00000000b2500000, 0x00000000b2500000|100%| E|CS|TAMS 0x00000000b2400000| PB 0x00000000b2400000| Complete 
| 805|0x00000000b2500000, 0x00000000b2600000, 0x00000000b2600000|100%| E|CS|TAMS 0x00000000b2500000| PB 0x00000000b2500000| Complete 
| 806|0x00000000b2600000, 0x00000000b2700000, 0x00000000b2700000|100%| E|CS|TAMS 0x00000000b2600000| PB 0x00000000b2600000| Complete 
| 807|0x00000000b2700000, 0x00000000b2800000, 0x00000000b2800000|100%| E|CS|TAMS 0x00000000b2700000| PB 0x00000000b2700000| Complete 
| 808|0x00000000b2800000, 0x00000000b2900000, 0x00000000b2900000|100%| E|CS|TAMS 0x00000000b2800000| PB 0x00000000b2800000| Complete 
| 809|0x00000000b2900000, 0x00000000b2a00000, 0x00000000b2a00000|100%| E|CS|TAMS 0x00000000b2900000| PB 0x00000000b2900000| Complete 
| 810|0x00000000b2a00000, 0x00000000b2b00000, 0x00000000b2b00000|100%| E|CS|TAMS 0x00000000b2a00000| PB 0x00000000b2a00000| Complete 
| 811|0x00000000b2b00000, 0x00000000b2c00000, 0x00000000b2c00000|100%| E|CS|TAMS 0x00000000b2b00000| PB 0x00000000b2b00000| Complete 
| 812|0x00000000b2c00000, 0x00000000b2d00000, 0x00000000b2d00000|100%| E|CS|TAMS 0x00000000b2c00000| PB 0x00000000b2c00000| Complete 
| 813|0x00000000b2d00000, 0x00000000b2e00000, 0x00000000b2e00000|100%| E|CS|TAMS 0x00000000b2d00000| PB 0x00000000b2d00000| Complete 
| 814|0x00000000b2e00000, 0x00000000b2f00000, 0x00000000b2f00000|100%| E|CS|TAMS 0x00000000b2e00000| PB 0x00000000b2e00000| Complete 
| 815|0x00000000b2f00000, 0x00000000b3000000, 0x00000000b3000000|100%| E|CS|TAMS 0x00000000b2f00000| PB 0x00000000b2f00000| Complete 
| 816|0x00000000b3000000, 0x00000000b3100000, 0x00000000b3100000|100%| E|CS|TAMS 0x00000000b3000000| PB 0x00000000b3000000| Complete 
| 817|0x00000000b3100000, 0x00000000b3200000, 0x00000000b3200000|100%| E|CS|TAMS 0x00000000b3100000| PB 0x00000000b3100000| Complete 
| 818|0x00000000b3200000, 0x00000000b3300000, 0x00000000b3300000|100%| E|CS|TAMS 0x00000000b3200000| PB 0x00000000b3200000| Complete 
| 819|0x00000000b3300000, 0x00000000b3400000, 0x00000000b3400000|100%| E|CS|TAMS 0x00000000b3300000| PB 0x00000000b3300000| Complete 
| 820|0x00000000b3400000, 0x00000000b3500000, 0x00000000b3500000|100%| E|CS|TAMS 0x00000000b3400000| PB 0x00000000b3400000| Complete 
| 821|0x00000000b3500000, 0x00000000b3600000, 0x00000000b3600000|100%| E|CS|TAMS 0x00000000b3500000| PB 0x00000000b3500000| Complete 
| 822|0x00000000b3600000, 0x00000000b3700000, 0x00000000b3700000|100%| E|CS|TAMS 0x00000000b3600000| PB 0x00000000b3600000| Complete 
| 823|0x00000000b3700000, 0x00000000b3800000, 0x00000000b3800000|100%| E|CS|TAMS 0x00000000b3700000| PB 0x00000000b3700000| Complete 
| 824|0x00000000b3800000, 0x00000000b3900000, 0x00000000b3900000|100%| E|CS|TAMS 0x00000000b3800000| PB 0x00000000b3800000| Complete 
| 825|0x00000000b3900000, 0x00000000b3a00000, 0x00000000b3a00000|100%| E|CS|TAMS 0x00000000b3900000| PB 0x00000000b3900000| Complete 
| 826|0x00000000b3a00000, 0x00000000b3b00000, 0x00000000b3b00000|100%| E|CS|TAMS 0x00000000b3a00000| PB 0x00000000b3a00000| Complete 
| 827|0x00000000b3b00000, 0x00000000b3c00000, 0x00000000b3c00000|100%| E|CS|TAMS 0x00000000b3b00000| PB 0x00000000b3b00000| Complete 
| 828|0x00000000b3c00000, 0x00000000b3d00000, 0x00000000b3d00000|100%| E|CS|TAMS 0x00000000b3c00000| PB 0x00000000b3c00000| Complete 
| 829|0x00000000b3d00000, 0x00000000b3e00000, 0x00000000b3e00000|100%| E|CS|TAMS 0x00000000b3d00000| PB 0x00000000b3d00000| Complete 
| 830|0x00000000b3e00000, 0x00000000b3f00000, 0x00000000b3f00000|100%| E|CS|TAMS 0x00000000b3e00000| PB 0x00000000b3e00000| Complete 
| 831|0x00000000b3f00000, 0x00000000b4000000, 0x00000000b4000000|100%| E|CS|TAMS 0x00000000b3f00000| PB 0x00000000b3f00000| Complete 
| 832|0x00000000b4000000, 0x00000000b4100000, 0x00000000b4100000|100%| E|CS|TAMS 0x00000000b4000000| PB 0x00000000b4000000| Complete 
| 833|0x00000000b4100000, 0x00000000b4200000, 0x00000000b4200000|100%| E|CS|TAMS 0x00000000b4100000| PB 0x00000000b4100000| Complete 
| 834|0x00000000b4200000, 0x00000000b4300000, 0x00000000b4300000|100%| E|CS|TAMS 0x00000000b4200000| PB 0x00000000b4200000| Complete 
| 835|0x00000000b4300000, 0x00000000b4400000, 0x00000000b4400000|100%| E|CS|TAMS 0x00000000b4300000| PB 0x00000000b4300000| Complete 
| 836|0x00000000b4400000, 0x00000000b4500000, 0x00000000b4500000|100%| E|CS|TAMS 0x00000000b4400000| PB 0x00000000b4400000| Complete 
| 837|0x00000000b4500000, 0x00000000b4600000, 0x00000000b4600000|100%| E|CS|TAMS 0x00000000b4500000| PB 0x00000000b4500000| Complete 
| 838|0x00000000b4600000, 0x00000000b4700000, 0x00000000b4700000|100%| E|CS|TAMS 0x00000000b4600000| PB 0x00000000b4600000| Complete 
| 839|0x00000000b4700000, 0x00000000b4800000, 0x00000000b4800000|100%| E|CS|TAMS 0x00000000b4700000| PB 0x00000000b4700000| Complete 
| 840|0x00000000b4800000, 0x00000000b4900000, 0x00000000b4900000|100%| E|CS|TAMS 0x00000000b4800000| PB 0x00000000b4800000| Complete 
| 841|0x00000000b4900000, 0x00000000b4a00000, 0x00000000b4a00000|100%| E|CS|TAMS 0x00000000b4900000| PB 0x00000000b4900000| Complete 
| 842|0x00000000b4a00000, 0x00000000b4b00000, 0x00000000b4b00000|100%| E|CS|TAMS 0x00000000b4a00000| PB 0x00000000b4a00000| Complete 
| 843|0x00000000b4b00000, 0x00000000b4c00000, 0x00000000b4c00000|100%| E|CS|TAMS 0x00000000b4b00000| PB 0x00000000b4b00000| Complete 
| 844|0x00000000b4c00000, 0x00000000b4d00000, 0x00000000b4d00000|100%| E|CS|TAMS 0x00000000b4c00000| PB 0x00000000b4c00000| Complete 
| 845|0x00000000b4d00000, 0x00000000b4e00000, 0x00000000b4e00000|100%| E|CS|TAMS 0x00000000b4d00000| PB 0x00000000b4d00000| Complete 
| 846|0x00000000b4e00000, 0x00000000b4f00000, 0x00000000b4f00000|100%| E|CS|TAMS 0x00000000b4e00000| PB 0x00000000b4e00000| Complete 
| 847|0x00000000b4f00000, 0x00000000b5000000, 0x00000000b5000000|100%| E|CS|TAMS 0x00000000b4f00000| PB 0x00000000b4f00000| Complete 
| 848|0x00000000b5000000, 0x00000000b5100000, 0x00000000b5100000|100%| E|CS|TAMS 0x00000000b5000000| PB 0x00000000b5000000| Complete 
| 849|0x00000000b5100000, 0x00000000b5200000, 0x00000000b5200000|100%| E|CS|TAMS 0x00000000b5100000| PB 0x00000000b5100000| Complete 
| 850|0x00000000b5200000, 0x00000000b5300000, 0x00000000b5300000|100%| E|CS|TAMS 0x00000000b5200000| PB 0x00000000b5200000| Complete 
| 851|0x00000000b5300000, 0x00000000b5400000, 0x00000000b5400000|100%| E|CS|TAMS 0x00000000b5300000| PB 0x00000000b5300000| Complete 
| 852|0x00000000b5400000, 0x00000000b5500000, 0x00000000b5500000|100%| E|CS|TAMS 0x00000000b5400000| PB 0x00000000b5400000| Complete 
| 853|0x00000000b5500000, 0x00000000b5600000, 0x00000000b5600000|100%| E|CS|TAMS 0x00000000b5500000| PB 0x00000000b5500000| Complete 
| 854|0x00000000b5600000, 0x00000000b5700000, 0x00000000b5700000|100%| E|CS|TAMS 0x00000000b5600000| PB 0x00000000b5600000| Complete 
| 855|0x00000000b5700000, 0x00000000b5800000, 0x00000000b5800000|100%| E|CS|TAMS 0x00000000b5700000| PB 0x00000000b5700000| Complete 
| 912|0x00000000b9000000, 0x00000000b9100000, 0x00000000b9100000|100%| E|CS|TAMS 0x00000000b9000000| PB 0x00000000b9000000| Complete 
| 913|0x00000000b9100000, 0x00000000b9200000, 0x00000000b9200000|100%| E|CS|TAMS 0x00000000b9100000| PB 0x00000000b9100000| Complete 
| 914|0x00000000b9200000, 0x00000000b9300000, 0x00000000b9300000|100%| E|CS|TAMS 0x00000000b9200000| PB 0x00000000b9200000| Complete 
| 915|0x00000000b9300000, 0x00000000b9400000, 0x00000000b9400000|100%| E|CS|TAMS 0x00000000b9300000| PB 0x00000000b9300000| Complete 
| 916|0x00000000b9400000, 0x00000000b9500000, 0x00000000b9500000|100%| E|CS|TAMS 0x00000000b9400000| PB 0x00000000b9400000| Complete 
| 917|0x00000000b9500000, 0x00000000b9600000, 0x00000000b9600000|100%| E|CS|TAMS 0x00000000b9500000| PB 0x00000000b9500000| Complete 
| 918|0x00000000b9600000, 0x00000000b9700000, 0x00000000b9700000|100%| E|CS|TAMS 0x00000000b9600000| PB 0x00000000b9600000| Complete 
| 919|0x00000000b9700000, 0x00000000b9800000, 0x00000000b9800000|100%| E|CS|TAMS 0x00000000b9700000| PB 0x00000000b9700000| Complete 
| 920|0x00000000b9800000, 0x00000000b9900000, 0x00000000b9900000|100%| E|CS|TAMS 0x00000000b9800000| PB 0x00000000b9800000| Complete 
| 921|0x00000000b9900000, 0x00000000b9a00000, 0x00000000b9a00000|100%| E|CS|TAMS 0x00000000b9900000| PB 0x00000000b9900000| Complete 
| 922|0x00000000b9a00000, 0x00000000b9b00000, 0x00000000b9b00000|100%| E|CS|TAMS 0x00000000b9a00000| PB 0x00000000b9a00000| Complete 
| 923|0x00000000b9b00000, 0x00000000b9c00000, 0x00000000b9c00000|100%| E|CS|TAMS 0x00000000b9b00000| PB 0x00000000b9b00000| Complete 
| 924|0x00000000b9c00000, 0x00000000b9d00000, 0x00000000b9d00000|100%| E|CS|TAMS 0x00000000b9c00000| PB 0x00000000b9c00000| Complete 
| 925|0x00000000b9d00000, 0x00000000b9e00000, 0x00000000b9e00000|100%| E|CS|TAMS 0x00000000b9d00000| PB 0x00000000b9d00000| Complete 
| 926|0x00000000b9e00000, 0x00000000b9f00000, 0x00000000b9f00000|100%| E|CS|TAMS 0x00000000b9e00000| PB 0x00000000b9e00000| Complete 
| 927|0x00000000b9f00000, 0x00000000ba000000, 0x00000000ba000000|100%| E|CS|TAMS 0x00000000b9f00000| PB 0x00000000b9f00000| Complete 
| 928|0x00000000ba000000, 0x00000000ba100000, 0x00000000ba100000|100%| E|CS|TAMS 0x00000000ba000000| PB 0x00000000ba000000| Complete 
| 929|0x00000000ba100000, 0x00000000ba200000, 0x00000000ba200000|100%| E|CS|TAMS 0x00000000ba100000| PB 0x00000000ba100000| Complete 
| 930|0x00000000ba200000, 0x00000000ba300000, 0x00000000ba300000|100%| E|CS|TAMS 0x00000000ba200000| PB 0x00000000ba200000| Complete 
| 931|0x00000000ba300000, 0x00000000ba400000, 0x00000000ba400000|100%| E|CS|TAMS 0x00000000ba300000| PB 0x00000000ba300000| Complete 
| 932|0x00000000ba400000, 0x00000000ba500000, 0x00000000ba500000|100%| E|CS|TAMS 0x00000000ba400000| PB 0x00000000ba400000| Complete 
| 933|0x00000000ba500000, 0x00000000ba600000, 0x00000000ba600000|100%| E|CS|TAMS 0x00000000ba500000| PB 0x00000000ba500000| Complete 
| 940|0x00000000bac00000, 0x00000000bad00000, 0x00000000bad00000|100%| E|CS|TAMS 0x00000000bac00000| PB 0x00000000bac00000| Complete 
| 941|0x00000000bad00000, 0x00000000bae00000, 0x00000000bae00000|100%| E|CS|TAMS 0x00000000bad00000| PB 0x00000000bad00000| Complete 
| 942|0x00000000bae00000, 0x00000000baf00000, 0x00000000baf00000|100%| E|CS|TAMS 0x00000000bae00000| PB 0x00000000bae00000| Complete 
| 943|0x00000000baf00000, 0x00000000bb000000, 0x00000000bb000000|100%| E|CS|TAMS 0x00000000baf00000| PB 0x00000000baf00000| Complete 
| 944|0x00000000bb000000, 0x00000000bb100000, 0x00000000bb100000|100%| E|CS|TAMS 0x00000000bb000000| PB 0x00000000bb000000| Complete 
| 945|0x00000000bb100000, 0x00000000bb200000, 0x00000000bb200000|100%| E|CS|TAMS 0x00000000bb100000| PB 0x00000000bb100000| Complete 
| 946|0x00000000bb200000, 0x00000000bb300000, 0x00000000bb300000|100%| E|CS|TAMS 0x00000000bb200000| PB 0x00000000bb200000| Complete 
| 947|0x00000000bb300000, 0x00000000bb400000, 0x00000000bb400000|100%| E|CS|TAMS 0x00000000bb300000| PB 0x00000000bb300000| Complete 
| 948|0x00000000bb400000, 0x00000000bb500000, 0x00000000bb500000|100%| E|CS|TAMS 0x00000000bb400000| PB 0x00000000bb400000| Complete 
| 949|0x00000000bb500000, 0x00000000bb600000, 0x00000000bb600000|100%| E|CS|TAMS 0x00000000bb500000| PB 0x00000000bb500000| Complete 
| 950|0x00000000bb600000, 0x00000000bb700000, 0x00000000bb700000|100%| E|CS|TAMS 0x00000000bb600000| PB 0x00000000bb600000| Complete 
| 951|0x00000000bb700000, 0x00000000bb800000, 0x00000000bb800000|100%| E|CS|TAMS 0x00000000bb700000| PB 0x00000000bb700000| Complete 
| 952|0x00000000bb800000, 0x00000000bb900000, 0x00000000bb900000|100%| E|CS|TAMS 0x00000000bb800000| PB 0x00000000bb800000| Complete 
| 953|0x00000000bb900000, 0x00000000bba00000, 0x00000000bba00000|100%| E|CS|TAMS 0x00000000bb900000| PB 0x00000000bb900000| Complete 
| 954|0x00000000bba00000, 0x00000000bbb00000, 0x00000000bbb00000|100%| E|CS|TAMS 0x00000000bba00000| PB 0x00000000bba00000| Complete 
| 955|0x00000000bbb00000, 0x00000000bbc00000, 0x00000000bbc00000|100%| E|CS|TAMS 0x00000000bbb00000| PB 0x00000000bbb00000| Complete 
| 956|0x00000000bbc00000, 0x00000000bbd00000, 0x00000000bbd00000|100%| E|CS|TAMS 0x00000000bbc00000| PB 0x00000000bbc00000| Complete 
| 957|0x00000000bbd00000, 0x00000000bbe00000, 0x00000000bbe00000|100%| E|CS|TAMS 0x00000000bbd00000| PB 0x00000000bbd00000| Complete 
| 958|0x00000000bbe00000, 0x00000000bbf00000, 0x00000000bbf00000|100%| E|CS|TAMS 0x00000000bbe00000| PB 0x00000000bbe00000| Complete 
| 959|0x00000000bbf00000, 0x00000000bc000000, 0x00000000bc000000|100%| E|CS|TAMS 0x00000000bbf00000| PB 0x00000000bbf00000| Complete 
| 960|0x00000000bc000000, 0x00000000bc100000, 0x00000000bc100000|100%| E|CS|TAMS 0x00000000bc000000| PB 0x00000000bc000000| Complete 
| 961|0x00000000bc100000, 0x00000000bc200000, 0x00000000bc200000|100%| E|CS|TAMS 0x00000000bc100000| PB 0x00000000bc100000| Complete 
| 962|0x00000000bc200000, 0x00000000bc300000, 0x00000000bc300000|100%| E|CS|TAMS 0x00000000bc200000| PB 0x00000000bc200000| Complete 
| 963|0x00000000bc300000, 0x00000000bc400000, 0x00000000bc400000|100%| E|CS|TAMS 0x00000000bc300000| PB 0x00000000bc300000| Complete 
| 964|0x00000000bc400000, 0x00000000bc500000, 0x00000000bc500000|100%| E|CS|TAMS 0x00000000bc400000| PB 0x00000000bc400000| Complete 
| 965|0x00000000bc500000, 0x00000000bc600000, 0x00000000bc600000|100%| E|CS|TAMS 0x00000000bc500000| PB 0x00000000bc500000| Complete 
| 966|0x00000000bc600000, 0x00000000bc700000, 0x00000000bc700000|100%| E|CS|TAMS 0x00000000bc600000| PB 0x00000000bc600000| Complete 
| 967|0x00000000bc700000, 0x00000000bc800000, 0x00000000bc800000|100%| E|CS|TAMS 0x00000000bc700000| PB 0x00000000bc700000| Complete 
| 968|0x00000000bc800000, 0x00000000bc900000, 0x00000000bc900000|100%| E|CS|TAMS 0x00000000bc800000| PB 0x00000000bc800000| Complete 
| 969|0x00000000bc900000, 0x00000000bca00000, 0x00000000bca00000|100%| E|CS|TAMS 0x00000000bc900000| PB 0x00000000bc900000| Complete 
| 970|0x00000000bca00000, 0x00000000bcb00000, 0x00000000bcb00000|100%| E|CS|TAMS 0x00000000bca00000| PB 0x00000000bca00000| Complete 
| 971|0x00000000bcb00000, 0x00000000bcc00000, 0x00000000bcc00000|100%| E|CS|TAMS 0x00000000bcb00000| PB 0x00000000bcb00000| Complete 
| 972|0x00000000bcc00000, 0x00000000bcd00000, 0x00000000bcd00000|100%| E|CS|TAMS 0x00000000bcc00000| PB 0x00000000bcc00000| Complete 
| 973|0x00000000bcd00000, 0x00000000bce00000, 0x00000000bce00000|100%| E|CS|TAMS 0x00000000bcd00000| PB 0x00000000bcd00000| Complete 
| 974|0x00000000bce00000, 0x00000000bcf00000, 0x00000000bcf00000|100%| E|CS|TAMS 0x00000000bce00000| PB 0x00000000bce00000| Complete 
| 975|0x00000000bcf00000, 0x00000000bd000000, 0x00000000bd000000|100%| E|CS|TAMS 0x00000000bcf00000| PB 0x00000000bcf00000| Complete 
| 976|0x00000000bd000000, 0x00000000bd100000, 0x00000000bd100000|100%| E|CS|TAMS 0x00000000bd000000| PB 0x00000000bd000000| Complete 
| 977|0x00000000bd100000, 0x00000000bd200000, 0x00000000bd200000|100%| E|CS|TAMS 0x00000000bd100000| PB 0x00000000bd100000| Complete 
| 978|0x00000000bd200000, 0x00000000bd300000, 0x00000000bd300000|100%| E|CS|TAMS 0x00000000bd200000| PB 0x00000000bd200000| Complete 
| 979|0x00000000bd300000, 0x00000000bd400000, 0x00000000bd400000|100%| E|CS|TAMS 0x00000000bd300000| PB 0x00000000bd300000| Complete 
| 980|0x00000000bd400000, 0x00000000bd500000, 0x00000000bd500000|100%| E|CS|TAMS 0x00000000bd400000| PB 0x00000000bd400000| Complete 
| 981|0x00000000bd500000, 0x00000000bd600000, 0x00000000bd600000|100%| E|CS|TAMS 0x00000000bd500000| PB 0x00000000bd500000| Complete 
| 982|0x00000000bd600000, 0x00000000bd700000, 0x00000000bd700000|100%| E|CS|TAMS 0x00000000bd600000| PB 0x00000000bd600000| Complete 
| 983|0x00000000bd700000, 0x00000000bd800000, 0x00000000bd800000|100%| E|CS|TAMS 0x00000000bd700000| PB 0x00000000bd700000| Complete 
| 984|0x00000000bd800000, 0x00000000bd900000, 0x00000000bd900000|100%| E|CS|TAMS 0x00000000bd800000| PB 0x00000000bd800000| Complete 
| 985|0x00000000bd900000, 0x00000000bda00000, 0x00000000bda00000|100%| E|CS|TAMS 0x00000000bd900000| PB 0x00000000bd900000| Complete 
| 986|0x00000000bda00000, 0x00000000bdb00000, 0x00000000bdb00000|100%| E|CS|TAMS 0x00000000bda00000| PB 0x00000000bda00000| Complete 
| 987|0x00000000bdb00000, 0x00000000bdc00000, 0x00000000bdc00000|100%| E|CS|TAMS 0x00000000bdb00000| PB 0x00000000bdb00000| Complete 
| 988|0x00000000bdc00000, 0x00000000bdd00000, 0x00000000bdd00000|100%| E|CS|TAMS 0x00000000bdc00000| PB 0x00000000bdc00000| Complete 
| 989|0x00000000bdd00000, 0x00000000bde00000, 0x00000000bde00000|100%| E|CS|TAMS 0x00000000bdd00000| PB 0x00000000bdd00000| Complete 
| 990|0x00000000bde00000, 0x00000000bdf00000, 0x00000000bdf00000|100%| E|CS|TAMS 0x00000000bde00000| PB 0x00000000bde00000| Complete 
| 991|0x00000000bdf00000, 0x00000000be000000, 0x00000000be000000|100%| E|CS|TAMS 0x00000000bdf00000| PB 0x00000000bdf00000| Complete 
| 992|0x00000000be000000, 0x00000000be100000, 0x00000000be100000|100%| E|CS|TAMS 0x00000000be000000| PB 0x00000000be000000| Complete 
| 993|0x00000000be100000, 0x00000000be200000, 0x00000000be200000|100%| E|CS|TAMS 0x00000000be100000| PB 0x00000000be100000| Complete 
| 994|0x00000000be200000, 0x00000000be300000, 0x00000000be300000|100%| E|CS|TAMS 0x00000000be200000| PB 0x00000000be200000| Complete 
| 995|0x00000000be300000, 0x00000000be400000, 0x00000000be400000|100%| E|CS|TAMS 0x00000000be300000| PB 0x00000000be300000| Complete 
| 996|0x00000000be400000, 0x00000000be500000, 0x00000000be500000|100%| E|CS|TAMS 0x00000000be400000| PB 0x00000000be400000| Complete 
| 997|0x00000000be500000, 0x00000000be600000, 0x00000000be600000|100%| E|CS|TAMS 0x00000000be500000| PB 0x00000000be500000| Complete 
| 998|0x00000000be600000, 0x00000000be700000, 0x00000000be700000|100%| E|CS|TAMS 0x00000000be600000| PB 0x00000000be600000| Complete 
| 999|0x00000000be700000, 0x00000000be800000, 0x00000000be800000|100%| E|CS|TAMS 0x00000000be700000| PB 0x00000000be700000| Complete 
|1000|0x00000000be800000, 0x00000000be900000, 0x00000000be900000|100%| E|CS|TAMS 0x00000000be800000| PB 0x00000000be800000| Complete 
|1001|0x00000000be900000, 0x00000000bea00000, 0x00000000bea00000|100%| E|CS|TAMS 0x00000000be900000| PB 0x00000000be900000| Complete 
|1002|0x00000000bea00000, 0x00000000beb00000, 0x00000000beb00000|100%| E|CS|TAMS 0x00000000bea00000| PB 0x00000000bea00000| Complete 
|1003|0x00000000beb00000, 0x00000000bec00000, 0x00000000bec00000|100%| E|CS|TAMS 0x00000000beb00000| PB 0x00000000beb00000| Complete 
|1004|0x00000000bec00000, 0x00000000bed00000, 0x00000000bed00000|100%| E|CS|TAMS 0x00000000bec00000| PB 0x00000000bec00000| Complete 
|1005|0x00000000bed00000, 0x00000000bee00000, 0x00000000bee00000|100%| E|CS|TAMS 0x00000000bed00000| PB 0x00000000bed00000| Complete 
|1006|0x00000000bee00000, 0x00000000bef00000, 0x00000000bef00000|100%| E|CS|TAMS 0x00000000bee00000| PB 0x00000000bee00000| Complete 
|1007|0x00000000bef00000, 0x00000000bf000000, 0x00000000bf000000|100%| E|CS|TAMS 0x00000000bef00000| PB 0x00000000bef00000| Complete 
|1008|0x00000000bf000000, 0x00000000bf100000, 0x00000000bf100000|100%| E|CS|TAMS 0x00000000bf000000| PB 0x00000000bf000000| Complete 
|1009|0x00000000bf100000, 0x00000000bf200000, 0x00000000bf200000|100%| E|CS|TAMS 0x00000000bf100000| PB 0x00000000bf100000| Complete 
|1010|0x00000000bf200000, 0x00000000bf300000, 0x00000000bf300000|100%| E|CS|TAMS 0x00000000bf200000| PB 0x00000000bf200000| Complete 
|1011|0x00000000bf300000, 0x00000000bf400000, 0x00000000bf400000|100%| E|CS|TAMS 0x00000000bf300000| PB 0x00000000bf300000| Complete 
|1012|0x00000000bf400000, 0x00000000bf500000, 0x00000000bf500000|100%| E|CS|TAMS 0x00000000bf400000| PB 0x00000000bf400000| Complete 
|1013|0x00000000bf500000, 0x00000000bf600000, 0x00000000bf600000|100%| E|CS|TAMS 0x00000000bf500000| PB 0x00000000bf500000| Complete 
|1014|0x00000000bf600000, 0x00000000bf700000, 0x00000000bf700000|100%| E|CS|TAMS 0x00000000bf600000| PB 0x00000000bf600000| Complete 
|1015|0x00000000bf700000, 0x00000000bf800000, 0x00000000bf800000|100%| E|CS|TAMS 0x00000000bf700000| PB 0x00000000bf700000| Complete 
|1016|0x00000000bf800000, 0x00000000bf900000, 0x00000000bf900000|100%| E|CS|TAMS 0x00000000bf800000| PB 0x00000000bf800000| Complete 
|1017|0x00000000bf900000, 0x00000000bfa00000, 0x00000000bfa00000|100%| E|CS|TAMS 0x00000000bf900000| PB 0x00000000bf900000| Complete 
|1018|0x00000000bfa00000, 0x00000000bfb00000, 0x00000000bfb00000|100%| E|CS|TAMS 0x00000000bfa00000| PB 0x00000000bfa00000| Complete 
|1019|0x00000000bfb00000, 0x00000000bfc00000, 0x00000000bfc00000|100%| E|CS|TAMS 0x00000000bfb00000| PB 0x00000000bfb00000| Complete 
|1020|0x00000000bfc00000, 0x00000000bfd00000, 0x00000000bfd00000|100%| E|CS|TAMS 0x00000000bfc00000| PB 0x00000000bfc00000| Complete 
|1021|0x00000000bfd00000, 0x00000000bfe00000, 0x00000000bfe00000|100%| E|CS|TAMS 0x00000000bfd00000| PB 0x00000000bfd00000| Complete 
|1022|0x00000000bfe00000, 0x00000000bff00000, 0x00000000bff00000|100%| E|CS|TAMS 0x00000000bfe00000| PB 0x00000000bfe00000| Complete 
|1023|0x00000000bff00000, 0x00000000c0000000, 0x00000000c0000000|100%| E|CS|TAMS 0x00000000bff00000| PB 0x00000000bff00000| Complete 
|1024|0x00000000c0000000, 0x00000000c0100000, 0x00000000c0100000|100%| E|CS|TAMS 0x00000000c0000000| PB 0x00000000c0000000| Complete 
|1025|0x00000000c0100000, 0x00000000c0200000, 0x00000000c0200000|100%| E|CS|TAMS 0x00000000c0100000| PB 0x00000000c0100000| Complete 
|1026|0x00000000c0200000, 0x00000000c0300000, 0x00000000c0300000|100%| E|CS|TAMS 0x00000000c0200000| PB 0x00000000c0200000| Complete 
|1027|0x00000000c0300000, 0x00000000c0400000, 0x00000000c0400000|100%| E|CS|TAMS 0x00000000c0300000| PB 0x00000000c0300000| Complete 
|1028|0x00000000c0400000, 0x00000000c0500000, 0x00000000c0500000|100%| E|CS|TAMS 0x00000000c0400000| PB 0x00000000c0400000| Complete 
|1029|0x00000000c0500000, 0x00000000c0600000, 0x00000000c0600000|100%| E|CS|TAMS 0x00000000c0500000| PB 0x00000000c0500000| Complete 
|1030|0x00000000c0600000, 0x00000000c0700000, 0x00000000c0700000|100%| E|CS|TAMS 0x00000000c0600000| PB 0x00000000c0600000| Complete 
|1031|0x00000000c0700000, 0x00000000c0800000, 0x00000000c0800000|100%| E|CS|TAMS 0x00000000c0700000| PB 0x00000000c0700000| Complete 
|1032|0x00000000c0800000, 0x00000000c0900000, 0x00000000c0900000|100%| E|CS|TAMS 0x00000000c0800000| PB 0x00000000c0800000| Complete 
|1033|0x00000000c0900000, 0x00000000c0a00000, 0x00000000c0a00000|100%| E|CS|TAMS 0x00000000c0900000| PB 0x00000000c0900000| Complete 
|1034|0x00000000c0a00000, 0x00000000c0b00000, 0x00000000c0b00000|100%| E|CS|TAMS 0x00000000c0a00000| PB 0x00000000c0a00000| Complete 
|1035|0x00000000c0b00000, 0x00000000c0c00000, 0x00000000c0c00000|100%| E|CS|TAMS 0x00000000c0b00000| PB 0x00000000c0b00000| Complete 
|1036|0x00000000c0c00000, 0x00000000c0d00000, 0x00000000c0d00000|100%| E|CS|TAMS 0x00000000c0c00000| PB 0x00000000c0c00000| Complete 
|1037|0x00000000c0d00000, 0x00000000c0e00000, 0x00000000c0e00000|100%| E|CS|TAMS 0x00000000c0d00000| PB 0x00000000c0d00000| Complete 
|1038|0x00000000c0e00000, 0x00000000c0f00000, 0x00000000c0f00000|100%| E|CS|TAMS 0x00000000c0e00000| PB 0x00000000c0e00000| Complete 
|1039|0x00000000c0f00000, 0x00000000c1000000, 0x00000000c1000000|100%| E|CS|TAMS 0x00000000c0f00000| PB 0x00000000c0f00000| Complete 
|1040|0x00000000c1000000, 0x00000000c1100000, 0x00000000c1100000|100%| E|CS|TAMS 0x00000000c1000000| PB 0x00000000c1000000| Complete 
|1041|0x00000000c1100000, 0x00000000c1200000, 0x00000000c1200000|100%| E|CS|TAMS 0x00000000c1100000| PB 0x00000000c1100000| Complete 
|1042|0x00000000c1200000, 0x00000000c1300000, 0x00000000c1300000|100%| E|CS|TAMS 0x00000000c1200000| PB 0x00000000c1200000| Complete 
|1043|0x00000000c1300000, 0x00000000c1400000, 0x00000000c1400000|100%| E|CS|TAMS 0x00000000c1300000| PB 0x00000000c1300000| Complete 
|1044|0x00000000c1400000, 0x00000000c1500000, 0x00000000c1500000|100%| E|CS|TAMS 0x00000000c1400000| PB 0x00000000c1400000| Complete 
|1045|0x00000000c1500000, 0x00000000c1600000, 0x00000000c1600000|100%| E|CS|TAMS 0x00000000c1500000| PB 0x00000000c1500000| Complete 
|1046|0x00000000c1600000, 0x00000000c1700000, 0x00000000c1700000|100%| E|CS|TAMS 0x00000000c1600000| PB 0x00000000c1600000| Complete 
|1047|0x00000000c1700000, 0x00000000c1800000, 0x00000000c1800000|100%| E|CS|TAMS 0x00000000c1700000| PB 0x00000000c1700000| Complete 
|1048|0x00000000c1800000, 0x00000000c1900000, 0x00000000c1900000|100%| E|CS|TAMS 0x00000000c1800000| PB 0x00000000c1800000| Complete 
|1049|0x00000000c1900000, 0x00000000c1a00000, 0x00000000c1a00000|100%| E|CS|TAMS 0x00000000c1900000| PB 0x00000000c1900000| Complete 
|1050|0x00000000c1a00000, 0x00000000c1b00000, 0x00000000c1b00000|100%| E|CS|TAMS 0x00000000c1a00000| PB 0x00000000c1a00000| Complete 
|1051|0x00000000c1b00000, 0x00000000c1c00000, 0x00000000c1c00000|100%| E|CS|TAMS 0x00000000c1b00000| PB 0x00000000c1b00000| Complete 
|1052|0x00000000c1c00000, 0x00000000c1d00000, 0x00000000c1d00000|100%| E|CS|TAMS 0x00000000c1c00000| PB 0x00000000c1c00000| Complete 
|1053|0x00000000c1d00000, 0x00000000c1e00000, 0x00000000c1e00000|100%| E|CS|TAMS 0x00000000c1d00000| PB 0x00000000c1d00000| Complete 
|1054|0x00000000c1e00000, 0x00000000c1f00000, 0x00000000c1f00000|100%| E|CS|TAMS 0x00000000c1e00000| PB 0x00000000c1e00000| Complete 
|1055|0x00000000c1f00000, 0x00000000c2000000, 0x00000000c2000000|100%| E|CS|TAMS 0x00000000c1f00000| PB 0x00000000c1f00000| Complete 
|1056|0x00000000c2000000, 0x00000000c2100000, 0x00000000c2100000|100%| E|CS|TAMS 0x00000000c2000000| PB 0x00000000c2000000| Complete 
|1057|0x00000000c2100000, 0x00000000c2200000, 0x00000000c2200000|100%| E|CS|TAMS 0x00000000c2100000| PB 0x00000000c2100000| Complete 
|1058|0x00000000c2200000, 0x00000000c2300000, 0x00000000c2300000|100%| E|CS|TAMS 0x00000000c2200000| PB 0x00000000c2200000| Complete 
|1059|0x00000000c2300000, 0x00000000c2400000, 0x00000000c2400000|100%| E|CS|TAMS 0x00000000c2300000| PB 0x00000000c2300000| Complete 
|1060|0x00000000c2400000, 0x00000000c2500000, 0x00000000c2500000|100%| E|CS|TAMS 0x00000000c2400000| PB 0x00000000c2400000| Complete 
|1061|0x00000000c2500000, 0x00000000c2600000, 0x00000000c2600000|100%| E|CS|TAMS 0x00000000c2500000| PB 0x00000000c2500000| Complete 
|1062|0x00000000c2600000, 0x00000000c2700000, 0x00000000c2700000|100%| E|CS|TAMS 0x00000000c2600000| PB 0x00000000c2600000| Complete 
|1063|0x00000000c2700000, 0x00000000c2800000, 0x00000000c2800000|100%| E|CS|TAMS 0x00000000c2700000| PB 0x00000000c2700000| Complete 
|1064|0x00000000c2800000, 0x00000000c2900000, 0x00000000c2900000|100%| E|CS|TAMS 0x00000000c2800000| PB 0x00000000c2800000| Complete 
|1065|0x00000000c2900000, 0x00000000c2a00000, 0x00000000c2a00000|100%| E|CS|TAMS 0x00000000c2900000| PB 0x00000000c2900000| Complete 
|1066|0x00000000c2a00000, 0x00000000c2b00000, 0x00000000c2b00000|100%| E|CS|TAMS 0x00000000c2a00000| PB 0x00000000c2a00000| Complete 
|1067|0x00000000c2b00000, 0x00000000c2c00000, 0x00000000c2c00000|100%| E|CS|TAMS 0x00000000c2b00000| PB 0x00000000c2b00000| Complete 
|1068|0x00000000c2c00000, 0x00000000c2d00000, 0x00000000c2d00000|100%| E|CS|TAMS 0x00000000c2c00000| PB 0x00000000c2c00000| Complete 
|1069|0x00000000c2d00000, 0x00000000c2e00000, 0x00000000c2e00000|100%| E|CS|TAMS 0x00000000c2d00000| PB 0x00000000c2d00000| Complete 
|1070|0x00000000c2e00000, 0x00000000c2f00000, 0x00000000c2f00000|100%| E|CS|TAMS 0x00000000c2e00000| PB 0x00000000c2e00000| Complete 
|1071|0x00000000c2f00000, 0x00000000c3000000, 0x00000000c3000000|100%| E|CS|TAMS 0x00000000c2f00000| PB 0x00000000c2f00000| Complete 
|1072|0x00000000c3000000, 0x00000000c3100000, 0x00000000c3100000|100%| E|CS|TAMS 0x00000000c3000000| PB 0x00000000c3000000| Complete 
|1073|0x00000000c3100000, 0x00000000c3200000, 0x00000000c3200000|100%| E|CS|TAMS 0x00000000c3100000| PB 0x00000000c3100000| Complete 
|1074|0x00000000c3200000, 0x00000000c3300000, 0x00000000c3300000|100%| E|CS|TAMS 0x00000000c3200000| PB 0x00000000c3200000| Complete 
|1075|0x00000000c3300000, 0x00000000c3400000, 0x00000000c3400000|100%| E|CS|TAMS 0x00000000c3300000| PB 0x00000000c3300000| Complete 
|1076|0x00000000c3400000, 0x00000000c3500000, 0x00000000c3500000|100%| E|CS|TAMS 0x00000000c3400000| PB 0x00000000c3400000| Complete 
|1077|0x00000000c3500000, 0x00000000c3600000, 0x00000000c3600000|100%| E|CS|TAMS 0x00000000c3500000| PB 0x00000000c3500000| Complete 
|1078|0x00000000c3600000, 0x00000000c3700000, 0x00000000c3700000|100%| E|CS|TAMS 0x00000000c3600000| PB 0x00000000c3600000| Complete 
|1079|0x00000000c3700000, 0x00000000c3800000, 0x00000000c3800000|100%| E|CS|TAMS 0x00000000c3700000| PB 0x00000000c3700000| Complete 
|1080|0x00000000c3800000, 0x00000000c3900000, 0x00000000c3900000|100%| E|CS|TAMS 0x00000000c3800000| PB 0x00000000c3800000| Complete 
|2020|0x00000000fe400000, 0x00000000fe500000, 0x00000000fe500000|100%| E|CS|TAMS 0x00000000fe400000| PB 0x00000000fe400000| Complete 
|2021|0x00000000fe500000, 0x00000000fe600000, 0x00000000fe600000|100%| E|CS|TAMS 0x00000000fe500000| PB 0x00000000fe500000| Complete 
|2022|0x00000000fe600000, 0x00000000fe700000, 0x00000000fe700000|100%| O|  |TAMS 0x00000000fe600000| PB 0x00000000fe600000| Untracked 
|2023|0x00000000fe700000, 0x00000000fe800000, 0x00000000fe800000|100%| O|  |TAMS 0x00000000fe700000| PB 0x00000000fe700000| Untracked 
|2024|0x00000000fe800000, 0x00000000fe900000, 0x00000000fe900000|100%| O|  |TAMS 0x00000000fe800000| PB 0x00000000fe800000| Untracked 
|2025|0x00000000fe900000, 0x00000000fea00000, 0x00000000fea00000|100%| O|  |TAMS 0x00000000fe900000| PB 0x00000000fe900000| Untracked 
|2026|0x00000000fea00000, 0x00000000feb00000, 0x00000000feb00000|100%| O|  |TAMS 0x00000000fea00000| PB 0x00000000fea00000| Untracked 
|2027|0x00000000feb00000, 0x00000000fec00000, 0x00000000fec00000|100%| E|CS|TAMS 0x00000000feb00000| PB 0x00000000feb00000| Complete 
|2028|0x00000000fec00000, 0x00000000fed00000, 0x00000000fed00000|100%| E|CS|TAMS 0x00000000fec00000| PB 0x00000000fec00000| Complete 
|2029|0x00000000fed00000, 0x00000000fee00000, 0x00000000fee00000|100%| E|CS|TAMS 0x00000000fed00000| PB 0x00000000fed00000| Complete 
|2030|0x00000000fee00000, 0x00000000fef00000, 0x00000000fef00000|100%| E|CS|TAMS 0x00000000fee00000| PB 0x00000000fee00000| Complete 
|2031|0x00000000fef00000, 0x00000000ff000000, 0x00000000ff000000|100%| E|CS|TAMS 0x00000000fef00000| PB 0x00000000fef00000| Complete 
|2032|0x00000000ff000000, 0x00000000ff100000, 0x00000000ff100000|100%| E|CS|TAMS 0x00000000ff000000| PB 0x00000000ff000000| Complete 
|2033|0x00000000ff100000, 0x00000000ff200000, 0x00000000ff200000|100%| E|CS|TAMS 0x00000000ff100000| PB 0x00000000ff100000| Complete 
|2034|0x00000000ff200000, 0x00000000ff300000, 0x00000000ff300000|100%| E|CS|TAMS 0x00000000ff200000| PB 0x00000000ff200000| Complete 
|2035|0x00000000ff300000, 0x00000000ff400000, 0x00000000ff400000|100%| E|CS|TAMS 0x00000000ff300000| PB 0x00000000ff300000| Complete 
|2036|0x00000000ff400000, 0x00000000ff500000, 0x00000000ff500000|100%| E|CS|TAMS 0x00000000ff400000| PB 0x00000000ff400000| Complete 
|2037|0x00000000ff500000, 0x00000000ff600000, 0x00000000ff600000|100%| E|CS|TAMS 0x00000000ff500000| PB 0x00000000ff500000| Complete 
|2038|0x00000000ff600000, 0x00000000ff700000, 0x00000000ff700000|100%| O|  |TAMS 0x00000000ff600000| PB 0x00000000ff600000| Untracked 
|2039|0x00000000ff700000, 0x00000000ff800000, 0x00000000ff800000|100%| O|  |TAMS 0x00000000ff700000| PB 0x00000000ff700000| Untracked 
|2040|0x00000000ff800000, 0x00000000ff900000, 0x00000000ff900000|100%| O|  |TAMS 0x00000000ff800000| PB 0x00000000ff800000| Untracked 
|2041|0x00000000ff900000, 0x00000000ffa00000, 0x00000000ffa00000|100%| O|  |TAMS 0x00000000ff900000| PB 0x00000000ff900000| Untracked 
|2042|0x00000000ffa00000, 0x00000000ffb00000, 0x00000000ffb00000|100%| O|  |TAMS 0x00000000ffa00000| PB 0x00000000ffa00000| Untracked 
|2043|0x00000000ffb00000, 0x00000000ffc00000, 0x00000000ffc00000|100%| O|  |TAMS 0x00000000ffb00000| PB 0x00000000ffb00000| Untracked 
|2044|0x00000000ffc00000, 0x00000000ffd00000, 0x00000000ffd00000|100%| O|  |TAMS 0x00000000ffc00000| PB 0x00000000ffc00000| Untracked 
|2045|0x00000000ffd00000, 0x00000000ffe00000, 0x00000000ffe00000|100%| O|  |TAMS 0x00000000ffd00000| PB 0x00000000ffd00000| Untracked 
|2046|0x00000000ffe00000, 0x00000000fff00000, 0x00000000fff00000|100%| E|CS|TAMS 0x00000000ffe00000| PB 0x00000000ffe00000| Complete 
|2047|0x00000000fff00000, 0x0000000100000000, 0x0000000100000000|100%| O|  |TAMS 0x00000000fff00000| PB 0x00000000fff00000| Untracked 

Card table byte_map: [0x0000015873910000,0x0000015873d10000] _byte_map_base: 0x0000015873510000

Marking Bits: (CMBitMap*) 0x00000158610d7d20
 Bits: [0x0000015873d10000, 0x0000015875d10000)

Polling page: 0x000001585f2e0000

Metaspace:

Usage:
  Non-class:    333.43 MB used.
      Class:     45.92 MB used.
       Both:    379.35 MB used.

Virtual space:
  Non-class space:      384.00 MB reserved,     335.00 MB ( 87%) committed,  6 nodes.
      Class space:        1.00 GB reserved,      47.38 MB (  5%) committed,  1 nodes.
             Both:        1.38 GB reserved,     382.38 MB ( 27%) committed. 

Chunk freelists:
   Non-Class:  1.05 MB
       Class:  624.00 KB
        Both:  1.66 MB

MaxMetaspaceSize: unlimited
CompressedClassSpaceSize: 1.00 GB
Initial GC threshold: 21.00 MB
Current GC threshold: 629.69 MB
CDS: off
 - commit_granule_bytes: 65536.
 - commit_granule_words: 8192.
 - virtual_space_node_default_size: 8388608.
 - enlarge_chunks_in_place: 1.
 - use_allocation_guard: 0.


Internal statistics:

num_allocs_failed_limit: 12.
num_arena_births: 5726.
num_arena_deaths: 188.
num_vsnodes_births: 7.
num_vsnodes_deaths: 0.
num_space_committed: 6547.
num_space_uncommitted: 146.
num_chunks_returned_to_freelist: 2422.
num_chunks_taken_from_freelist: 23888.
num_chunk_merges: 838.
num_chunk_splits: 16252.
num_chunks_enlarged: 11120.
num_inconsistent_stats: 0.

CodeHeap 'non-profiled nmethods': size=120000Kb used=33184Kb max_used=33184Kb free=86815Kb
 bounds [0x000001586bcb0000, 0x000001586dd20000, 0x00000158731e0000]
CodeHeap 'profiled nmethods': size=120000Kb used=70403Kb max_used=100546Kb free=49596Kb
 bounds [0x00000158641e0000, 0x000001586a4d0000, 0x000001586b710000]
CodeHeap 'non-nmethods': size=5760Kb used=2540Kb max_used=2658Kb free=3219Kb
 bounds [0x000001586b710000, 0x000001586b9c0000, 0x000001586bcb0000]
CodeCache: size=245760Kb, used=106127Kb, max_used=136388Kb, free=139630Kb
 total_blobs=24446, nmethods=23089, adapters=1255, full_count=0
Compilation: enabled, stopped_count=0, restarted_count=0

Compilation events (20 events):
Event: 554.260 Thread 0x0000015878972340 nmethod 86233 0x000001586a10a390 code [0x000001586a10b6e0, 0x000001586a115f40]
Event: 554.274 Thread 0x00000158789701c0 86234       4       com.intellij.extapi.psi.StubBasedPsiElementBase::getStubOrPsiChildren (116 bytes)
Event: 554.282 Thread 0x0000015878972340 86235       3       com.intellij.psi.impl.compiled.ClsParameterImpl::calcNiceParameterName (161 bytes)
Event: 554.290 Thread 0x0000015878972340 nmethod 86235 0x0000015865aad890 code [0x0000015865aadd40, 0x0000015865ab0080]
Event: 554.311 Thread 0x00000158789701c0 nmethod 86234 0x000001586dd16690 code [0x000001586dd16920, 0x000001586dd177c0]
Event: 554.585 Thread 0x00000158789701c0 86236       4       com.android.tools.lint.checks.fx.analysis.Analysis::eval$loop (5677 bytes)
Event: 554.620 Thread 0x0000015878972340 86238       3       com.android.tools.lint.checks.fx.result.Type$Sym$Invoke::equals (55 bytes)
Event: 554.621 Thread 0x0000015878972340 nmethod 86238 0x0000015869f6af90 code [0x0000015869f6b160, 0x0000015869f6b6f8]
Event: 554.722 Thread 0x0000015878972340 86239       3       com.intellij.psi.PsiCapturedWildcardType::equals (161 bytes)
Event: 554.725 Thread 0x0000015878972340 nmethod 86239 0x0000015866434010 code [0x0000015866434300, 0x0000015866435470]
Event: 555.050 Thread 0x0000015878972340 86240       3       com.android.tools.lint.checks.fx.analysis.Analysis$eval$loop$15::invoke (9 bytes)
Event: 555.050 Thread 0x0000015878972340 nmethod 86240 0x0000015869ddff10 code [0x0000015869de00c0, 0x0000015869de02f8]
Event: 555.050 Thread 0x0000015878972340 86241       3       com.android.tools.lint.checks.fx.analysis.Analysis$eval$loop$15::invoke (47 bytes)
Event: 555.052 Thread 0x0000015878972340 nmethod 86241 0x000001586a316090 code [0x000001586a3162c0, 0x000001586a3168e0]
Event: 555.209 Thread 0x0000015878972340 86242       3       org.jetbrains.kotlin.analysis.api.fir.symbols.KaFirAnonymousFunctionSymbol::getValueParameters (206 bytes)
Event: 555.213 Thread 0x0000015878972340 nmethod 86242 0x0000015864ed5390 code [0x0000015864ed5760, 0x0000015864ed71f0]
Event: 555.497 Thread 0x0000015878972340 86244       3       com.android.tools.lint.checks.fx.analysis.Analysis$eval$loop$6::invoke (9 bytes)
Event: 555.498 Thread 0x0000015878972340 nmethod 86244 0x000001586a315b90 code [0x000001586a315d40, 0x000001586a315f78]
Event: 555.498 Thread 0x0000015878972340 86245       3       com.android.tools.lint.checks.fx.analysis.Analysis$eval$loop$6::invoke (47 bytes)
Event: 555.499 Thread 0x0000015878972340 nmethod 86245 0x000001586a3a5790 code [0x000001586a3a59c0, 0x000001586a3a5fe0]

GC Heap History (20 events):
Event: 442.233 GC heap before
{Heap before GC invocations=140 (full 0):
 garbage-first heap   total 1068032K, used 1013248K [0x0000000080000000, 0x0000000100000000)
  region size 1024K, 527 young (539648K), 34 survivors (34816K)
 Metaspace       used 383830K, committed 386880K, reserved 1441792K
  class space    used 46466K, committed 47936K, reserved 1048576K
}
Event: 442.302 GC heap after
{Heap after GC invocations=141 (full 0):
 garbage-first heap   total 1072128K, used 511488K [0x0000000080000000, 0x0000000100000000)
  region size 1024K, 44 young (45056K), 44 survivors (45056K)
 Metaspace       used 383830K, committed 386880K, reserved 1441792K
  class space    used 46466K, committed 47936K, reserved 1048576K
}
Event: 442.378 GC heap before
{Heap before GC invocations=141 (full 0):
 garbage-first heap   total 1072128K, used 536064K [0x0000000080000000, 0x0000000100000000)
  region size 1024K, 68 young (69632K), 44 survivors (45056K)
 Metaspace       used 383831K, committed 386880K, reserved 1441792K
  class space    used 46466K, committed 47936K, reserved 1048576K
}
Event: 442.416 GC heap after
{Heap after GC invocations=142 (full 0):
 garbage-first heap   total 1072128K, used 514560K [0x0000000080000000, 0x0000000100000000)
  region size 1024K, 4 young (4096K), 4 survivors (4096K)
 Metaspace       used 383831K, committed 386880K, reserved 1441792K
  class space    used 46466K, committed 47936K, reserved 1048576K
}
Event: 479.717 GC heap before
{Heap before GC invocations=142 (full 0):
 garbage-first heap   total 1072128K, used 1017344K [0x0000000080000000, 0x0000000100000000)
  region size 1024K, 495 young (506880K), 4 survivors (4096K)
 Metaspace       used 379179K, committed 386880K, reserved 1441792K
  class space    used 45897K, committed 47936K, reserved 1048576K
}
Event: 480.053 GC heap after
{Heap after GC invocations=143 (full 0):
 garbage-first heap   total 1072128K, used 519928K [0x0000000080000000, 0x0000000100000000)
  region size 1024K, 10 young (10240K), 10 survivors (10240K)
 Metaspace       used 379179K, committed 386880K, reserved 1441792K
  class space    used 45897K, committed 47936K, reserved 1048576K
}
Event: 481.695 GC heap before
{Heap before GC invocations=143 (full 0):
 garbage-first heap   total 1072128K, used 562936K [0x0000000080000000, 0x0000000100000000)
  region size 1024K, 52 young (53248K), 10 survivors (10240K)
 Metaspace       used 379184K, committed 386880K, reserved 1441792K
  class space    used 45897K, committed 47936K, reserved 1048576K
}
Event: 481.736 GC heap after
{Heap after GC invocations=144 (full 0):
 garbage-first heap   total 1072128K, used 520685K [0x0000000080000000, 0x0000000100000000)
  region size 1024K, 2 young (2048K), 2 survivors (2048K)
 Metaspace       used 379184K, committed 386880K, reserved 1441792K
  class space    used 45897K, committed 47936K, reserved 1048576K
}
Event: 494.540 GC heap before
{Heap before GC invocations=145 (full 0):
 garbage-first heap   total 1072128K, used 814573K [0x0000000080000000, 0x0000000100000000)
  region size 1024K, 289 young (295936K), 2 survivors (2048K)
 Metaspace       used 379310K, committed 386880K, reserved 1441792K
  class space    used 45903K, committed 47936K, reserved 1048576K
}
Event: 494.998 GC heap after
{Heap after GC invocations=146 (full 0):
 garbage-first heap   total 1072128K, used 525746K [0x0000000080000000, 0x0000000100000000)
  region size 1024K, 7 young (7168K), 7 survivors (7168K)
 Metaspace       used 379310K, committed 386880K, reserved 1441792K
  class space    used 45903K, committed 47936K, reserved 1048576K
}
Event: 503.061 GC heap before
{Heap before GC invocations=146 (full 0):
 garbage-first heap   total 1072128K, used 1017266K [0x0000000080000000, 0x0000000100000000)
  region size 1024K, 487 young (498688K), 7 survivors (7168K)
 Metaspace       used 379578K, committed 386880K, reserved 1441792K
  class space    used 45929K, committed 47936K, reserved 1048576K
}
Event: 503.397 GC heap after
{Heap after GC invocations=147 (full 0):
 garbage-first heap   total 1072128K, used 529365K [0x0000000080000000, 0x0000000100000000)
  region size 1024K, 20 young (20480K), 20 survivors (20480K)
 Metaspace       used 379578K, committed 386880K, reserved 1441792K
  class space    used 45929K, committed 47936K, reserved 1048576K
}
Event: 503.767 GC heap before
{Heap before GC invocations=147 (full 0):
 garbage-first heap   total 1072128K, used 606165K [0x0000000080000000, 0x0000000100000000)
  region size 1024K, 95 young (97280K), 20 survivors (20480K)
 Metaspace       used 379580K, committed 386880K, reserved 1441792K
  class space    used 45929K, committed 47936K, reserved 1048576K
}
Event: 503.832 GC heap after
{Heap after GC invocations=148 (full 0):
 garbage-first heap   total 1072128K, used 530904K [0x0000000080000000, 0x0000000100000000)
  region size 1024K, 12 young (12288K), 12 survivors (12288K)
 Metaspace       used 379580K, committed 386880K, reserved 1441792K
  class space    used 45929K, committed 47936K, reserved 1048576K
}
Event: 505.735 GC heap before
{Heap before GC invocations=148 (full 0):
 garbage-first heap   total 1072128K, used 881112K [0x0000000080000000, 0x0000000100000000)
  region size 1024K, 354 young (362496K), 12 survivors (12288K)
 Metaspace       used 379600K, committed 386880K, reserved 1441792K
  class space    used 45931K, committed 47936K, reserved 1048576K
}
Event: 505.741 GC heap after
{Heap after GC invocations=149 (full 0):
 garbage-first heap   total 1072128K, used 522998K [0x0000000080000000, 0x0000000100000000)
  region size 1024K, 5 young (5120K), 5 survivors (5120K)
 Metaspace       used 379600K, committed 386880K, reserved 1441792K
  class space    used 45931K, committed 47936K, reserved 1048576K
}
Event: 530.388 GC heap before
{Heap before GC invocations=150 (full 0):
 garbage-first heap   total 1072128K, used 1018614K [0x0000000080000000, 0x0000000100000000)
  region size 1024K, 487 young (498688K), 5 survivors (5120K)
 Metaspace       used 388130K, committed 391168K, reserved 1441792K
  class space    used 46986K, committed 48448K, reserved 1048576K
}
Event: 530.525 GC heap after
{Heap after GC invocations=151 (full 0):
 garbage-first heap   total 1072128K, used 544216K [0x0000000080000000, 0x0000000100000000)
  region size 1024K, 24 young (24576K), 24 survivors (24576K)
 Metaspace       used 388130K, committed 391168K, reserved 1441792K
  class space    used 46986K, committed 48448K, reserved 1048576K
}
Event: 552.458 GC heap before
{Heap before GC invocations=151 (full 0):
 garbage-first heap   total 1072128K, used 1013208K [0x0000000080000000, 0x0000000100000000)
  region size 1024K, 482 young (493568K), 24 survivors (24576K)
 Metaspace       used 388438K, committed 391488K, reserved 1441792K
  class space    used 47019K, committed 48512K, reserved 1048576K
}
Event: 552.523 GC heap after
{Heap after GC invocations=152 (full 0):
 garbage-first heap   total 1072128K, used 543770K [0x0000000080000000, 0x0000000100000000)
  region size 1024K, 25 young (25600K), 25 survivors (25600K)
 Metaspace       used 388438K, committed 391488K, reserved 1441792K
  class space    used 47019K, committed 48512K, reserved 1048576K
}

Dll operation events (6 events):
Event: 0.017 Loaded shared library C:\Program Files\Android\Android Studio\jbr\bin\java.dll
Event: 0.023 Loaded shared library C:\Program Files\Android\Android Studio\jbr\bin\zip.dll
Event: 0.711 Loaded shared library C:\Program Files\Android\Android Studio\jbr\bin\verify.dll
Event: 253.526 Unloaded dll "C:\Users\dell\AppData\Local\Temp\sqlite-3.41.2.2-333bb89d-ebc3-402c-bf7e-2363b4837765-sqlitejdbc.dll" [0x00007ffb71090000]
Event: 253.538 Unloaded dll "C:\Users\dell\AppData\Local\Temp\sqlite-3.41.2.2-ae535bd3-6a28-4682-9876-20bf8ddcdaed-sqlitejdbc.dll" [0x00007ffb77ef0000]
Event: 458.154 Unloaded dll "C:\Users\dell\AppData\Local\Temp\sqlite-3.41.2.2-7445697b-495e-4ce1-8de8-f0456f9508bc-sqlitejdbc.dll" [0x00007ffb77ef0000]

Deoptimization events (20 events):
Event: 552.375 Thread 0x0000015804128a50 Uncommon trap: trap_request=0xffffffc6 fr.pc=0x000001586c4555a0 relative=0x00000000000002c0
Event: 552.375 Thread 0x0000015804128a50 Uncommon trap: reason=bimorphic_or_optimized_type_check action=maybe_recompile pc=0x000001586c4555a0 method=org.jetbrains.uast.util.UastExpressionUtils.isConstructorCall(Lorg/jetbrains/uast/UElement;)Z @ 25 c2
Event: 552.375 Thread 0x0000015804128a50 DEOPT PACKING pc=0x000001586c4555a0 sp=0x000000112eff8390
Event: 552.375 Thread 0x0000015804128a50 DEOPT UNPACKING pc=0x000001586b7643a2 sp=0x000000112eff8358 mode 2
Event: 552.666 Thread 0x0000015804128a50 Uncommon trap: trap_request=0xffffffc6 fr.pc=0x000001586c4555a0 relative=0x00000000000002c0
Event: 552.666 Thread 0x0000015804128a50 Uncommon trap: reason=bimorphic_or_optimized_type_check action=maybe_recompile pc=0x000001586c4555a0 method=org.jetbrains.uast.util.UastExpressionUtils.isConstructorCall(Lorg/jetbrains/uast/UElement;)Z @ 25 c2
Event: 552.666 Thread 0x0000015804128a50 DEOPT PACKING pc=0x000001586c4555a0 sp=0x000000112eff7930
Event: 552.668 Thread 0x0000015804128a50 DEOPT UNPACKING pc=0x000001586b7643a2 sp=0x000000112eff78f8 mode 2
Event: 552.681 Thread 0x0000015804128a50 Uncommon trap: trap_request=0xffffffc6 fr.pc=0x000001586c4555a0 relative=0x00000000000002c0
Event: 552.681 Thread 0x0000015804128a50 Uncommon trap: reason=bimorphic_or_optimized_type_check action=maybe_recompile pc=0x000001586c4555a0 method=org.jetbrains.uast.util.UastExpressionUtils.isConstructorCall(Lorg/jetbrains/uast/UElement;)Z @ 25 c2
Event: 552.681 Thread 0x0000015804128a50 DEOPT PACKING pc=0x000001586c4555a0 sp=0x000000112eff7930
Event: 552.682 Thread 0x0000015804128a50 DEOPT UNPACKING pc=0x000001586b7643a2 sp=0x000000112eff78f8 mode 2
Event: 554.512 Thread 0x0000015804128a50 Uncommon trap: trap_request=0xffffffde fr.pc=0x000001586dcbb824 relative=0x000000000000d0a4
Event: 554.512 Thread 0x0000015804128a50 Uncommon trap: reason=class_check action=maybe_recompile pc=0x000001586dcbb824 method=com.android.tools.lint.checks.fx.analysis.Analysis.eval$loop(Lcom/android/tools/lint/checks/fx/analysis/Analysis$Mode;Lcom/android/tools/lint/checks/fx/analysis/Analysis
Event: 554.512 Thread 0x0000015804128a50 DEOPT PACKING pc=0x000001586dcbb824 sp=0x000000112eff7aa0
Event: 554.512 Thread 0x0000015804128a50 DEOPT UNPACKING pc=0x000001586b7643a2 sp=0x000000112eff7990 mode 2
Event: 554.584 Thread 0x0000015804128a50 Uncommon trap: trap_request=0xffffffde fr.pc=0x000001586dcbb824 relative=0x000000000000d0a4
Event: 554.584 Thread 0x0000015804128a50 Uncommon trap: reason=class_check action=maybe_recompile pc=0x000001586dcbb824 method=com.android.tools.lint.checks.fx.analysis.Analysis.eval$loop(Lcom/android/tools/lint/checks/fx/analysis/Analysis$Mode;Lcom/android/tools/lint/checks/fx/analysis/Analysis
Event: 554.584 Thread 0x0000015804128a50 DEOPT PACKING pc=0x000001586dcbb824 sp=0x000000112eff7880
Event: 554.584 Thread 0x0000015804128a50 DEOPT UNPACKING pc=0x000001586b7643a2 sp=0x000000112eff7770 mode 2

Classes loaded (20 events):
Event: 524.845 Loading class javax/imageio/spi/PartialOrderIterator
Event: 524.845 Loading class javax/imageio/spi/PartialOrderIterator done
Event: 524.846 Loading class javax/imageio/ImageIO$CacheInfo
Event: 524.847 Loading class javax/imageio/ImageIO$CacheInfo done
Event: 524.847 Loading class javax/imageio/stream/FileImageInputStream
Event: 524.848 Loading class javax/imageio/stream/ImageInputStreamImpl
Event: 524.851 Loading class javax/imageio/stream/ImageInputStreamImpl done
Event: 524.851 Loading class javax/imageio/stream/FileImageInputStream done
Event: 524.852 Loading class com/sun/imageio/stream/CloseableDisposerRecord
Event: 524.852 Loading class com/sun/imageio/stream/CloseableDisposerRecord done
Event: 524.852 Loading class javax/imageio/ImageIO$CanDecodeInputFilter
Event: 524.853 Loading class javax/imageio/spi/ServiceRegistry$Filter
Event: 524.853 Loading class javax/imageio/spi/ServiceRegistry$Filter done
Event: 524.853 Loading class javax/imageio/ImageIO$CanDecodeInputFilter done
Event: 524.853 Loading class javax/imageio/spi/FilterIterator
Event: 524.853 Loading class javax/imageio/spi/FilterIterator done
Event: 524.853 Loading class com/sun/imageio/plugins/common/ReaderUtil
Event: 524.854 Loading class com/sun/imageio/plugins/common/ReaderUtil done
Event: 524.855 Loading class javax/imageio/ImageIO$ImageReaderIterator
Event: 524.856 Loading class javax/imageio/ImageIO$ImageReaderIterator done

Classes unloaded (20 events):
Event: 443.190 Thread 0x00000158788bb3a0 Unloading class 0x0000000101d70a80 'dagger/spi/internal/shaded/androidx/room3/compiler/processing/XProcessingStep'
Event: 443.190 Thread 0x00000158788bb3a0 Unloading class 0x0000000101d707b8 'dagger/hilt/processor/internal/uninstallmodules/KspUninstallModulesProcessor'
Event: 443.190 Thread 0x00000158788bb3a0 Unloading class 0x0000000101d704f0 'dagger/hilt/processor/internal/KspBaseProcessingStepProcessor'
Event: 443.190 Thread 0x00000158788bb3a0 Unloading class 0x0000000101d70230 'dagger/spi/internal/shaded/androidx/room3/compiler/processing/ksp/KspBasicAnnotationProcessor'
Event: 443.190 Thread 0x00000158788bb3a0 Unloading class 0x0000000101d70000 'dagger/spi/internal/shaded/androidx/room3/compiler/processing/XBasicAnnotationProcessor'
Event: 443.190 Thread 0x00000158788bb3a0 Unloading class 0x0000000101b4eb90 'dagger/internal/codegen/KspComponentProcessor$Provider'
Event: 443.190 Thread 0x00000158788bb3a0 Unloading class 0x0000000101b4e940 'androidx/room/RoomKspProcessor$Provider'
Event: 443.190 Thread 0x00000158788bb3a0 Unloading class 0x0000000101b4e6f0 'dagger/hilt/android/processor/internal/customtestapplication/KspCustomTestApplicationProcessor$Provider'
Event: 443.191 Thread 0x00000158788bb3a0 Unloading class 0x0000000101b4e4a0 'dagger/hilt/processor/internal/generatesrootinput/KspGeneratesRootInputProcessor$Provider'
Event: 443.191 Thread 0x00000158788bb3a0 Unloading class 0x0000000101b4e250 'dagger/hilt/processor/internal/aggregateddeps/KspAggregatedDepsProcessor$Provider'
Event: 443.191 Thread 0x00000158788bb3a0 Unloading class 0x0000000101b4e000 'dagger/hilt/processor/internal/aliasof/KspAliasOfProcessor$Provider'
Event: 443.191 Thread 0x00000158788bb3a0 Unloading class 0x0000000101b4db90 'dagger/hilt/processor/internal/root/KspRootProcessor$Provider'
Event: 443.191 Thread 0x00000158788bb3a0 Unloading class 0x0000000101b4d940 'dagger/hilt/processor/internal/root/KspComponentTreeDepsProcessor$Provider'
Event: 443.191 Thread 0x00000158788bb3a0 Unloading class 0x0000000101b4d6f0 'dagger/hilt/android/processor/internal/bindvalue/KspBindValueProcessor$Provider'
Event: 443.192 Thread 0x00000158788bb3a0 Unloading class 0x0000000101b4d4a0 'dagger/hilt/processor/internal/originatingelement/KspOriginatingElementProcessor$Provider'
Event: 443.192 Thread 0x00000158788bb3a0 Unloading class 0x0000000101b4d250 'dagger/hilt/processor/internal/definecomponent/KspDefineComponentProcessor$Provider'
Event: 443.192 Thread 0x00000158788bb3a0 Unloading class 0x0000000101b4d000 'dagger/hilt/android/processor/internal/androidentrypoint/KspAndroidEntryPointProcessor$Provider'
Event: 443.192 Thread 0x00000158788bb3a0 Unloading class 0x0000000101b4cca0 'dagger/hilt/processor/internal/earlyentrypoint/KspEarlyEntryPointProcessor$Provider'
Event: 443.192 Thread 0x00000158788bb3a0 Unloading class 0x0000000101b4ca50 'dagger/hilt/android/processor/internal/viewmodel/KspViewModelProcessor$Provider'
Event: 443.192 Thread 0x00000158788bb3a0 Unloading class 0x0000000101b4c800 'dagger/hilt/processor/internal/uninstallmodules/KspUninstallModulesProcessor$Provider'

Classes redefined (0 events):
No events

Internal exceptions (20 events):
Event: 521.659 Thread 0x0000015804128a50 Exception <a 'sun/nio/fs/WindowsException'{0x00000000adf1ca50}> (0x00000000adf1ca50) 
thrown [s\src\hotspot\share\prims\jni.cpp, line 537]
Event: 522.166 Thread 0x0000015804128a50 Exception <a 'sun/nio/fs/WindowsException'{0x00000000ade9b010}> (0x00000000ade9b010) 
thrown [s\src\hotspot\share\prims\jni.cpp, line 537]
Event: 522.656 Thread 0x00000158009783e0 Exception <a 'sun/nio/fs/WindowsException'{0x00000000add8a7c8}> (0x00000000add8a7c8) 
thrown [s\src\hotspot\share\prims\jni.cpp, line 537]
Event: 522.733 Thread 0x0000015804128a50 Exception <a 'sun/nio/fs/WindowsException'{0x00000000adc9e0b8}> (0x00000000adc9e0b8) 
thrown [s\src\hotspot\share\prims\jni.cpp, line 537]
Event: 522.740 Thread 0x0000015804128a50 Exception <a 'sun/nio/fs/WindowsException'{0x00000000adcf9c60}> (0x00000000adcf9c60) 
thrown [s\src\hotspot\share\prims\jni.cpp, line 537]
Event: 522.759 Thread 0x0000015804128a50 Exception <a 'sun/nio/fs/WindowsException'{0x00000000adb3aaf0}> (0x00000000adb3aaf0) 
thrown [s\src\hotspot\share\prims\jni.cpp, line 537]
Event: 523.310 Thread 0x0000015804128a50 Exception <a 'sun/nio/fs/WindowsException'{0x00000000ada67670}> (0x00000000ada67670) 
thrown [s\src\hotspot\share\prims\jni.cpp, line 537]
Event: 523.867 Thread 0x0000015804128a50 Exception <a 'sun/nio/fs/WindowsException'{0x00000000adac0160}> (0x00000000adac0160) 
thrown [s\src\hotspot\share\prims\jni.cpp, line 537]
Event: 523.899 Thread 0x0000015804128a50 Exception <a 'sun/nio/fs/WindowsException'{0x00000000ad7c8e10}> (0x00000000ad7c8e10) 
thrown [s\src\hotspot\share\prims\jni.cpp, line 537]
Event: 523.906 Thread 0x0000015804128a50 Exception <a 'sun/nio/fs/WindowsException'{0x00000000ad7eb4c0}> (0x00000000ad7eb4c0) 
thrown [s\src\hotspot\share\prims\jni.cpp, line 537]
Event: 523.918 Thread 0x0000015804128a50 Exception <a 'sun/nio/fs/WindowsException'{0x00000000ad666c48}> (0x00000000ad666c48) 
thrown [s\src\hotspot\share\prims\jni.cpp, line 537]
Event: 523.922 Thread 0x0000015804128a50 Exception <a 'sun/nio/fs/WindowsException'{0x00000000ad669408}> (0x00000000ad669408) 
thrown [s\src\hotspot\share\prims\jni.cpp, line 537]
Event: 524.917 Thread 0x0000015804128a50 Exception <a 'sun/nio/fs/WindowsException'{0x00000000ad4eaf20}> (0x00000000ad4eaf20) 
thrown [s\src\hotspot\share\prims\jni.cpp, line 537]
Event: 524.917 Thread 0x0000015804128a50 Exception <a 'sun/nio/fs/WindowsException'{0x00000000ad4ebbd0}> (0x00000000ad4ebbd0) 
thrown [s\src\hotspot\share\prims\jni.cpp, line 537]
Event: 525.165 Thread 0x0000015804128a50 Implicit null exception at 0x000001586cb8ac29 to 0x000001586cb8cf78
Event: 525.172 Thread 0x0000015804128a50 Implicit null exception at 0x000001586cf34ef4 to 0x000001586cf38cbc
Event: 532.899 Thread 0x00000158009783e0 Exception <a 'sun/nio/fs/WindowsException'{0x00000000c188b2d8}> (0x00000000c188b2d8) 
thrown [s\src\hotspot\share\prims\jni.cpp, line 537]
Event: 542.682 Thread 0x00000158009783e0 Exception <a 'sun/nio/fs/WindowsException'{0x00000000c0c874c0}> (0x00000000c0c874c0) 
thrown [s\src\hotspot\share\prims\jni.cpp, line 537]
Event: 549.333 Thread 0x0000015804128a50 Implicit null exception at 0x000001586dc61ee7 to 0x000001586dc68b0c
Event: 552.656 Thread 0x00000158009783e0 Exception <a 'sun/nio/fs/WindowsException'{0x00000000c3486f48}> (0x00000000c3486f48) 
thrown [s\src\hotspot\share\prims\jni.cpp, line 537]

ZGC Phase Switch (0 events):
No events

VM Operations (20 events):
Event: 542.725 Executing safepoint VM operation: Cleanup
Event: 542.733 Executing safepoint VM operation: Cleanup done
Event: 543.733 Executing safepoint VM operation: Cleanup
Event: 543.743 Executing safepoint VM operation: Cleanup done
Event: 545.743 Executing safepoint VM operation: Cleanup
Event: 545.743 Executing safepoint VM operation: Cleanup done
Event: 546.743 Executing safepoint VM operation: Cleanup
Event: 546.744 Executing safepoint VM operation: Cleanup done
Event: 548.744 Executing safepoint VM operation: Cleanup
Event: 549.076 Executing safepoint VM operation: Cleanup done
Event: 550.077 Executing safepoint VM operation: Cleanup
Event: 550.077 Executing safepoint VM operation: Cleanup done
Event: 551.078 Executing safepoint VM operation: Cleanup
Event: 551.078 Executing safepoint VM operation: Cleanup done
Event: 552.457 Executing safepoint VM operation: G1CollectForAllocation (G1 Evacuation Pause)
Event: 552.523 Executing safepoint VM operation: G1CollectForAllocation (G1 Evacuation Pause) done
Event: 553.523 Executing safepoint VM operation: Cleanup
Event: 553.523 Executing safepoint VM operation: Cleanup done
Event: 555.524 Executing safepoint VM operation: Cleanup
Event: 555.524 Executing safepoint VM operation: Cleanup done

Memory protections (0 events):
No events

Nmethod flushes (20 events):
Event: 508.360 Thread 0x00000158788bb3a0 flushing  nmethod 0x0000015868a82890
Event: 508.360 Thread 0x00000158788bb3a0 flushing  nmethod 0x0000015868ecad90
Event: 508.360 Thread 0x00000158788bb3a0 flushing  nmethod 0x00000158690cfa10
Event: 508.364 Thread 0x00000158788bb3a0 flushing  nmethod 0x00000158690d7e90
Event: 508.364 Thread 0x00000158788bb3a0 flushing  nmethod 0x00000158690e8290
Event: 508.364 Thread 0x00000158788bb3a0 flushing  nmethod 0x00000158691de110
Event: 508.364 Thread 0x00000158788bb3a0 flushing  nmethod 0x00000158691ec110
Event: 508.364 Thread 0x00000158788bb3a0 flushing  nmethod 0x00000158691f6310
Event: 508.364 Thread 0x00000158788bb3a0 flushing  nmethod 0x00000158696fce10
Event: 508.365 Thread 0x00000158788bb3a0 flushing  nmethod 0x0000015869702690
Event: 508.365 Thread 0x00000158788bb3a0 flushing  nmethod 0x0000015869703d10
Event: 508.365 Thread 0x00000158788bb3a0 flushing  nmethod 0x0000015869704210
Event: 508.365 Thread 0x00000158788bb3a0 flushing  nmethod 0x0000015869704b10
Event: 508.365 Thread 0x00000158788bb3a0 flushing  nmethod 0x0000015869706010
Event: 508.367 Thread 0x00000158788bb3a0 flushing  nmethod 0x000001586986c310
Event: 508.367 Thread 0x00000158788bb3a0 flushing  nmethod 0x0000015869d1cc10
Event: 508.367 Thread 0x00000158788bb3a0 flushing  nmethod 0x0000015869e47d90
Event: 508.367 Thread 0x00000158788bb3a0 flushing  nmethod 0x0000015869eb3790
Event: 508.367 Thread 0x00000158788bb3a0 flushing  nmethod 0x0000015869eb7190
Event: 508.367 Thread 0x00000158788bb3a0 flushing  nmethod 0x0000015869faa810

Events (20 events):
Event: 523.009 Thread 0x000001580f0381e0 Thread exited: 0x000001580f0381e0
Event: 523.010 Thread 0x0000015878972340 Thread added: 0x000001580e4ad6e0
Event: 523.267 Thread 0x000001580e4ad6e0 Thread exited: 0x000001580e4ad6e0
Event: 523.588 Thread 0x0000015804128a50 Thread added: 0x000001580f0381e0
Event: 523.589 Thread 0x000001580f0381e0 Thread exited: 0x000001580f0381e0
Event: 524.197 Thread 0x0000015804128a50 Thread added: 0x000001580f0381e0
Event: 524.197 Thread 0x000001580f0381e0 Thread exited: 0x000001580f0381e0
Event: 524.603 Thread 0x0000015804128a50 Thread added: 0x000001580f0381e0
Event: 524.604 Thread 0x000001580f0381e0 Thread exited: 0x000001580f0381e0
Event: 524.897 Thread 0x0000015878972340 Thread added: 0x000001582115e7b0
Event: 526.944 Thread 0x000001582115e7b0 Thread exited: 0x000001582115e7b0
Event: 539.007 Thread 0x0000015803de7760 Thread exited: 0x0000015803de7760
Event: 541.840 Thread 0x0000015878972340 Thread added: 0x000001580e4ad6e0
Event: 542.069 Thread 0x0000015878972340 Thread added: 0x000001580e4aa730
Event: 542.709 Thread 0x000001580e4ad6e0 Thread exited: 0x000001580e4ad6e0
Event: 542.709 Thread 0x000001580e4aa730 Thread exited: 0x000001580e4aa730
Event: 549.552 Thread 0x0000015878972340 Thread added: 0x000001580e4aa730
Event: 550.464 Thread 0x000001580e4aa730 Thread exited: 0x000001580e4aa730
Event: 552.075 Thread 0x0000015878972340 Thread added: 0x000001581733f060
Event: 553.500 Thread 0x000001581733f060 Thread exited: 0x000001581733f060


Dynamic libraries:
0x00007ff74fa90000 - 0x00007ff74fa9a000 	C:\Program Files\Android\Android Studio\jbr\bin\java.exe
0x00007ffbe3440000 - 0x00007ffbe36a6000 	C:\WINDOWS\SYSTEM32\ntdll.dll
0x00007ffbe1170000 - 0x00007ffbe1239000 	C:\WINDOWS\System32\KERNEL32.DLL
0x00007ffbe0c30000 - 0x00007ffbe102f000 	C:\WINDOWS\System32\KERNELBASE.dll
0x00007ffbe08a0000 - 0x00007ffbe09ec000 	C:\WINDOWS\System32\ucrtbase.dll
0x00007ffbb67b0000 - 0x00007ffbb67cb000 	C:\Program Files\Android\Android Studio\jbr\bin\VCRUNTIME140.dll
0x00007ffbb2e80000 - 0x00007ffbb2e98000 	C:\Program Files\Android\Android Studio\jbr\bin\jli.dll
0x00007ffbe3030000 - 0x00007ffbe31f6000 	C:\WINDOWS\System32\USER32.dll
0x00007ffbe0b70000 - 0x00007ffbe0b97000 	C:\WINDOWS\System32\win32u.dll
0x00007ffbc79e0000 - 0x00007ffbc7c71000 	C:\WINDOWS\WinSxS\amd64_microsoft.windows.common-controls_6595b64144ccf1df_6.0.26100.8972_none_3e0da176e32f9d4b\COMCTL32.dll
0x00007ffbe27a0000 - 0x00007ffbe27cb000 	C:\WINDOWS\System32\GDI32.dll
0x00007ffbe32c0000 - 0x00007ffbe3369000 	C:\WINDOWS\System32\msvcrt.dll
0x00007ffbe1040000 - 0x00007ffbe1169000 	C:\WINDOWS\System32\gdi32full.dll
0x00007ffbe0a00000 - 0x00007ffbe0aa3000 	C:\WINDOWS\System32\msvcp_win.dll
0x00007ffbe25b0000 - 0x00007ffbe25e2000 	C:\WINDOWS\System32\IMM32.DLL
0x00007ffbc8da0000 - 0x00007ffbc8dac000 	C:\Program Files\Android\Android Studio\jbr\bin\vcruntime140_1.dll
0x00007ffb77d00000 - 0x00007ffb77d8d000 	C:\Program Files\Android\Android Studio\jbr\bin\msvcp140.dll
0x00007ffb0ca30000 - 0x00007ffb0d6c6000 	C:\Program Files\Android\Android Studio\jbr\bin\server\jvm.dll
0x00007ffbe26d0000 - 0x00007ffbe278c000 	C:\WINDOWS\System32\ADVAPI32.dll
0x00007ffbe3200000 - 0x00007ffbe32aa000 	C:\WINDOWS\System32\sechost.dll
0x00007ffbe1ed0000 - 0x00007ffbe1fe8000 	C:\WINDOWS\System32\RPCRT4.dll
0x00007ffbe1360000 - 0x00007ffbe13e2000 	C:\WINDOWS\System32\WS2_32.dll
0x00007ffbe04b0000 - 0x00007ffbe050e000 	C:\WINDOWS\SYSTEM32\POWRPROF.dll
0x00007ffbcba20000 - 0x00007ffbcba56000 	C:\WINDOWS\SYSTEM32\WINMM.dll
0x00007ffbce250000 - 0x00007ffbce25b000 	C:\WINDOWS\SYSTEM32\VERSION.dll
0x00007ffbe0490000 - 0x00007ffbe04a5000 	C:\WINDOWS\SYSTEM32\UMPDC.dll
0x00007ffbdf300000 - 0x00007ffbdf31b000 	C:\WINDOWS\SYSTEM32\kernel.appcore.dll
0x00007ffbc8c10000 - 0x00007ffbc8c1a000 	C:\Program Files\Android\Android Studio\jbr\bin\jimage.dll
0x00007ffbdaad0000 - 0x00007ffbdad12000 	C:\WINDOWS\SYSTEM32\DBGHELP.DLL
0x00007ffbe1450000 - 0x00007ffbe17d5000 	C:\WINDOWS\System32\combase.dll
0x00007ffbe25f0000 - 0x00007ffbe26c9000 	C:\WINDOWS\System32\OLEAUT32.dll
0x00007ffbc5810000 - 0x00007ffbc584b000 	C:\WINDOWS\SYSTEM32\dbgcore.DLL
0x00007ffbe0650000 - 0x00007ffbe06fc000 	C:\WINDOWS\System32\bcryptPrimitives.dll
0x00007ffbd7f40000 - 0x00007ffbd7f4e000 	C:\Program Files\Android\Android Studio\jbr\bin\instrument.dll
0x00007ffbb3280000 - 0x00007ffbb32a0000 	C:\Program Files\Android\Android Studio\jbr\bin\java.dll
0x00007ffbb31e0000 - 0x00007ffbb31f8000 	C:\Program Files\Android\Android Studio\jbr\bin\zip.dll
0x00007ffbe27d0000 - 0x00007ffbe2f58000 	C:\WINDOWS\System32\SHELL32.dll
0x00007ffbde0c0000 - 0x00007ffbde95b000 	C:\WINDOWS\SYSTEM32\windows.storage.dll
0x00007ffbe1920000 - 0x00007ffbe1a19000 	C:\WINDOWS\System32\SHCORE.dll
0x00007ffbe1830000 - 0x00007ffbe1896000 	C:\WINDOWS\System32\shlwapi.dll
0x00007ffbe0570000 - 0x00007ffbe0599000 	C:\WINDOWS\SYSTEM32\profapi.dll
0x00007ffbb9e40000 - 0x00007ffbb9e50000 	C:\Program Files\Android\Android Studio\jbr\bin\net.dll
0x00007ffbd7030000 - 0x00007ffbd7158000 	C:\WINDOWS\SYSTEM32\WINHTTP.dll
0x00007ffbdf890000 - 0x00007ffbdf8fc000 	C:\WINDOWS\system32\mswsock.dll
0x00007ffbb30d0000 - 0x00007ffbb30e6000 	C:\Program Files\Android\Android Studio\jbr\bin\nio.dll
0x00007ffbb3220000 - 0x00007ffbb3230000 	C:\Program Files\Android\Android Studio\jbr\bin\verify.dll
0x00007ffbc8c40000 - 0x00007ffbc8c67000 	C:\Users\dell\.gradle\native\660c5614fbf4a5f2a75b1949f50a0caf5cd603558e7d8a26e50b933a0cfb79d1\windows-amd64\native-platform.dll
0x00007ffb990c0000 - 0x00007ffb99137000 	C:\Users\dell\.gradle\native\0.2.8\x86_64-windows-gnu\gradle-fileevents.dll
0x00007ffbb85e0000 - 0x00007ffbb85e9000 	C:\Program Files\Android\Android Studio\jbr\bin\management.dll
0x00007ffbb3dd0000 - 0x00007ffbb3ddb000 	C:\Program Files\Android\Android Studio\jbr\bin\management_ext.dll
0x00007ffbe32b0000 - 0x00007ffbe32b8000 	C:\WINDOWS\System32\PSAPI.DLL
0x00007ffbdecb0000 - 0x00007ffbdece3000 	C:\WINDOWS\SYSTEM32\IPHLPAPI.DLL
0x00007ffbe3020000 - 0x00007ffbe302a000 	C:\WINDOWS\System32\NSI.dll
0x00007ffbb9e10000 - 0x00007ffbb9e19000 	C:\Program Files\Android\Android Studio\jbr\bin\extnet.dll
0x00007ffbdfcb0000 - 0x00007ffbdfccb000 	C:\WINDOWS\SYSTEM32\CRYPTSP.dll
0x00007ffbdf260000 - 0x00007ffbdf299000 	C:\WINDOWS\system32\rsaenh.dll
0x00007ffbdf940000 - 0x00007ffbdf972000 	C:\WINDOWS\SYSTEM32\USERENV.dll
0x00007ffbe0540000 - 0x00007ffbe056a000 	C:\WINDOWS\SYSTEM32\bcrypt.dll
0x00007ffbdfaf0000 - 0x00007ffbdfafc000 	C:\WINDOWS\SYSTEM32\CRYPTBASE.dll
0x00007ffbaac20000 - 0x00007ffbaac28000 	C:\WINDOWS\system32\wshunix.dll
0x00007ffb61e50000 - 0x00007ffb61fe9000 	C:\Program Files\Android\Android Studio\jbr\bin\awt.dll
0x00007ffba4cc0000 - 0x00007ffba4d04000 	C:\Program Files\Android\Android Studio\jbr\bin\nvdaControllerClient64.dll
0x00007ffbc1800000 - 0x00007ffbc1875000 	C:\WINDOWS\SYSTEM32\OLEACC.dll
0x00007ffbda510000 - 0x00007ffbda53f000 	C:\WINDOWS\SYSTEM32\dwmapi.dll
0x00007ffbd9ec0000 - 0x00007ffbd9f5f000 	C:\WINDOWS\SYSTEM32\apphelp.dll
0x00007ffbda280000 - 0x00007ffbda328000 	C:\WINDOWS\system32\uxtheme.dll
0x00007ffbe2440000 - 0x00007ffbe259d000 	C:\WINDOWS\System32\MSCTF.dll
0x00007ffbe22a0000 - 0x00007ffbe2439000 	C:\WINDOWS\System32\ole32.dll
0x00007ffbdf430000 - 0x00007ffbdf466000 	C:\WINDOWS\SYSTEM32\ntmarta.dll
0x00007ffbc8e40000 - 0x00007ffbc8e47000 	C:\Program Files\Android\Android Studio\jbr\bin\rmi.dll
0x00007ffb994e0000 - 0x00007ffb99521000 	C:\Users\dell\AppData\Local\Temp\jna-3079617\jna3294852417107644043.dll
0x00007ffbded40000 - 0x00007ffbdee98000 	C:\WINDOWS\SYSTEM32\DNSAPI.dll
0x00007ffbdf690000 - 0x00007ffbdf69d000 	C:\WINDOWS\SYSTEM32\DSPARSE.dll
0x00007ffbd3ba0000 - 0x00007ffbd3bab000 	C:\Windows\System32\rasadhlp.dll
0x00007ffbd7990000 - 0x00007ffbd7a16000 	C:\WINDOWS\System32\fwpuclnt.dll

JVMTI agents:
C:\Users\dell\.gradle\wrapper\dists\gradle-9.4.1-bin\arn2x92ynaizyzdaamcbpbhtj\gradle-9.4.1\lib\agents\gradle-instrumentation-agent-9.4.1.jar path:C:\Program Files\Android\Android Studio\jbr\bin\instrument.dll, loaded, initialized, instrumentlib options:none

dbghelp: loaded successfully - version: 4.0.5 - missing functions: none
symbol engine: initialized successfully - sym options: 0x614 - pdb path: .;C:\Program Files\Android\Android Studio\jbr\bin;C:\WINDOWS\SYSTEM32;C:\WINDOWS\WinSxS\amd64_microsoft.windows.common-controls_6595b64144ccf1df_6.0.26100.8972_none_3e0da176e32f9d4b;C:\Program Files\Android\Android Studio\jbr\bin\server;C:\Users\dell\.gradle\native\660c5614fbf4a5f2a75b1949f50a0caf5cd603558e7d8a26e50b933a0cfb79d1\windows-amd64;C:\Users\dell\.gradle\native\0.2.8\x86_64-windows-gnu;C:\Users\dell\AppData\Local\Temp;C:\Users\dell\AppData\Local\Temp\jna-3079617

VM Arguments:
jvm_args: --add-opens=java.base/java.lang=ALL-UNNAMED --add-opens=java.base/java.lang.invoke=ALL-UNNAMED --add-opens=java.base/java.util=ALL-UNNAMED --add-opens=java.prefs/java.util.prefs=ALL-UNNAMED --add-exports=jdk.compiler/com.sun.tools.javac.api=ALL-UNNAMED --add-exports=jdk.compiler/com.sun.tools.javac.util=ALL-UNNAMED --add-opens=java.base/java.util=ALL-UNNAMED --add-opens=java.prefs/java.util.prefs=ALL-UNNAMED --add-opens=java.base/java.nio.charset=ALL-UNNAMED --add-opens=java.base/java.net=ALL-UNNAMED --add-opens=java.base/java.util.concurrent=ALL-UNNAMED --add-opens=java.base/java.util.concurrent.atomic=ALL-UNNAMED --add-opens=java.xml/javax.xml.namespace=ALL-UNNAMED --add-opens=java.base/java.time=ALL-UNNAMED -Xmx2048m -Dfile.encoding=UTF-8 -Duser.country=US -Duser.language=en -Duser.variant -javaagent:C:\Users\dell\.gradle\wrapper\dists\gradle-9.4.1-bin\arn2x92ynaizyzdaamcbpbhtj\gradle-9.4.1\lib\agents\gradle-instrumentation-agent-9.4.1.jar 
java_command: org.gradle.launcher.daemon.bootstrap.GradleDaemon 9.4.1
java_class_path (initial): C:\Users\dell\.gradle\wrapper\dists\gradle-9.4.1-bin\arn2x92ynaizyzdaamcbpbhtj\gradle-9.4.1\lib\gradle-daemon-main-9.4.1.jar
Launcher Type: SUN_STANDARD

[Global flags]
     intx CICompilerCount                          = 4                                         {product} {ergonomic}
     uint ConcGCThreads                            = 2                                         {product} {ergonomic}
     uint G1ConcRefinementThreads                  = 8                                         {product} {ergonomic}
   size_t G1HeapRegionSize                         = 1048576                                   {product} {ergonomic}
    uintx GCDrainStackTargetSize                   = 64                                        {product} {ergonomic}
   size_t InitialHeapSize                          = 132120576                                 {product} {ergonomic}
   size_t MarkStackSize                            = 4194304                                   {product} {ergonomic}
   size_t MaxHeapSize                              = 2147483648                                {product} {command line}
   size_t MaxNewSize                               = 1287651328                                {product} {ergonomic}
   size_t MinHeapDeltaBytes                        = 1048576                                   {product} {ergonomic}
   size_t MinHeapSize                              = 8388608                                   {product} {ergonomic}
    uintx NonNMethodCodeHeapSize                   = 5839372                                {pd product} {ergonomic}
    uintx NonProfiledCodeHeapSize                  = 122909434                              {pd product} {ergonomic}
    uintx ProfiledCodeHeapSize                     = 122909434                              {pd product} {ergonomic}
    uintx ReservedCodeCacheSize                    = 251658240                              {pd product} {ergonomic}
     bool SegmentedCodeCache                       = true                                      {product} {ergonomic}
   size_t SoftMaxHeapSize                          = 2147483648                             {manageable} {ergonomic}
     bool UseCompressedOops                        = true                           {product lp64_product} {ergonomic}
     bool UseG1GC                                  = true                                      {product} {ergonomic}
     bool UseLargePagesIndividualAllocation        = false                                  {pd product} {ergonomic}

Logging:
Log output configuration:
 #0: stdout all=warning uptime,level,tags foldmultilines=false
 #1: stderr all=off uptime,level,tags foldmultilines=false

Release file:
JAVA_VERSION="21.0.10" 
MODULES="java.base java.compiler java.datatransfer java.xml java.prefs java.desktop java.instrument java.logging java.management java.security.sasl java.naming java.rmi java.management.rmi java.net.http java.scripting java.security.jgss java.transaction.xa java.sql java.sql.rowset java.xml.crypto java.se java.smartcardio jdk.accessibility jdk.internal.jvmstat jdk.attach jdk.charsets jdk.internal.opt jdk.zipfs jdk.compiler jdk.crypto.ec jdk.crypto.cryptoki jdk.dynalink jdk.hotspot.agent jdk.httpserver jdk.internal.ed jdk.internal.le jdk.internal.vm.ci jdk.jartool jdk.javadoc jdk.jcmd jdk.jdeps jdk.jdwp.agent jdk.jdi jdk.jfr jdk.jlink jdk.jsobject jdk.localedata jdk.management jdk.management.agent jdk.management.jfr jdk.naming.dns jdk.naming.rmi jdk.net jdk.sctp jdk.security.auth jdk.security.jgss jdk.unsupported jdk.unsupported.desktop jdk.xml.dom" 
IMPLEMENTOR="JetBrains s.r.o." 
JAVA_RUNTIME_VERSION="21.0.10+-14961533-b1163.108" 
LIBC="default" 
OS_ARCH="x86_64" 
OS_NAME="Windows" 
SOURCE=".:git:1351622c2ff2" 

Environment Variables:
JAVA_HOME=C:/Program Files/Android/Android Studio/jbr
PATH=C:\Users\dell\bin;C:\Program Files\Git\mingw64\bin;C:\Program Files\Git\usr\local\bin;C:\Program Files\Git\usr\bin;C:\Program Files\Git\usr\bin;C:\Program Files\Git\mingw64\bin;C:\Program Files\Git\usr\bin;C:\Users\dell\bin;C:\WINDOWS\system32;C:\WINDOWS;C:\WINDOWS\System32\Wbem;C:\WINDOWS\System32\WindowsPowerShell\v1.0;C:\WINDOWS\System32\OpenSSH;C:\Program Files\dotnet;C:\Program Files (x86)\Windows Kits\10\Windows Performance Toolkit;C:\Program Files\Microsoft SQL Server\150\Tools\Binn;C:\Program Files\Microsoft SQL Server\Client SDK\ODBC\170\Tools\Binn;C:\Program Files (x86)\Incredibuild;C:\Program Files (x86)\Microsoft SQL Server\100\Tools\Binn;C:\Program Files\Microsoft SQL Server\100\Tools\Binn;C:\Program Files\Microsoft SQL Server\100\DTS\Binn;C:\Program Files\Git\cmd;C:\Program Files\nodejs;C:\Program Files\Microsoft SQL Server\170\Tools\Binn;C:\Program Files\Docker\Docker\resources\bin;C:\Users\dell\.cargo\bin;C:\Users\dell\AppData\Local\Programs\Python\Python39\Scripts;C:\Users\dell\AppData\Local\Programs\Python\Python39;C:\Users\dell\AppData\Local\Microsoft\WindowsApps;C:\Users\dell\AppData\Local\Programs\Microsoft VS Code\bin;C:\msys64\ucrt64\bin;C:\msys64\mingw64\bin;C:\msys64\ucrt64\x86_64-w64-mingw32\bin;C:\Users\dell\.dotnet\tools;C:\Users\dell\AppData\Roaming\npm;C:\Users\dell\.local\bin;C:\Users\dell\AppData\Local\Microsoft\WindowsApps;C:\Users\dell\.dotnet\tools;C:\Users\dell\AppData\Local\Programs\Windsurf\bin;C:\Users\dell\AppData\Local\gh-portable\bin;C:\Users\dell\.deno\bin;C:\Users\dell\.deno\bin;C:\Users\dell\AppData\Local\Android\Sdk\platform-tools;C:\Program Files\Git\usr\bin\vendor_perl;C:\Program Files\Git\usr\bin\core_perl;C:\Users\dell\.claude\plugins\cache\fullstack-dev-skills\fullstack-dev-skills\0.4.15\bin;C:\Users\dell\.claude\plugins\synced\d812ca00-0689-4351-a3d8-c2f7ce22617a_b93ac0d7-0166-452d-9847-f550e63b20c3\cowork-plugin-management\bin
USERNAME=dell
SHELL=C:\Program Files\Git\usr\bin\bash.exe
TERM=xterm-256color
OS=Windows_NT
PROCESSOR_IDENTIFIER=Intel64 Family 6 Model 142 Stepping 10, GenuineIntel
TMP=C:\Users\dell\AppData\Local\Temp
TEMP=C:\Users\dell\AppData\Local\Temp




Periodic native trim disabled

JNI global refs:
JNI global refs: 57, weak refs: 48

JNI global refs memory usage: 835, weak refs: 833

Process memory usage:
Resident Set Size: 997760K (12% of 8175672K total physical memory with 569516K free physical memory)

OOME stack traces (most recent first):
Classloader memory used:
Loader java.net.URLClassLoader                                                         : 217M
Loader org.gradle.internal.classloader.VisitableURLClassLoader                         : 48525K
Loader org.gradle.internal.classloader.VisitableURLClassLoader$InstrumentingVisitableURLClassLoader: 45694K
Loader bootstrap                                                                       : 39270K
Loader org.gradle.initialization.MixInLegacyTypesClassLoader                           : 14449K
Loader jdk.internal.loader.ClassLoaders$AppClassLoader                                 : 9281K
Loader com.intellij.util.lang.UrlClassLoader                                           : 5794K
Loader jdk.internal.loader.ClassLoaders$PlatformClassLoader                            : 1281K
Loader jdk.internal.reflect.DelegatingClassLoader                                      : 555K
Loader org.gradle.internal.classloader.VisitableURLClassLoader                         : 369K
Loader jdk.internal.jrtfs.JrtFileSystemProvider$JrtFsLoader                            : 347K
Loader sun.reflect.misc.MethodUtil                                                     : 2984B

Classes loaded by more than one classloader:
Class androidx.compose.lint.Name                                                      : loaded 13 times (x 72B)
Class androidx.compose.lint.PackageName                                               : loaded 13 times (x 72B)
Class androidx.compose.lint.NamesKt                                                   : loaded 13 times (x 71B)
Class androidx.compose.lint.PsiUtilsKt                                                : loaded 7 times (x 71B)
Class kotlin.NotImplementedError                                                      : loaded 5 times (x 82B)
Class kotlin.text.StringsKt__StringsKt                                                : loaded 5 times (x 71B)
Class kotlin.enums.EnumEntries                                                        : loaded 5 times (x 70B)
Class kotlin.SynchronizedLazyImpl                                                     : loaded 5 times (x 76B)
Class kotlin.text.StringsKt__RegexExtensionsKt                                        : loaded 5 times (x 71B)
Class kotlin.sequences.SequencesKt__SequencesJVMKt                                    : loaded 5 times (x 71B)
Class kotlin.collections.AbstractList                                                 : loaded 5 times (x 197B)
Class kotlin.jvm.internal.CallableReference                                           : loaded 5 times (x 106B)
Class kotlin.Pair                                                                     : loaded 5 times (x 72B)
Class kotlin.collections.AbstractCollection                                           : loaded 5 times (x 117B)
Class kotlin.LazyKt__LazyKt                                                           : loaded 5 times (x 71B)
Class [Lkotlin.reflect.KCallable;                                                     : loaded 5 times (x 69B)
Class kotlin.text.StringsKt__StringBuilderJVMKt                                       : loaded 5 times (x 71B)
Class kotlin.sequences.Sequence                                                       : loaded 5 times (x 70B)
Class kotlin.jvm.KotlinReflectionNotSupportedError                                    : loaded 5 times (x 82B)
Class kotlin.text.StringsKt__StringNumberConversionsKt                                : loaded 5 times (x 71B)
Class kotlin.collections.CollectionsKt                                                : loaded 5 times (x 71B)
Class kotlin.comparisons.ComparisonsKt__ComparisonsKt                                 : loaded 5 times (x 71B)
Class kotlin.ranges.RangesKt__RangesKt                                                : loaded 5 times (x 71B)
Class kotlin.collections.SetsKt___SetsKt                                              : loaded 5 times (x 71B)
Class kotlin.sequences.SequencesKt__SequencesKt                                       : loaded 5 times (x 71B)
Class kotlin.text.StringsKt__AppendableKt                                             : loaded 5 times (x 71B)
Class kotlin.collections.EmptyIterator                                                : loaded 5 times (x 89B)
Class kotlin.comparisons.ComparisonsKt                                                : loaded 5 times (x 71B)
Class kotlin.comparisons.ComparisonsKt___ComparisonsKt                                : loaded 5 times (x 71B)
Class kotlin.LazyKt__LazyJVMKt                                                        : loaded 5 times (x 71B)
Class kotlin.collections.CollectionsKt___CollectionsJvmKt                             : loaded 5 times (x 71B)
Class kotlin.collections.CollectionsKt__MutableCollectionsKt                          : loaded 5 times (x 71B)
Class kotlin.TuplesKt                                                                 : loaded 5 times (x 71B)
Class kotlin.collections.CollectionsKt__IteratorsJVMKt                                : loaded 5 times (x 71B)
Class kotlin.comparisons.ComparisonsKt___ComparisonsJvmKt                             : loaded 5 times (x 71B)
Class kotlin.Unit                                                                     : loaded 5 times (x 71B)
Class kotlin.UNINITIALIZED_VALUE                                                      : loaded 5 times (x 71B)
Class kotlin.text.StringsKt                                                           : loaded 5 times (x 71B)
Class kotlin.sequences.SequencesKt___SequencesJvmKt                                   : loaded 5 times (x 71B)
Class kotlin.collections.CollectionsKt__IteratorsKt                                   : loaded 5 times (x 71B)
Class kotlin.sequences.SequencesKt                                                    : loaded 5 times (x 71B)
Class kotlin.collections.IndexedValue                                                 : loaded 5 times (x 72B)
Class kotlin.ranges.RangesKt                                                          : loaded 5 times (x 71B)
Class kotlin.reflect.KCallable                                                        : loaded 5 times (x 70B)
Class kotlin.collections.ArraysUtilJVM                                                : loaded 5 times (x 71B)
Class kotlin.jvm.functions.Function0                                                  : loaded 5 times (x 70B)
Class kotlin.collections.CollectionsKt__CollectionsJVMKt                              : loaded 5 times (x 71B)
Class kotlin.sequences.SequencesKt__SequenceBuilderKt                                 : loaded 5 times (x 71B)
Class kotlin.collections.CollectionsKt__ReversedViewsKt                               : loaded 5 times (x 71B)
Class kotlin.jvm.functions.Function1                                                  : loaded 5 times (x 70B)
Class kotlin.jvm.functions.Function2                                                  : loaded 5 times (x 70B)
Class kotlin.jvm.functions.Function3                                                  : loaded 5 times (x 70B)
Class kotlin.collections.MapsKt___MapsJvmKt                                           : loaded 5 times (x 71B)
Class kotlin.collections.AbstractList$Companion                                       : loaded 5 times (x 71B)
Class kotlin.sequences.SequencesKt___SequencesKt                                      : loaded 5 times (x 71B)
Class kotlin.UninitializedPropertyAccessException                                     : loaded 5 times (x 82B)
Class kotlin.collections.EmptySet                                                     : loaded 5 times (x 122B)
Class kotlin.collections.CollectionsKt___CollectionsKt                                : loaded 5 times (x 71B)
Class kotlin.collections.MapsKt__MapsKt                                               : loaded 5 times (x 71B)
Class kotlin.jvm.internal.markers.KMappedMarker                                       : loaded 5 times (x 70B)
Class kotlin.reflect.KDeclarationContainer                                            : loaded 5 times (x 70B)
Class kotlin.text.StringsKt___StringsJvmKt                                            : loaded 5 times (x 71B)
Class kotlin.collections.MapsKt___MapsKt                                              : loaded 5 times (x 71B)
Class kotlin.collections.ArraysKt___ArraysKt                                          : loaded 5 times (x 71B)
Class kotlin.reflect.KFunction                                                        : loaded 5 times (x 70B)
Class kotlin.collections.EmptyList                                                    : loaded 5 times (x 174B)
Class kotlin.collections.MapsKt__MapWithDefaultKt                                     : loaded 5 times (x 71B)
Class Program                                                                         : loaded 5 times (x 72B)
Class kotlin.text.StringsKt__IndentKt                                                 : loaded 5 times (x 71B)
Class kotlin.collections.MapsKt__MapsJVMKt                                            : loaded 5 times (x 71B)
Class kotlin.enums.EnumEntriesList                                                    : loaded 5 times (x 223B)
Class kotlin.collections.SetsKt                                                       : loaded 5 times (x 71B)
Class kotlin.collections.CollectionsKt__MutableCollectionsJVMKt                       : loaded 5 times (x 71B)
Class kotlin.jvm.internal.FunctionBase                                                : loaded 5 times (x 70B)
Class kotlin.jvm.internal.FunctionReference                                           : loaded 5 times (x 122B)
Class kotlin.enums.EnumEntriesKt                                                      : loaded 5 times (x 71B)
Class kotlin.text.StringsKt___StringsKt                                               : loaded 5 times (x 71B)
Class kotlin.text.StringsKt__StringsJVMKt                                             : loaded 5 times (x 71B)
Class kotlin.collections.ArraysKt___ArraysJvmKt                                       : loaded 5 times (x 71B)
Class kotlin.collections.CollectionsKt__CollectionsKt                                 : loaded 5 times (x 71B)
Class kotlin.text.StringsKt__StringNumberConversionsJVMKt                             : loaded 5 times (x 71B)
Class kotlin.reflect.KAnnotatedElement                                                : loaded 5 times (x 70B)
Class kotlin.jvm.internal.Intrinsics                                                  : loaded 5 times (x 71B)
Class kotlin.NoWhenBranchMatchedException                                             : loaded 5 times (x 82B)
Class kotlin.Lazy                                                                     : loaded 5 times (x 70B)
Class [Lkotlin.reflect.KAnnotatedElement;                                             : loaded 5 times (x 69B)
Class kotlin.text.StringsKt__RegexExtensionsJVMKt                                     : loaded 5 times (x 71B)
Class kotlin.collections.MapsKt                                                       : loaded 5 times (x 71B)
Class kotlin.text.StringsKt__StringBuilderKt                                          : loaded 5 times (x 71B)
Class kotlin.collections.CollectionsKt__IterablesKt                                   : loaded 5 times (x 71B)
Class kotlin.jvm.internal.CallableReference$NoReceiver                                : loaded 5 times (x 71B)
Class kotlin.collections.IndexingIterator                                             : loaded 5 times (x 79B)
Class kotlin.KotlinNullPointerException                                               : loaded 5 times (x 83B)
Class kotlin.internal.ProgressionUtilKt                                               : loaded 5 times (x 71B)
Class kotlin.Function                                                                 : loaded 5 times (x 70B)
Class kotlin.collections.SetsKt__SetsJVMKt                                            : loaded 5 times (x 71B)
Class kotlin.ranges.RangesKt___RangesKt                                               : loaded 5 times (x 71B)
Class kotlin._Assertions                                                              : loaded 5 times (x 71B)
Class kotlin.collections.ArraysKt                                                     : loaded 5 times (x 71B)
Class kotlin.collections.SetsKt__SetsKt                                               : loaded 5 times (x 71B)
Class kotlin.LazyKt                                                                   : loaded 5 times (x 71B)
Class kotlin.collections.ArraysKt__ArraysKt                                           : loaded 5 times (x 71B)
Class kotlin.collections.IndexingIterable                                             : loaded 5 times (x 79B)
Class kotlin.collections.ArraysKt__ArraysJVMKt                                        : loaded 5 times (x 71B)
Class com.google.common.collect.AbstractIterator                                      : loaded 4 times (x 82B)
Class com.google.common.base.CharMatcher                                              : loaded 4 times (x 111B)
Class kotlin.jvm.internal.PropertyReference1Impl                                      : loaded 4 times (x 127B)
Class kotlin.jvm.internal.MutablePropertyReference1                                   : loaded 4 times (x 137B)
Class kotlin.SafePublicationLazyImpl$Companion                                        : loaded 4 times (x 71B)
Class kotlin.coroutines.EmptyCoroutineContext                                         : loaded 4 times (x 77B)
Class kotlin.ResultKt                                                                 : loaded 4 times (x 71B)
Class com.google.common.collect.ImmutableEnumSet                                      : loaded 4 times (x 146B)
Class com.google.common.primitives.Ints                                               : loaded 4 times (x 71B)
Class kotlin.jvm.functions.Function16                                                 : loaded 4 times (x 70B)
Class com.google.common.collect.Table                                                 : loaded 4 times (x 70B)
Class com.google.common.collect.Maps$IteratorBasedAbstractMap                         : loaded 4 times (x 125B)
Class com.google.common.base.Joiner$1                                                 : loaded 4 times (x 80B)
Class com.google.common.collect.PeekingIterator                                       : loaded 4 times (x 70B)
Class com.google.common.base.Joiner$2                                                 : loaded 4 times (x 79B)
Class com.google.common.collect.BiMap                                                 : loaded 4 times (x 70B)
Class com.google.common.base.Preconditions                                            : loaded 4 times (x 71B)
Class kotlin.text.CharsKt__CharKt                                                     : loaded 4 times (x 71B)
Class com.google.common.collect.Hashing                                               : loaded 4 times (x 71B)
Class kotlin.jvm.functions.Function15                                                 : loaded 4 times (x 70B)
Class com.google.common.collect.ObjectArrays                                          : loaded 4 times (x 71B)
Class com.google.common.base.Equivalence$Equals                                       : loaded 4 times (x 82B)
Class com.google.common.collect.AbstractIndexedListIterator                           : loaded 4 times (x 96B)
Class com.google.common.collect.Multiset                                              : loaded 4 times (x 70B)
Class com.google.common.collect.ArrayListMultimapGwtSerializationDependencies         : loaded 4 times (x 172B)
Class kotlin.collections.builders.MapBuilder                                          : loaded 4 times (x 112B)
Class kotlin.collections.builders.ListBuilderKt                                       : loaded 4 times (x 71B)
Class kotlin.jvm.functions.Function17                                                 : loaded 4 times (x 70B)
Class kotlin.Result$Failure                                                           : loaded 4 times (x 72B)
Class com.google.common.base.CharMatcher$Negated                                      : loaded 4 times (x 113B)
Class com.google.common.base.CharMatcher$Is                                           : loaded 4 times (x 111B)
Class kotlin.jvm.functions.Function14                                                 : loaded 4 times (x 70B)
Class com.google.common.collect.RegularImmutableBiMap                                 : loaded 4 times (x 149B)
Class com.google.common.base.CharMatcher$NamedFastMatcher                             : loaded 4 times (x 112B)
Class com.google.common.math.MathPreconditions                                        : loaded 4 times (x 71B)
Class com.google.common.base.CharMatcher$1                                            : loaded 4 times (x 113B)
Class com.google.common.collect.ImmutableList$1                                       : loaded 4 times (x 97B)
Class com.google.common.collect.RegularImmutableMap                                   : loaded 4 times (x 121B)
Class com.google.common.collect.ImmutableMap$MapViewOfValuesAsSingletonSets           : loaded 4 times (x 126B)
Class com.google.common.collect.ImmutableMapEntrySet                                  : loaded 4 times (x 152B)
Class com.google.common.collect.MapDifference                                         : loaded 4 times (x 70B)
Class com.google.common.collect.AbstractMapBasedMultimap$WrappedCollection            : loaded 4 times (x 124B)
Class kotlin.jvm.functions.Function13                                                 : loaded 4 times (x 70B)
Class kotlin.sequences.SequenceBuilderIterator                                        : loaded 4 times (x 85B)
Class kotlin.reflect.KTypeParameter                                                   : loaded 4 times (x 70B)
Class com.google.common.collect.ImmutableMap$1                                        : loaded 4 times (x 81B)
Class kotlin.reflect.KMutableProperty                                                 : loaded 4 times (x 70B)
Class kotlin.coroutines.intrinsics.CoroutineSingletons                                : loaded 4 times (x 79B)
Class kotlin.jvm.functions.Function12                                                 : loaded 4 times (x 70B)
Class com.google.common.collect.RegularImmutableMap$BucketOverflowException           : loaded 4 times (x 82B)
Class kotlin.jvm.internal.PropertyReference                                           : loaded 4 times (x 115B)
Class com.google.common.collect.IndexedImmutableSet                                   : loaded 4 times (x 152B)
Class kotlin.text.Regex$Companion                                                     : loaded 4 times (x 71B)
Class kotlin.jvm.functions.Function18                                                 : loaded 4 times (x 70B)
Class com.google.common.collect.ImmutableMap$Builder                                  : loaded 4 times (x 82B)
Class com.google.common.collect.AbstractMapBasedMultimap$Itr                          : loaded 4 times (x 83B)
Class kotlin.collections.EmptyMap                                                     : loaded 4 times (x 108B)
Class com.google.common.base.Objects                                                  : loaded 4 times (x 71B)
Class kotlin.coroutines.intrinsics.IntrinsicsKt                                       : loaded 4 times (x 71B)
Class kotlin.jvm.functions.Function11                                                 : loaded 4 times (x 70B)
Class com.google.common.collect.UnmodifiableListIterator                              : loaded 4 times (x 95B)
Class kotlin.jvm.internal.markers.KMutableCollection                                  : loaded 4 times (x 70B)
Class com.google.common.collect.AbstractMapBasedMultimap$WrappedCollection$WrappedIterator: loaded 4 times (x 84B)
Class com.google.common.collect.Multimaps                                             : loaded 4 times (x 71B)
Class kotlin.reflect.KMutableProperty$Setter                                          : loaded 4 times (x 70B)
Class kotlin.annotation.AnnotationTarget                                              : loaded 4 times (x 79B)
Class [Lkotlin.LazyThreadSafetyMode;                                                  : loaded 4 times (x 69B)
Class com.google.common.collect.ImmutableSet$RegularSetBuilderImpl                    : loaded 4 times (x 77B)
Class kotlin.jvm.JvmClassMappingKt                                                    : loaded 4 times (x 71B)
Class [Lkotlin.reflect.KClassifier;                                                   : loaded 4 times (x 69B)
Class kotlin.jvm.functions.Function9                                                  : loaded 4 times (x 70B)
Class kotlin.jvm.functions.Function10                                                 : loaded 4 times (x 70B)
Class kotlin.jvm.internal.Reflection                                                  : loaded 4 times (x 71B)
Class kotlin.reflect.KProperty                                                        : loaded 4 times (x 70B)
Class kotlin.annotation.MustBeDocumented                                              : loaded 4 times (x 70B)
Class com.google.common.primitives.IntsMethodsForWeb                                  : loaded 4 times (x 71B)
Class com.google.common.collect.ImmutableMapEntrySet$RegularEntrySet                  : loaded 4 times (x 152B)
Class com.google.common.base.CharMatcher$IsEither                                     : loaded 4 times (x 111B)
Class com.google.common.base.CharMatcher$And                                          : loaded 4 times (x 112B)
Class kotlin.collections.builders.ListBuilder$Itr                                     : loaded 4 times (x 94B)
Class com.google.common.collect.Multimap                                              : loaded 4 times (x 70B)
Class kotlin.jvm.functions.Function8                                                  : loaded 4 times (x 70B)
Class [Lkotlin.annotation.AnnotationRetention;                                        : loaded 4 times (x 69B)
Class kotlin.jvm.internal.CollectionToArray                                           : loaded 4 times (x 71B)
Class kotlin.collections.builders.MapBuilder$Companion                                : loaded 4 times (x 71B)
Class com.google.common.base.ExtraObjectsMethodsForWeb                                : loaded 4 times (x 71B)
Class kotlin.jvm.functions.Function19                                                 : loaded 4 times (x 70B)
Class com.google.common.collect.Maps$BiMapConverter                                   : loaded 4 times (x 90B)
Class kotlin.DeprecationLevel                                                         : loaded 4 times (x 79B)
Class com.google.common.collect.AbstractMapBasedMultimap$KeySet$1                     : loaded 4 times (x 82B)
Class com.google.common.collect.ImmutableSet$Builder                                  : loaded 4 times (x 85B)
Class kotlin.jvm.functions.Function7                                                  : loaded 4 times (x 70B)
Class kotlin.jvm.functions.Function22                                                 : loaded 4 times (x 70B)
Class com.google.common.collect.SingletonImmutableList                                : loaded 4 times (x 207B)
Class kotlin.collections.MapWithDefault                                               : loaded 4 times (x 70B)
Class com.google.common.collect.SetMultimap                                           : loaded 4 times (x 70B)
Class com.google.common.base.CharMatcher$InRange                                      : loaded 4 times (x 111B)
Class com.google.common.collect.SortedMapDifference                                   : loaded 4 times (x 70B)
Class com.google.common.collect.Iterators$ArrayItr                                    : loaded 4 times (x 97B)
Class kotlin.jvm.functions.Function6                                                  : loaded 4 times (x 70B)
Class kotlin.sequences.ConstrainedOnceSequence                                        : loaded 4 times (x 75B)
Class kotlin.io.FilesKt                                                               : loaded 4 times (x 71B)
Class com.google.common.collect.Lists$StringAsImmutableList                           : loaded 4 times (x 207B)
Class com.google.common.collect.CollectPreconditions                                  : loaded 4 times (x 71B)
Class kotlin.jvm.functions.Function5                                                  : loaded 4 times (x 70B)
Class kotlin.annotation.Retention                                                     : loaded 4 times (x 70B)
Class [Lkotlin.annotation.AnnotationTarget;                                           : loaded 4 times (x 69B)
Class kotlin.text.CharsKt                                                             : loaded 4 times (x 71B)
Class com.google.common.collect.ImmutableList$ReverseImmutableList                    : loaded 4 times (x 209B)
Class com.google.common.base.JdkPattern                                               : loaded 4 times (x 75B)
Class com.google.common.collect.Iterators                                             : loaded 4 times (x 71B)
Class [Lkotlin.reflect.KClass;                                                        : loaded 4 times (x 69B)
Class kotlin.jvm.functions.Function4                                                  : loaded 4 times (x 70B)
Class [Lkotlin.reflect.KDeclarationContainer;                                         : loaded 4 times (x 69B)
Class kotlin.annotation.Target                                                        : loaded 4 times (x 70B)
Class com.google.common.collect.ImmutableEntry                                        : loaded 4 times (x 82B)
Class kotlin.jvm.internal.Lambda                                                      : loaded 4 times (x 75B)
Class kotlin.annotation.AnnotationRetention                                           : loaded 4 times (x 79B)
Class [Lcom.google.common.collect.AbstractMapEntry;                                   : loaded 4 times (x 69B)
Class com.google.common.collect.ArrayListMultimap                                     : loaded 4 times (x 172B)
Class [Lkotlin.reflect.KProperty;                                                     : loaded 4 times (x 69B)
Class com.google.common.collect.SortedSetMultimap                                     : loaded 4 times (x 70B)
Class com.google.common.collect.Iterators$1                                           : loaded 4 times (x 81B)
Class com.google.common.collect.RegularImmutableAsList                                : loaded 4 times (x 217B)
Class com.google.common.collect.ImmutableCollection$Builder                           : loaded 4 times (x 76B)
Class com.google.common.collect.Maps$KeySet                                           : loaded 4 times (x 137B)
Class kotlin.Metadata                                                                 : loaded 4 times (x 70B)
Class com.google.common.base.CharMatcher$NegatedFastMatcher                           : loaded 4 times (x 113B)
Class com.google.common.collect.SingletonImmutableSet                                 : loaded 4 times (x 146B)
Class com.google.common.collect.ImmutableSet$EmptySetBuilderImpl                      : loaded 4 times (x 76B)
Class [Lkotlin.coroutines.intrinsics.CoroutineSingletons;                             : loaded 4 times (x 69B)
Class com.google.common.collect.ImmutableMap$IteratorBasedImmutableMap                : loaded 4 times (x 126B)
Class kotlin.reflect.KProperty$Getter                                                 : loaded 4 times (x 70B)
Class com.google.common.collect.Iterators$4                                           : loaded 4 times (x 82B)
Class com.google.common.collect.AbstractListMultimap                                  : loaded 4 times (x 172B)
Class com.google.common.collect.Sets$4                                                : loaded 4 times (x 139B)
Class com.google.common.collect.ImmutableMap                                          : loaded 4 times (x 120B)
Class com.google.common.base.Predicate                                                : loaded 4 times (x 70B)
Class kotlin.jvm.internal.markers.KMutableIterator                                    : loaded 4 times (x 70B)
Class kotlin.coroutines.jvm.internal.SpillingKt                                       : loaded 4 times (x 71B)
Class com.google.common.collect.ImmutableBiMap                                        : loaded 4 times (x 143B)
Class com.google.common.collect.Sets                                                  : loaded 4 times (x 71B)
Class com.google.common.base.CharMatcher$FastMatcher                                  : loaded 4 times (x 111B)
Class kotlin.collections.AbstractMutableList                                          : loaded 4 times (x 206B)
Class kotlin.jvm.functions.Function21                                                 : loaded 4 times (x 70B)
Class kotlin.SafePublicationLazyImpl                                                  : loaded 4 times (x 76B)
Class com.google.common.collect.Iterators$5                                           : loaded 4 times (x 82B)
Class com.google.common.collect.ImmutableList                                         : loaded 4 times (x 206B)
Class com.google.common.collect.ImmutableSet$JdkBackedSetBuilderImpl                  : loaded 4 times (x 76B)
Class kotlin.coroutines.intrinsics.IntrinsicsKt__IntrinsicsKt                         : loaded 4 times (x 71B)
Class kotlin.text.RegexKt                                                             : loaded 4 times (x 71B)
Class com.google.common.base.CharMatcher$ForPredicate                                 : loaded 4 times (x 112B)
Class kotlin.io.FilesKt__UtilsKt                                                      : loaded 4 times (x 71B)
Class [Lkotlin.DeprecationLevel;                                                      : loaded 4 times (x 69B)
Class kotlin.sequences.FilteringSequence$iterator$1                                   : loaded 4 times (x 79B)
Class kotlin.io.FilesKt__FileTreeWalkKt                                               : loaded 4 times (x 71B)
Class kotlin.io.FilesKt__FilePathComponentsKt                                         : loaded 4 times (x 71B)
Class com.google.common.base.CharMatcher$AnyOf                                        : loaded 4 times (x 112B)
Class com.google.common.collect.ImmutableCollection                                   : loaded 4 times (x 125B)
Class com.google.common.base.Supplier                                                 : loaded 4 times (x 70B)
Class kotlin.reflect.KMutableProperty0                                                : loaded 4 times (x 70B)
Class kotlin.reflect.KClassifier                                                      : loaded 4 times (x 70B)
Class kotlin.coroutines.jvm.internal.SuspendFunction                                  : loaded 4 times (x 70B)
Class com.google.common.collect.ImmutableSet$SetBuilderImpl                           : loaded 4 times (x 76B)
Class com.google.common.base.CharMatcher$Or                                           : loaded 4 times (x 112B)
Class com.google.common.collect.ImmutableSet$CachingAsList                            : loaded 4 times (x 148B)
Class kotlin.jvm.internal.markers.KMutableIterable                                    : loaded 4 times (x 70B)
Class com.google.common.base.Converter                                                : loaded 4 times (x 90B)
Class com.google.common.collect.Lists                                                 : loaded 4 times (x 71B)
Class kotlin.reflect.KProperty2                                                       : loaded 4 times (x 70B)
Class com.google.common.collect.AbstractMultimap                                      : loaded 4 times (x 123B)
Class com.google.common.collect.Sets$ImprovedAbstractSet                              : loaded 4 times (x 135B)
Class com.google.common.collect.AbstractSetMultimap                                   : loaded 4 times (x 174B)
Class com.google.common.collect.Sets$3                                                : loaded 4 times (x 139B)
Class com.google.common.collect.Iterators$9                                           : loaded 4 times (x 81B)
Class com.google.common.base.FunctionalEquivalence                                    : loaded 4 times (x 83B)
Class kotlin.io.CloseableKt                                                           : loaded 4 times (x 71B)
Class kotlin.jvm.internal.FunctionReferenceImpl                                       : loaded 4 times (x 122B)
Class com.google.common.collect.ImmutableSet                                          : loaded 4 times (x 145B)
Class com.google.common.base.CharMatcher$BitSetMatcher                                : loaded 4 times (x 112B)
Class com.google.common.collect.AbstractMapBasedMultimap                              : loaded 4 times (x 139B)
Class kotlin.reflect.KType                                                            : loaded 4 times (x 70B)
Class [Lcom.google.common.collect.ImmutableMapEntry;                                  : loaded 4 times (x 69B)
Class com.google.common.collect.RegularImmutableMap$Values                            : loaded 4 times (x 207B)
Class kotlin.jvm.functions.Function20                                                 : loaded 4 times (x 70B)
Class com.google.common.collect.ImmutableAsList                                       : loaded 4 times (x 209B)
Class com.google.common.collect.ImmutableList$SubList                                 : loaded 4 times (x 209B)
Class kotlin.text.CharsKt__CharJVMKt                                                  : loaded 4 times (x 71B)
Class kotlin.coroutines.jvm.internal.BaseContinuationImpl                             : loaded 4 times (x 87B)
Class kotlin.Result$Companion                                                         : loaded 4 times (x 71B)
Class kotlin.sequences.FilteringSequence                                              : loaded 4 times (x 75B)
Class kotlin.reflect.KProperty1                                                       : loaded 4 times (x 70B)
Class kotlin.reflect.KMutableProperty1                                                : loaded 4 times (x 70B)
Class kotlin.coroutines.intrinsics.IntrinsicsKt__IntrinsicsJvmKt                      : loaded 4 times (x 71B)
Class com.google.common.collect.RegularImmutableMap$KeySet                            : loaded 4 times (x 152B)
Class kotlin.coroutines.jvm.internal.RestrictedContinuationImpl                       : loaded 4 times (x 87B)
Class com.google.common.math.IntMath$1                                                : loaded 4 times (x 71B)
Class com.google.common.collect.ListMultimap                                          : loaded 4 times (x 70B)
Class kotlin.coroutines.Continuation                                                  : loaded 4 times (x 70B)
Class kotlin.jvm.internal.ClassBasedDeclarationContainer                              : loaded 4 times (x 70B)
Class kotlin.io.FilesKt__FileReadWriteKt                                              : loaded 4 times (x 71B)
Class kotlin.coroutines.jvm.internal.CoroutineStackFrame                              : loaded 4 times (x 70B)
Class kotlin.reflect.KClass                                                           : loaded 4 times (x 70B)
Class com.google.common.collect.AbstractMapEntry                                      : loaded 4 times (x 81B)
Class com.google.common.collect.Iterators$SingletonIterator                           : loaded 4 times (x 81B)
Class kotlin.reflect.KMutableProperty2                                                : loaded 4 times (x 70B)
Class kotlin.jvm.internal.ReflectionFactory                                           : loaded 4 times (x 91B)
Class kotlin.jvm.internal.markers.KMutableList                                        : loaded 4 times (x 70B)
Class com.google.common.collect.Maps$EntryTransformer                                 : loaded 4 times (x 70B)
Class kotlin.jvm.internal.MutablePropertyReference1Impl                               : loaded 4 times (x 137B)
Class com.google.common.collect.SingletonImmutableBiMap                               : loaded 4 times (x 143B)
Class com.google.common.collect.Sets$SetView                                          : loaded 4 times (x 138B)
Class com.google.common.collect.ImmutableEnumMap                                      : loaded 4 times (x 126B)
Class kotlin.text.Regex                                                               : loaded 4 times (x 72B)
Class kotlin.sequences.SequencesKt__SequenceBuilderKt$sequence$$inlined$Sequence$1    : loaded 4 times (x 75B)
Class com.google.common.base.Joiner                                                   : loaded 4 times (x 79B)
Class [Lcom.google.common.collect.Iterators$EmptyModifiableIterator;                  : loaded 4 times (x 69B)
Class com.google.common.collect.Iterators$MergingIterator                             : loaded 4 times (x 81B)
Class com.google.common.base.Equivalence$Identity                                     : loaded 4 times (x 82B)
Class com.google.common.base.PairwiseEquivalence                                      : loaded 4 times (x 83B)
Class kotlin.collections.ArrayAsCollection                                            : loaded 4 times (x 105B)
Class com.google.common.collect.Maps$8                                                : loaded 4 times (x 82B)
Class kotlin.coroutines.jvm.internal.RestrictedSuspendLambda                          : loaded 4 times (x 91B)
Class com.google.common.base.CharMatcher$IsNot                                        : loaded 4 times (x 111B)
Class com.google.common.base.CommonPattern                                            : loaded 4 times (x 74B)
Class com.google.common.base.MoreObjects                                              : loaded 4 times (x 71B)
Class com.google.common.collect.Iterators$EmptyModifiableIterator                     : loaded 4 times (x 86B)
Class com.google.common.collect.UnmodifiableIterator                                  : loaded 4 times (x 80B)
Class kotlin.Result                                                                   : loaded 4 times (x 72B)
Class kotlin.coroutines.jvm.internal.DebugProbesKt                                    : loaded 4 times (x 71B)
Class androidx.compose.lint.Names$Runtime                                             : loaded 4 times (x 71B)
Class com.google.common.collect.AbstractMapBasedMultimap$KeySet                       : loaded 4 times (x 137B)
Class kotlin.jvm.internal.SpreadBuilder                                               : loaded 4 times (x 76B)
Class com.google.common.collect.Sets$2                                                : loaded 4 times (x 139B)
Class kotlin.collections.AbstractList$IteratorImpl                                    : loaded 4 times (x 82B)
Class com.google.common.math.IntMath                                                  : loaded 4 times (x 71B)
Class kotlin.sequences.SequenceScope                                                  : loaded 4 times (x 73B)
Class kotlin.jvm.internal.markers.KMutableMap                                         : loaded 4 times (x 70B)
Class kotlin.coroutines.CoroutineContext                                              : loaded 4 times (x 70B)
Class kotlin.reflect.KProperty$Accessor                                               : loaded 4 times (x 70B)
Class com.google.common.collect.RegularImmutableSet                                   : loaded 4 times (x 149B)
Class com.google.common.collect.ImmutableMapEntry                                     : loaded 4 times (x 85B)
Class com.google.common.collect.Iterables                                             : loaded 4 times (x 71B)
Class com.google.common.collect.Sets$1                                                : loaded 4 times (x 139B)
Class kotlin.reflect.KProperty0                                                       : loaded 4 times (x 70B)
Class com.google.common.base.Equivalence                                              : loaded 4 times (x 82B)
Class com.google.common.collect.ImmutableMapEntry$NonTerminalImmutableMapEntry        : loaded 4 times (x 85B)
Class kotlin.LazyThreadSafetyMode                                                     : loaded 4 times (x 79B)
Class com.google.common.base.Function                                                 : loaded 4 times (x 70B)
Class com.google.common.collect.IndexedImmutableSet$1                                 : loaded 4 times (x 213B)
Class kotlin.LazyKt__LazyJVMKt$WhenMappings                                           : loaded 4 times (x 71B)
Class kotlin.UnsafeLazyImpl                                                           : loaded 4 times (x 76B)
Class com.google.common.collect.RegularImmutableList                                  : loaded 4 times (x 213B)
Class kotlin.jvm.internal.MutablePropertyReference                                    : loaded 4 times (x 119B)
Class com.google.common.collect.Platform                                              : loaded 4 times (x 71B)
Class kotlin.collections.builders.ListBuilder                                         : loaded 4 times (x 207B)
Class kotlin.jvm.internal.markers.KMutableListIterator                                : loaded 4 times (x 70B)
Class [Lcom.google.common.collect.ImmutableEntry;                                     : loaded 4 times (x 69B)
Class kotlin.jvm.internal.PropertyReference0                                          : loaded 4 times (x 127B)
Class com.google.common.collect.Maps                                                  : loaded 4 times (x 71B)
Class kotlin.jvm.internal.PropertyReference1                                          : loaded 4 times (x 127B)
Class kotlin.jvm.internal.DefaultConstructorMarker                                    : loaded 4 times (x 71B)
Class kotlin.collections.builders.ListBuilder$Companion                               : loaded 4 times (x 71B)
Class kotlin.reflect.jvm.internal.impl.builtins.functions.FunctionTypeKind$KSuspendFunction: loaded 3 times (x 72B)
Class kotlin.sequences.EmptySequence                                                  : loaded 3 times (x 78B)
Class com.google.common.collect.AbstractMapBasedMultimap$WrappedSet                   : loaded 3 times (x 142B)
Class kotlin.io.FileSystemException                                                   : loaded 3 times (x 82B)
Class com.google.common.hash.HashCode$BytesHashCode                                   : loaded 3 times (x 81B)
Class kotlin.reflect.jvm.internal.KDeclarationContainerImpl$Companion                 : loaded 3 times (x 71B)
Class kotlin.collections.builders.MapBuilder$EntryRef                                 : loaded 3 times (x 81B)
Class com.google.common.cache.CacheBuilder$OneWeigher                                 : loaded 3 times (x 82B)
Class com.google.common.collect.Maps$ViewCachingAbstractMap                           : loaded 3 times (x 125B)
Class com.google.common.collect.LinkedHashMultimapGwtSerializationDependencies        : loaded 3 times (x 174B)
Class com.google.common.collect.NaturalOrdering                                       : loaded 3 times (x 115B)
Class com.google.common.collect.LinkedListMultimap$KeyList                            : loaded 3 times (x 72B)
Class kotlin.jvm.internal.PropertyReference2                                          : loaded 3 times (x 127B)
Class [Lkotlin.reflect.jvm.internal.impl.builtins.jvm.JavaToKotlinClassMap$PlatformMutabilityMapping;: loaded 3 times (x 69B)
Class com.google.common.hash.Hashing                                                  : loaded 3 times (x 71B)
Class com.google.common.collect.ImmutableMultimap                                     : loaded 3 times (x 147B)
Class kotlin.reflect.full.IllegalPropertyDelegateAccessException                      : loaded 3 times (x 82B)
Class kotlin.jvm.internal.ArrayIterator                                               : loaded 3 times (x 79B)
Class com.google.common.cache.LocalCache$LoadingValueReference                        : loaded 3 times (x 96B)
Class com.google.common.base.Splitter                                                 : loaded 3 times (x 72B)
Class org.jetbrains.org.objectweb.asm.Type                                            : loaded 3 times (x 72B)
Class kotlin.ranges.IntRange                                                          : loaded 3 times (x 93B)
Class kotlin.reflect.jvm.internal.impl.descriptors.runtime.structure.ReflectClassUtilKt: loaded 3 times (x 71B)
Class kotlin.properties.ReadOnlyProperty                                              : loaded 3 times (x 70B)
Class kotlin.jvm.internal.ArrayIteratorKt                                             : loaded 3 times (x 71B)
Class kotlin.reflect.jvm.internal.impl.builtins.functions.FunctionTypeKind$Function   : loaded 3 times (x 72B)
Class kotlin.jvm.internal.AdaptedFunctionReference                                    : loaded 3 times (x 77B)
Class kotlin.reflect.jvm.internal.impl.builtins.jvm.JavaToKotlinClassMap$PlatformMutabilityMapping: loaded 3 times (x 72B)
Class [Lcom.google.common.collect.HashBiMap$BiEntry;                                  : loaded 3 times (x 69B)
Class org.objectweb.asm.AnnotationVisitor                                             : loaded 3 times (x 78B)
Class com.google.common.base.Platform                                                 : loaded 3 times (x 71B)
Class kotlin.text.MatchResult                                                         : loaded 3 times (x 70B)
Class com.google.common.collect.AbstractMapBasedMultimap$AsMap                        : loaded 3 times (x 128B)
Class kotlin.io.path.PathsKt__PathRecursiveFunctionsKt                                : loaded 3 times (x 71B)
Class com.google.common.collect.Multimaps$Entries                                     : loaded 3 times (x 118B)
Class com.google.common.collect.LinkedHashMultimap$ValueEntry                         : loaded 3 times (x 89B)
Class com.google.common.collect.ComparatorOrdering                                    : loaded 3 times (x 115B)
Class com.google.common.cache.LocalCache$LocalManualCache                             : loaded 3 times (x 99B)
Class com.google.common.collect.AbstractMapBasedMultimap$WrappedList                  : loaded 3 times (x 205B)
Class com.google.common.collect.CompoundOrdering                                      : loaded 3 times (x 115B)
Class kotlin.reflect.jvm.internal.impl.builtins.PrimitiveType                         : loaded 3 times (x 79B)
Class kotlin.Triple                                                                   : loaded 3 times (x 72B)
Class [Lcom.google.common.cache.LocalCache$EntryFactory;                              : loaded 3 times (x 69B)
Class [Lkotlin.sequences.Sequence;                                                    : loaded 3 times (x 69B)
Class com.google.common.collect.RegularImmutableBiMap$Inverse                         : loaded 3 times (x 143B)
Class org.objectweb.asm.Type                                                          : loaded 3 times (x 72B)
Class [Lkotlin.Pair;                                                                  : loaded 3 times (x 69B)
Class com.google.common.graph.SuccessorsFunction                                      : loaded 3 times (x 70B)
Class com.google.common.collect.UsingToStringOrdering                                 : loaded 3 times (x 114B)
Class kotlin.jvm.internal.Ref$ObjectRef                                               : loaded 3 times (x 72B)
Class [Lkotlin.reflect.jvm.internal.impl.resolve.jvm.JvmPrimitiveType;                : loaded 3 times (x 69B)
Class com.google.common.collect.ImmutableMultiset                                     : loaded 3 times (x 163B)
Class com.google.common.cache.CacheLoader$SupplierToCacheLoader                       : loaded 3 times (x 75B)
Class [Lcom.google.common.cache.CacheBuilder$NullListener;                            : loaded 3 times (x 69B)
Class com.google.common.hash.HashCode                                                 : loaded 3 times (x 80B)
Class org.objectweb.asm.RecordComponentVisitor                                        : loaded 3 times (x 77B)
Class com.google.common.base.AbstractIterator                                         : loaded 3 times (x 80B)
Class kotlin.sequences.SequencesKt___SequencesKt$flatMap$2                            : loaded 3 times (x 125B)
Class kotlin.jvm.internal.markers.KMutableSet                                         : loaded 3 times (x 70B)
Class androidx.compose.lint.ComposableUtilsKt                                         : loaded 3 times (x 71B)
Class com.google.common.io.Closer                                                     : loaded 3 times (x 78B)
Class kotlin.reflect.jvm.internal.ReflectProperties$Val$1                             : loaded 3 times (x 71B)
Class kotlin.text.DelimitedRangesSequence                                             : loaded 3 times (x 75B)
Class kotlin.collections.CollectionsKt___CollectionsKt$asSequence$$inlined$Sequence$1 : loaded 3 times (x 75B)
Class com.google.common.base.AbstractIterator$State                                   : loaded 3 times (x 79B)
Class com.google.common.cache.CacheStats                                              : loaded 3 times (x 71B)
Class com.google.common.cache.LocalCache$LocalLoadingCache                            : loaded 3 times (x 134B)
Class com.google.common.hash.HashFunction                                             : loaded 3 times (x 70B)
Class com.google.common.collect.Ordering                                              : loaded 3 times (x 114B)
Class com.google.common.cache.ReferenceEntry                                          : loaded 3 times (x 70B)
Class kotlin.jdk7.AutoCloseableKt                                                     : loaded 3 times (x 71B)
Class kotlin.time.DurationKt                                                          : loaded 3 times (x 71B)
Class com.google.common.io.Closer$Suppressor                                          : loaded 3 times (x 70B)
Class kotlin.reflect.jvm.internal.impl.builtins.functions.FunctionTypeKind$KFunction  : loaded 3 times (x 72B)
Class kotlin.reflect.jvm.internal.impl.name.SpecialNames                              : loaded 3 times (x 71B)
Class kotlin.KotlinVersionCurrentValue                                                : loaded 3 times (x 71B)
Class kotlin.collections.builders.MapBuilder$Itr                                      : loaded 3 times (x 72B)
Class [Lorg.jetbrains.org.objectweb.asm.Attribute;                                    : loaded 3 times (x 69B)
Class org.objectweb.asm.ModuleVisitor                                                 : loaded 3 times (x 81B)
Class com.google.common.collect.LinkedHashMultimap$ValueSetLink                       : loaded 3 times (x 70B)
Class org.jetbrains.org.objectweb.asm.ClassReader                                     : loaded 3 times (x 92B)
Class com.google.common.collect.ImmutableMultisetGwtSerializationDependencies         : loaded 3 times (x 125B)
Class com.google.common.collect.AbstractMapBasedMultimap$2                            : loaded 3 times (x 85B)
Class [Lorg.objectweb.asm.Label;                                                      : loaded 3 times (x 69B)
Class com.google.common.hash.Hasher                                                   : loaded 3 times (x 70B)
Class org.objectweb.asm.Attribute                                                     : loaded 3 times (x 77B)
Class com.google.common.collect.LinkedListMultimap                                    : loaded 3 times (x 161B)
Class com.google.common.io.ByteArrayDataInput                                         : loaded 3 times (x 70B)
Class com.google.common.collect.Multimaps$CustomListMultimap                          : loaded 3 times (x 174B)
Class com.google.common.base.CharMatcher$None                                         : loaded 3 times (x 112B)
Class kotlin.text.MatcherMatchResult$groupValues$1                                    : loaded 3 times (x 198B)
Class com.google.common.collect.ImmutableMultimap$Values                              : loaded 3 times (x 126B)
Class com.google.common.cache.LocalCache$LocalManualCache$1                           : loaded 3 times (x 75B)
Class kotlin.sequences.GeneratorSequence                                              : loaded 3 times (x 75B)
Class kotlin.reflect.jvm.internal.KClassImpl                                          : loaded 3 times (x 115B)
Class kotlin.sequences.FlatteningSequence$iterator$1                                  : loaded 3 times (x 79B)
Class kotlin.reflect.jvm.internal.KDeclarationContainerImpl                           : loaded 3 times (x 84B)
Class kotlin.time.Duration$Companion                                                  : loaded 3 times (x 71B)
Class com.google.common.collect.HashBiMap$Inverse                                     : loaded 3 times (x 142B)
Class com.google.common.base.Splitter$SplittingIterator                               : loaded 3 times (x 84B)
Class kotlin.KotlinVersion$Companion                                                  : loaded 3 times (x 71B)
Class com.google.common.base.Strings                                                  : loaded 3 times (x 71B)
Class org.jetbrains.org.objectweb.asm.AnnotationVisitor                               : loaded 3 times (x 78B)
Class com.google.common.cache.CacheLoader                                             : loaded 3 times (x 74B)
Class com.google.common.collect.HashBiMap                                             : loaded 3 times (x 143B)
Class kotlin.reflect.jvm.internal.ReflectProperties                                   : loaded 3 times (x 71B)
Class kotlin.time.DurationJvmKt                                                       : loaded 3 times (x 71B)
Class kotlin.properties.ReadWriteProperty                                             : loaded 3 times (x 70B)
Class kotlin.reflect.jvm.internal.impl.name.ClassId                                   : loaded 3 times (x 72B)
Class com.google.common.base.Ticker                                                   : loaded 3 times (x 72B)
Class kotlin.sequences.SequencesKt___SequencesKt$flatMap$1                            : loaded 3 times (x 125B)
Class com.google.common.cache.LocalCache$Strength$1                                   : loaded 3 times (x 81B)
Class kotlin.KotlinNothingValueException                                              : loaded 3 times (x 82B)
Class [Lcom.google.common.cache.LocalCache$Segment;                                   : loaded 3 times (x 69B)
Class com.google.common.cache.LocalCache$Segment                                      : loaded 3 times (x 154B)
Class [Lcom.google.common.cache.LocalCache$Strength;                                  : loaded 3 times (x 69B)
Class com.google.common.cache.LocalCache$ComputingValueReference                      : loaded 3 times (x 96B)
Class com.google.common.cache.CacheBuilder$1                                          : loaded 3 times (x 85B)
Class kotlin.reflect.jvm.internal.KDeclarationContainerImpl$Data                      : loaded 3 times (x 72B)
Class com.google.common.cache.LocalCache                                              : loaded 3 times (x 187B)
Class kotlin.properties.Delegates                                                     : loaded 3 times (x 71B)
Class kotlin.collections.AbstractMutableSet                                           : loaded 3 times (x 142B)
Class org.jetbrains.org.objectweb.asm.ClassVisitor                                    : loaded 3 times (x 88B)
Class com.google.common.base.Suppliers$SupplierOfInstance                             : loaded 3 times (x 79B)
Class com.google.common.cache.CacheBuilder$2                                          : loaded 3 times (x 79B)
Class kotlin.collections.builders.MapBuilderEntries                                   : loaded 3 times (x 145B)
Class com.google.common.base.Suppliers                                                : loaded 3 times (x 71B)
Class kotlin.jvm.internal.markers.KMutableMap$Entry                                   : loaded 3 times (x 70B)
Class [Lcom.google.common.cache.CacheBuilder$OneWeigher;                              : loaded 3 times (x 69B)
Class kotlin.reflect.jvm.internal.impl.builtins.PrimitiveType$Companion               : loaded 3 times (x 71B)
Class kotlin.time.DurationUnitKt__DurationUnitKt                                      : loaded 3 times (x 71B)
Class kotlin.reflect.jvm.internal.impl.name.FqName                                    : loaded 3 times (x 72B)
Class kotlin.reflect.jvm.internal.KClassImpl$Data                                     : loaded 3 times (x 72B)
Class [Lkotlin.reflect.jvm.internal.impl.name.FqName;                                 : loaded 3 times (x 69B)
Class kotlin.reflect.jvm.internal.KPackageImpl                                        : loaded 3 times (x 85B)
Class com.google.common.cache.CacheBuilder$3                                          : loaded 3 times (x 72B)
Class com.google.common.collect.LinkedListMultimap$Node                               : loaded 3 times (x 82B)
Class kotlin.collections.ArrayDeque                                                   : loaded 3 times (x 207B)
Class kotlin.reflect.jvm.internal.KTypeParameterOwnerImpl                             : loaded 3 times (x 70B)
Class com.google.common.base.Platform$JdkPatternCompiler                              : loaded 3 times (x 75B)
Class com.google.common.cache.CacheBuilder                                            : loaded 3 times (x 72B)
Class kotlin.time.DurationUnit                                                        : loaded 3 times (x 79B)
Class kotlin.sequences.SequencesKt___SequencesKt$asIterable$$inlined$Iterable$1       : loaded 3 times (x 79B)
Class com.google.common.hash.HashCode$IntHashCode                                     : loaded 3 times (x 80B)
Class [Lkotlin.time.DurationUnit;                                                     : loaded 3 times (x 69B)
Class kotlin.reflect.jvm.internal.impl.name.Name                                      : loaded 3 times (x 75B)
Class com.google.common.cache.LocalCache$EntryFactory                                 : loaded 3 times (x 83B)
Class kotlin.jvm.internal.TypeIntrinsics                                              : loaded 3 times (x 71B)
Class kotlin.reflect.jvm.internal.ComputableClassValue                                : loaded 3 times (x 80B)
Class com.google.common.cache.LocalCache$Strength$2                                   : loaded 3 times (x 81B)
Class kotlin.reflect.jvm.internal.impl.resolve.jvm.JvmPrimitiveType                   : loaded 3 times (x 79B)
Class kotlin.collections.IntIterator                                                  : loaded 3 times (x 82B)
Class com.google.common.collect.NullnessCasts                                         : loaded 3 times (x 71B)
Class com.google.common.collect.NullsLastOrdering                                     : loaded 3 times (x 115B)
Class kotlin.sequences.TransformingSequence                                           : loaded 3 times (x 75B)
Class com.google.common.collect.ImmutableMultimap$Keys                                : loaded 3 times (x 166B)
Class kotlin.ranges.ClosedRange                                                       : loaded 3 times (x 70B)
Class kotlin.reflect.jvm.internal.impl.name.FqNameUnsafe                              : loaded 3 times (x 72B)
Class org.objectweb.asm.ClassVisitor                                                  : loaded 3 times (x 88B)
Class org.jetbrains.org.objectweb.asm.Attribute                                       : loaded 3 times (x 75B)
Class org.jetbrains.org.objectweb.asm.Label                                           : loaded 3 times (x 72B)
Class com.google.common.collect.ImmutableMapKeySet                                    : loaded 3 times (x 152B)
Class kotlin.io.path.PathsKt__PathReadWriteKt                                         : loaded 3 times (x 71B)
Class [Lkotlin.reflect.jvm.internal.impl.name.ClassId;                                : loaded 3 times (x 69B)
Class kotlin.reflect.jvm.internal.EmptyContainerForLocal                              : loaded 3 times (x 84B)
Class com.google.common.cache.CacheLoader$InvalidCacheLoadException                   : loaded 3 times (x 82B)
Class com.google.common.cache.RemovalListener                                         : loaded 3 times (x 70B)
Class kotlin.reflect.jvm.internal.ReflectProperties$LazySoftVal                       : loaded 3 times (x 78B)
Class kotlin.reflect.jvm.internal.impl.builtins.StandardNames                         : loaded 3 times (x 71B)
Class [Lkotlin.reflect.jvm.internal.impl.builtins.PrimitiveType;                      : loaded 3 times (x 69B)
Class kotlin.jvm.internal.PropertyReference0Impl                                      : loaded 3 times (x 127B)
Class com.google.common.collect.TransformedIterator                                   : loaded 3 times (x 80B)
Class com.google.common.collect.AllEqualOrdering                                      : loaded 3 times (x 114B)
Class com.google.common.io.ByteStreams                                                : loaded 3 times (x 71B)
Class com.google.common.collect.LinkedHashMultimap                                    : loaded 3 times (x 175B)
Class kotlin.io.ByteStreamsKt                                                         : loaded 3 times (x 71B)
Class org.jetbrains.org.objectweb.asm.MethodVisitor                                   : loaded 3 times (x 105B)
Class kotlin.ranges.IntRange$Companion                                                : loaded 3 times (x 71B)
Class kotlin.text.MatcherMatchResult$groups$1                                         : loaded 3 times (x 151B)
Class com.google.common.collect.AbstractMultimap$Entries                              : loaded 3 times (x 120B)
Class com.google.common.base.NullnessCasts                                            : loaded 3 times (x 71B)
Class com.google.common.cache.LoadingCache                                            : loaded 3 times (x 70B)
Class com.google.common.io.ByteStreams$LimitedInputStream                             : loaded 3 times (x 92B)
Class com.google.common.cache.Cache                                                   : loaded 3 times (x 70B)
Class com.google.common.cache.LocalCache$Strength                                     : loaded 3 times (x 81B)
Class org.objectweb.asm.MethodWriter                                                  : loaded 3 times (x 106B)
Class com.google.common.cache.Weigher                                                 : loaded 3 times (x 70B)
Class [Lcom.google.common.cache.Weigher;                                              : loaded 3 times (x 69B)
Class kotlin.KotlinVersion                                                            : loaded 3 times (x 74B)
Class kotlin.io.FileAlreadyExistsException                                            : loaded 3 times (x 82B)
Class com.google.common.collect.AbstractMapBasedMultimap$RandomAccessWrappedList      : loaded 3 times (x 205B)
Class kotlin.ranges.IntProgression$Companion                                          : loaded 3 times (x 71B)
Class kotlin.reflect.jvm.internal.KotlinReflectionInternalError                       : loaded 3 times (x 82B)
Class kotlin.reflect.jvm.internal.impl.builtins.jvm.JavaToKotlinClassMap              : loaded 3 times (x 71B)
Class com.google.common.base.Splitter$1                                               : loaded 3 times (x 77B)
Class kotlin.jvm.internal.MutablePropertyReference2                                   : loaded 3 times (x 137B)
Class kotlin.reflect.jvm.internal.ReflectProperties$Val                               : loaded 3 times (x 74B)
Class com.google.common.cache.LocalCache$Strength$3                                   : loaded 3 times (x 81B)
Class kotlin.ranges.OpenEndRange                                                      : loaded 3 times (x 70B)
Class kotlin.text.Charsets                                                            : loaded 3 times (x 71B)
Class com.google.common.collect.ImmutableMultimap$1                                   : loaded 3 times (x 82B)
Class com.google.common.cache.LocalCache$ValueReference                               : loaded 3 times (x 70B)
Class com.google.common.collect.ImmutableMultimap$2                                   : loaded 3 times (x 81B)
Class kotlin.Deprecated                                                               : loaded 3 times (x 70B)
Class com.google.common.io.ByteArrayDataOutput                                        : loaded 3 times (x 70B)
Class com.google.common.base.PatternCompiler                                          : loaded 3 times (x 70B)
Class kotlin.collections.ArrayDeque$Companion                                         : loaded 3 times (x 71B)
Class com.google.common.hash.PrimitiveSink                                            : loaded 3 times (x 70B)
Class com.google.common.collect.ByFunctionOrdering                                    : loaded 3 times (x 115B)
Class org.jetbrains.org.objectweb.asm.FieldVisitor                                    : loaded 3 times (x 77B)
Class org.objectweb.asm.Label                                                         : loaded 3 times (x 73B)
Class com.google.common.util.concurrent.ExecutionError                                : loaded 3 times (x 82B)
Class kotlin.reflect.jvm.internal.CacheByClassKt                                      : loaded 3 times (x 71B)
Class kotlin.reflect.jvm.internal.ClassValueCache                                     : loaded 3 times (x 74B)
Class com.google.common.collect.NullsFirstOrdering                                    : loaded 3 times (x 115B)
Class com.google.common.hash.HashCode$LongHashCode                                    : loaded 3 times (x 80B)
Class kotlin.InitializedLazyImpl                                                      : loaded 3 times (x 76B)
Class kotlin.reflect.jvm.internal.impl.builtins.StandardNames$FqNames                 : loaded 3 times (x 71B)
Class org.objectweb.asm.MethodVisitor                                                 : loaded 3 times (x 105B)
Class com.google.common.cache.LocalCache$EntryFactory$1                               : loaded 3 times (x 83B)
Class [Lcom.google.common.cache.RemovalListener;                                      : loaded 3 times (x 69B)
Class kotlin.reflect.jvm.internal.impl.builtins.functions.FunctionTypeKind            : loaded 3 times (x 72B)
Class org.jetbrains.org.objectweb.asm.MethodWriter                                    : loaded 3 times (x 106B)
Class org.objectweb.asm.FieldVisitor                                                  : loaded 3 times (x 77B)
Class com.google.common.cache.CacheBuilder$NullListener                               : loaded 3 times (x 82B)
Class kotlin.reflect.jvm.internal.CachesKt                                            : loaded 3 times (x 71B)
Class com.google.common.cache.LocalCache$EntryFactory$2                               : loaded 3 times (x 83B)
Class com.google.common.cache.CacheLoader$UnsupportedLoadingOperationException        : loaded 3 times (x 82B)
Class [Lcom.google.common.base.AbstractIterator$State;                                : loaded 3 times (x 69B)
Class kotlin.collections.ArraysKt___ArraysKt$asSequence$$inlined$Sequence$1           : loaded 3 times (x 75B)
Class kotlin.reflect.jvm.internal.ReflectionFactoryImpl                               : loaded 3 times (x 91B)
Class kotlin.jvm.internal.MutablePropertyReference0                                   : loaded 3 times (x 137B)
Class kotlin.reflect.jvm.internal.impl.builtins.CompanionObjectMapping                : loaded 3 times (x 71B)
Class kotlin.time.DurationUnitKt__DurationUnitJvmKt                                   : loaded 3 times (x 71B)
Class com.google.common.cache.LocalCache$EntryFactory$3                               : loaded 3 times (x 83B)
Class com.google.common.collect.ImmutableBiMap$Builder                                : loaded 3 times (x 82B)
Class com.google.common.base.Ticker$1                                                 : loaded 3 times (x 72B)
Class [Lkotlin.jvm.functions.Function1;                                               : loaded 3 times (x 69B)
Class org.jetbrains.org.objectweb.asm.RecordComponentVisitor                          : loaded 3 times (x 77B)
Class com.google.common.cache.LocalCache$EntryFactory$4                               : loaded 3 times (x 83B)
Class kotlin.io.path.IllegalFileNameException                                         : loaded 3 times (x 85B)
Class kotlin.collections.builders.MapBuilder$EntriesItr                               : loaded 3 times (x 81B)
Class com.google.common.util.concurrent.UncheckedExecutionException                   : loaded 3 times (x 82B)
Class org.jetbrains.org.objectweb.asm.Context                                         : loaded 3 times (x 72B)
Class com.google.common.collect.ReverseOrdering                                       : loaded 3 times (x 115B)
Class kotlin.text.DelimitedRangesSequence$iterator$1                                  : loaded 3 times (x 79B)
Class com.google.common.io.ByteStreams$1                                              : loaded 3 times (x 85B)
Class kotlin.reflect.jvm.internal.impl.builtins.functions.FunctionTypeKind$SuspendFunction: loaded 3 times (x 72B)
Class com.google.common.collect.ExplicitOrdering                                      : loaded 3 times (x 115B)
Class com.google.common.cache.LocalCache$EntryFactory$5                               : loaded 3 times (x 83B)
Class kotlin.collections.AbstractIterator                                             : loaded 3 times (x 83B)
Class kotlin.time.Duration                                                            : loaded 3 times (x 74B)
Class com.google.common.cache.LocalCache$EntryFactory$6                               : loaded 3 times (x 83B)
Class kotlin.reflect.jvm.internal.CacheByClass                                        : loaded 3 times (x 73B)
Class kotlin.reflect.jvm.internal.impl.utils.CollectionsKt                            : loaded 3 times (x 71B)
Class kotlin.ReplaceWith                                                              : loaded 3 times (x 70B)
Class Build_gradle                                                                    : loaded 3 times (x 127B)
Class com.google.common.hash.AbstractHashFunction                                     : loaded 3 times (x 95B)
Class kotlin.io.path.PathsKt__PathUtilsKt                                             : loaded 3 times (x 71B)
Class kotlin.reflect.jvm.internal.impl.name.StandardClassIds                          : loaded 3 times (x 71B)
Class org.objectweb.asm.ClassReader                                                   : loaded 3 times (x 94B)
Class com.google.common.cache.LocalCache$EntryFactory$7                               : loaded 3 times (x 83B)
Class kotlin.io.TerminateException                                                    : loaded 3 times (x 82B)
Class com.google.common.collect.ImmutableMultimap$Builder                             : loaded 3 times (x 83B)
Class com.google.common.cache.CacheLoader$FunctionToCacheLoader                       : loaded 3 times (x 75B)
Class com.google.common.collect.ImmutableList$Builder                                 : loaded 3 times (x 77B)
Class com.google.common.cache.LocalCache$2                                            : loaded 3 times (x 142B)
Class com.google.common.collect.ImmutableListMultimap                                 : loaded 3 times (x 176B)
Class com.google.common.cache.LocalCache$EntryFactory$8                               : loaded 3 times (x 83B)
Class kotlin.sequences.GeneratorSequence$iterator$1                                   : loaded 3 times (x 79B)
Class com.google.common.collect.ImmutableMultimap$EntryCollection                     : loaded 3 times (x 128B)
Class kotlin.sequences.FlatteningSequence                                             : loaded 3 times (x 75B)
Class kotlin.text.MatcherMatchResult                                                  : loaded 3 times (x 80B)
Class kotlin.text.MatchGroupCollection                                                : loaded 3 times (x 70B)
Class kotlin.jvm.internal.Ref$BooleanRef                                              : loaded 3 times (x 71B)
Class kotlin.sequences.DropTakeSequence                                               : loaded 3 times (x 70B)
Class kotlin.io.TextStreamsKt                                                         : loaded 3 times (x 71B)
Class com.google.common.base.Ascii                                                    : loaded 3 times (x 71B)
Class com.google.common.cache.LocalCache$1                                            : loaded 3 times (x 89B)
Class kotlin.sequences.TransformingSequence$iterator$1                                : loaded 3 times (x 79B)
Class kotlin.jvm.internal.StringCompanionObject                                       : loaded 3 times (x 71B)
Class com.google.common.cache.CacheLoader$1                                           : loaded 3 times (x 75B)
Class [Lorg.jetbrains.org.objectweb.asm.Label;                                        : loaded 3 times (x 69B)
Class com.google.common.collect.HashBiMap$BiEntry                                     : loaded 3 times (x 83B)
Class kotlin.io.NoSuchFileException                                                   : loaded 3 times (x 82B)
Class com.google.common.cache.AbstractCache$StatsCounter                              : loaded 3 times (x 70B)
Class [Lkotlin.Function;                                                              : loaded 3 times (x 69B)
Class kotlin.collections.builders.AbstractMapBuilderEntrySet                          : loaded 3 times (x 144B)
Class com.google.common.collect.ImmutableMapEntry$NonTerminalImmutableBiMapEntry      : loaded 3 times (x 85B)
Class com.google.common.collect.AbstractTable                                         : loaded 3 times (x 120B)
Class org.objectweb.asm.Context                                                       : loaded 3 times (x 72B)
Class kotlin.time.DurationUnitKt                                                      : loaded 3 times (x 71B)
Class kotlin.ranges.IntProgressionIterator                                            : loaded 3 times (x 82B)
Class kotlin.reflect.jvm.internal.RuntimeTypeMapper                                   : loaded 3 times (x 71B)
Class com.google.common.collect.LexicographicalOrdering                               : loaded 3 times (x 115B)
Class [Lorg.objectweb.asm.Attribute;                                                  : loaded 3 times (x 69B)
Class [Lorg.objectweb.asm.Type;                                                       : loaded 3 times (x 69B)
Class com.google.common.base.Splitter$Strategy                                        : loaded 3 times (x 70B)
Class com.google.common.collect.BaseImmutableMultimap                                 : loaded 3 times (x 123B)
Class com.google.common.collect.EmptyImmutableListMultimap                            : loaded 3 times (x 176B)
Class kotlin.io.path.PathsKt                                                          : loaded 3 times (x 71B)
Class kotlin.reflect.full.IllegalCallableAccessException                              : loaded 3 times (x 82B)
Class kotlin.text.MatchNamedGroupCollection                                           : loaded 3 times (x 70B)
Class kotlin.reflect.jvm.internal.impl.name.FqNamesUtilKt                             : loaded 3 times (x 71B)
Class kotlin.reflect.jvm.internal.impl.name.StandardClassIdsKt                        : loaded 3 times (x 71B)
Class kotlin.ranges.IntProgression                                                    : loaded 3 times (x 81B)
Class kotlin.reflect.jvm.internal.impl.load.java.JavaClassesTracker$Default           : loaded 2 times (x 74B)
Class kotlin.reflect.jvm.internal.impl.renderer.DescriptorRendererOptionsImpl         : loaded 2 times (x 92B)
Class jdk.internal.jrtfs.SystemImage$2                                                : loaded 2 times (x 76B)
Class [Landroidx.lint.kotlin.metadata.internal.protobuf.WireFormat$JavaType;          : loaded 2 times (x 69B)
Class org.jetbrains.kotlin.utils.CollectionsKt                                        : loaded 2 times (x 71B)
Class org.jetbrains.kotlin.metadata.jvm.JvmProtoBuf$StringTableTypes$1                : loaded 2 times (x 144B)
Class org.jetbrains.kotlin.metadata.ProtoBuf$PropertyOrBuilder                        : loaded 2 times (x 70B)
Class org.jetbrains.kotlin.metadata.ProtoBuf$Constructor$1                            : loaded 2 times (x 144B)
Class [Lorg.jetbrains.kotlin.com.intellij.openapi.diagnostic.LogLevel;                : loaded 2 times (x 69B)
Class org.jetbrains.kotlin.build.report.metrics.GradleBuildTime                       : loaded 2 times (x 86B)
Class org.jetbrains.kotlin.cli.common.arguments.PreprocessCommandLineArgumentsKt      : loaded 2 times (x 71B)
Class com.google.protobuf.ByteString$ByteIterator                                     : loaded 2 times (x 70B)
Class com.google.wireless.android.sdk.stats.K2ModeEvent                               : loaded 2 times (x 195B)
Class com.google.wireless.android.sdk.stats.AvdLaunchEvent                            : loaded 2 times (x 197B)
Class com.google.wireless.android.sdk.stats.NonTransitiveRClassMigrationEvent         : loaded 2 times (x 201B)
Class com.google.wireless.android.sdk.stats.MarketingEmailEvent                       : loaded 2 times (x 197B)
Class com.google.wireless.android.sdk.stats.K2ModeEventOrBuilder                      : loaded 2 times (x 70B)
Class com.google.wireless.android.sdk.stats.GradleCppSyncStatsOrBuilder               : loaded 2 times (x 70B)
Class com.google.wireless.android.sdk.stats.AndroidStudioEvent$IdeBrand               : loaded 2 times (x 87B)
Class com.google.gson.stream.JsonWriter                                               : loaded 2 times (x 98B)
Class kotlin.jvm.internal.BooleanCompanionObject                                      : loaded 2 times (x 71B)
Class kotlin.reflect.jvm.internal.impl.descriptors.impl.VariableDescriptorWithInitializerImpl: loaded 2 times (x 148B)
Class kotlin.reflect.jvm.internal.impl.descriptors.Visibilities                       : loaded 2 times (x 71B)
Class kotlin.reflect.jvm.internal.impl.metadata.ProtoBuf$VersionRequirement$1         : loaded 2 times (x 87B)
Class kotlin.reflect.jvm.internal.impl.load.kotlin.header.ReadKotlinClassHeaderAnnotationVisitor$KotlinMetadataArgumentVisitor: loaded 2 times (x 86B)
Class kotlin.reflect.jvm.internal.impl.serialization.deserialization.descriptors.DeserializedClassDescriptor$DeserializedClassMemberScope$generateFakeOverrides$1: loaded 2 times (x 77B)
Class kotlin.reflect.jvm.internal.impl.descriptors.java.JavaVisibilities$ProtectedStaticVisibility: loaded 2 times (x 75B)
Class kotlin.reflect.jvm.internal.impl.serialization.deserialization.descriptors.DeserializedClassDescriptor$DeserializedClassTypeConstructor: loaded 2 times (x 97B)
Class kotlin.reflect.jvm.internal.impl.utils.SmartList                                : loaded 2 times (x 199B)
Class [Lkotlin.reflect.jvm.internal.impl.incremental.components.NoLookupLocation;     : loaded 2 times (x 69B)
Class kotlin.reflect.jvm.internal.impl.descriptors.PropertySetterDescriptor           : loaded 2 times (x 70B)
Class kotlin.reflect.jvm.internal.impl.metadata.ProtoBuf$Type$1                       : loaded 2 times (x 87B)
Class kotlin.reflect.jvm.internal.impl.metadata.ProtoBuf$QualifiedNameTable$QualifiedName$Kind$1: loaded 2 times (x 74B)
Class kotlin.reflect.jvm.internal.impl.serialization.deserialization.ClassDeserializer$ClassKey: loaded 2 times (x 72B)
Class kotlinx.coroutines.scheduling.NanoTimeSource                                    : loaded 2 times (x 72B)
Class it.unimi.dsi.fastutil.ints.IntCollection                                        : loaded 2 times (x 70B)
Class com.google.common.base.Splitter$5                                               : loaded 2 times (x 80B)
Class kotlin.reflect.jvm.internal.impl.load.java.structure.JavaField                  : loaded 2 times (x 70B)
Class org.gradle.internal.service.ServiceLocator                                      : loaded 2 times (x 70B)
Class androidx.lint.kotlin.metadata.internal.protobuf.CodedOutputStream$ByteBufferOutputStream: loaded 2 times (x 86B)
Class [Landroidx.lint.kotlin.metadata.internal.metadata.ProtoBuf$TypeParameter$Variance;: loaded 2 times (x 69B)
Class kotlin.reflect.jvm.internal.impl.descriptors.impl.LazyClassReceiverParameterDescriptor: loaded 2 times (x 139B)
Class org.jetbrains.kotlin.load.kotlin.header.ReadKotlinClassHeaderAnnotationVisitor$CollectStringArrayAnnotationVisitor: loaded 2 times (x 85B)
Class com.google.protobuf.GeneratedMessage$GeneratedExtension                         : loaded 2 times (x 87B)
Class kotlin.sequences.TransformingIndexedSequence                                    : loaded 2 times (x 75B)
Class com.google.wireless.android.sdk.stats.UIActionStats                             : loaded 2 times (x 208B)
Class com.google.wireless.android.sdk.stats.AssetStudioWizardEvent                    : loaded 2 times (x 197B)
Class com.google.wireless.android.sdk.stats.SafeModeStatsEventOrBuilder               : loaded 2 times (x 70B)
Class com.google.wireless.android.sdk.stats.StudioCrashOrBuilder                      : loaded 2 times (x 70B)
Class com.google.wireless.android.sdk.stats.AppInspectionEventOrBuilder               : loaded 2 times (x 70B)
Class com.google.wireless.android.sdk.stats.DeviceMirroringSessionOrBuilder           : loaded 2 times (x 70B)
Class kotlin.reflect.jvm.internal.impl.load.java.SpecialGenericSignatures$Companion$NameAndSignature: loaded 2 times (x 72B)
Class kotlin.reflect.jvm.internal.impl.descriptors.impl.ValueParameterDescriptorImpl  : loaded 2 times (x 169B)
Class kotlin.reflect.jvm.internal.impl.load.java.structure.JavaTypeParameterListOwner : loaded 2 times (x 70B)
Class kotlin.reflect.jvm.internal.impl.metadata.deserialization.VersionSpecificBehaviorKt: loaded 2 times (x 71B)
Class kotlin.reflect.jvm.internal.impl.metadata.deserialization.NameResolverImpl      : loaded 2 times (x 77B)
Class [Lkotlin.reflect.jvm.internal.impl.descriptors.impl.DeclarationDescriptorImpl;  : loaded 2 times (x 69B)
Class kotlin.reflect.jvm.internal.impl.metadata.jvm.JvmProtoBuf$JvmFieldSignature     : loaded 2 times (x 98B)
Class [Lkotlin.reflect.jvm.internal.impl.metadata.ProtoBuf$Annotation$Argument$Value$Type;: loaded 2 times (x 69B)
Class kotlin.reflect.jvm.internal.impl.protobuf.SmallSortedMap                        : loaded 2 times (x 129B)
Class kotlin.reflect.jvm.internal.impl.protobuf.LazyField                             : loaded 2 times (x 77B)
Class [Lkotlin.reflect.jvm.internal.impl.types.error.ErrorTypeKind;                   : loaded 2 times (x 69B)
Class kotlin.reflect.jvm.internal.impl.types.error.ErrorTypeKind                      : loaded 2 times (x 80B)
Class kotlin.reflect.jvm.internal.impl.storage.DefaultSimpleLock                      : loaded 2 times (x 78B)
Class com.google.wireless.android.sdk.stats.WearPairingEventOrBuilder                 : loaded 2 times (x 70B)
Class com.google.wireless.android.sdk.stats.CreateDiagnosticReportActionOrBuilder     : loaded 2 times (x 70B)
Class com.google.wireless.android.sdk.stats.EmulatorWindowsHypervisorMigrationEventOrBuilder: loaded 2 times (x 70B)
Class com.android.tools.lint.model.LintModelModuleType                                : loaded 2 times (x 79B)
Class com.google.wireless.android.sdk.stats.StartupEventOrBuilder                     : loaded 2 times (x 70B)
Class com.google.wireless.android.sdk.stats.BuildAttributionUiEventOrBuilder          : loaded 2 times (x 70B)
Class com.google.wireless.android.sdk.stats.WearHealthServicesEventOrBuilder          : loaded 2 times (x 70B)
Class com.google.common.collect.Iterators$ConcatenatedIterator                        : loaded 2 times (x 82B)
Class jdk.internal.jrtfs.JrtFileSystemProvider                                        : loaded 2 times (x 101B)
Class androidx.lint.kotlin.metadata.internal.metadata.deserialization.VersionRequirement$Companion: loaded 2 times (x 71B)
Class androidx.lint.kotlin.metadata.internal.metadata.ProtoBuf$Constructor$1          : loaded 2 times (x 144B)
Class com.google.wireless.android.sdk.stats.AndroidStudioEvent$2                      : loaded 2 times (x 151B)
Class com.google.wireless.android.sdk.stats.JavaProcessStats$1                        : loaded 2 times (x 151B)
Class com.google.protobuf.UnsafeUtil$MemoryAccessor                                   : loaded 2 times (x 91B)
Class com.google.protobuf.UnsafeUtil$1                                                : loaded 2 times (x 76B)
Class com.google.protobuf.CodedOutputStream$AbstractBufferedEncoder                   : loaded 2 times (x 110B)
Class com.google.wireless.android.sdk.stats.FileType                                  : loaded 2 times (x 202B)
Class com.google.wireless.android.sdk.stats.DeviceScreenshotEvent                     : loaded 2 times (x 197B)
Class com.google.wireless.android.sdk.stats.FastPreviewEvent                          : loaded 2 times (x 199B)
Class com.google.wireless.android.sdk.stats.EssentialsModeEventOrBuilder              : loaded 2 times (x 70B)
Class com.google.wireless.android.sdk.stats.HeapReportEventOrBuilder                  : loaded 2 times (x 70B)
Class com.google.wireless.android.sdk.stats.AutoImportEventOrBuilder                  : loaded 2 times (x 70B)
Class org.jetbrains.kotlin.metadata.jvm.JvmProtoBuf$StringTableTypes                  : loaded 2 times (x 110B)
Class com.google.common.io.CharSource$StringCharSource                                : loaded 2 times (x 86B)
Class com.google.common.io.ByteSource$ByteArrayByteSource                             : loaded 2 times (x 85B)
Class org.jetbrains.kotlin.protobuf.GeneratedMessageLite$ExtendableBuilder            : loaded 2 times (x 138B)
Class kotlin.reflect.jvm.internal.impl.metadata.jvm.JvmProtoBuf$StringTableTypes      : loaded 2 times (x 98B)
Class kotlin.reflect.jvm.internal.impl.metadata.jvm.deserialization.JvmNameResolverBase$Companion: loaded 2 times (x 71B)
Class kotlin.reflect.jvm.internal.impl.serialization.deserialization.descriptors.DescriptorWithContainerSource: loaded 2 times (x 70B)
Class kotlin.reflect.jvm.internal.impl.load.java.structure.JavaPrimitiveType          : loaded 2 times (x 70B)
Class kotlin.reflect.jvm.internal.impl.metadata.ProtoBuf$Annotation$Argument$Value$Builder: loaded 2 times (x 92B)
Class kotlin.reflect.jvm.internal.impl.descriptors.Visibilities$Inherited             : loaded 2 times (x 75B)
Class kotlin.reflect.jvm.internal.impl.load.java.NullabilityAnnotationStates$Companion: loaded 2 times (x 71B)
Class kotlin.reflect.jvm.internal.impl.load.kotlin.KotlinClassFinder                  : loaded 2 times (x 70B)
Class androidx.lint.kotlin.metadata.internal.metadata.ProtoBuf$Annotation$ArgumentOrBuilder: loaded 2 times (x 70B)
Class jdk.internal.jrtfs.SystemImage$1                                                : loaded 2 times (x 78B)
Class kotlinx.coroutines.scheduling.GlobalQueue                                       : loaded 2 times (x 72B)
Class com.android.tools.lint.model.LintModelDependency                                : loaded 2 times (x 70B)
Class com.google.common.collect.Maps$IteratorBasedAbstractMap$1                       : loaded 2 times (x 138B)
Class com.google.common.collect.LinkedHashMultimap$ValueSet                           : loaded 2 times (x 142B)
Class com.google.common.reflect.TypeToken$SimpleTypeToken                             : loaded 2 times (x 73B)
Class androidx.lint.kotlin.metadata.internal.metadata.ProtoBuf$Effect$InvocationKind$1: loaded 2 times (x 74B)
Class [Landroidx.lint.kotlin.metadata.internal.metadata.ProtoBuf$Type$Argument$Projection;: loaded 2 times (x 69B)
Class androidx.lint.kotlin.metadata.internal.metadata.ProtoBuf$Property$1             : loaded 2 times (x 144B)
Class org.jetbrains.kotlin.metadata.deserialization.ProtoBufUtilKt                    : loaded 2 times (x 71B)
Class com.android.tools.lint.model.DefaultLintModelArtifact                           : loaded 2 times (x 84B)
Class it.unimi.dsi.fastutil.objects.ReferenceCollection                               : loaded 2 times (x 70B)
Class kotlinx.coroutines.DisposableHandle                                             : loaded 2 times (x 70B)
Class com.google.protobuf.CodedOutputStream                                           : loaded 2 times (x 109B)
Class com.google.wireless.android.sdk.stats.SmlChatBotEventOrBuilder                  : loaded 2 times (x 70B)
Class com.google.wireless.android.sdk.stats.EmulatorDetailsOrBuilder                  : loaded 2 times (x 70B)
Class it.unimi.dsi.fastutil.longs.LongSet                                             : loaded 2 times (x 70B)
Class com.android.utils.DateProvider$1                                                : loaded 2 times (x 75B)
Class [Lcom.android.resources.Density;                                                : loaded 2 times (x 69B)
Class it.unimi.dsi.fastutil.objects.Object2IntFunction                                : loaded 2 times (x 70B)
Class kotlin.reflect.jvm.internal.impl.load.java.components.SignaturePropagator$1     : loaded 2 times (x 75B)
Class kotlin.reflect.jvm.internal.impl.resolve.DescriptorFactory                      : loaded 2 times (x 71B)
Class kotlin.reflect.jvm.internal.impl.metadata.ProtoBuf$Annotation$Argument$1        : loaded 2 times (x 87B)
Class kotlin.reflect.jvm.internal.impl.types.SimpleTypeImpl                           : loaded 2 times (x 92B)
Class kotlin.reflect.jvm.internal.impl.renderer.DescriptorRendererImpl                : loaded 2 times (x 99B)
Class kotlin.reflect.jvm.internal.impl.renderer.DescriptorRenderer$Companion          : loaded 2 times (x 71B)
Class kotlin.reflect.jvm.internal.impl.storage.LockBasedStorageManager$MapBasedMemoizedFunctionToNotNull: loaded 2 times (x 84B)
Class it.unimi.dsi.fastutil.ints.IntSpliterator                                       : loaded 2 times (x 70B)
Class [Lkotlin.reflect.jvm.internal.impl.renderer.AnnotationArgumentsRenderingPolicy; : loaded 2 times (x 69B)
Class kotlin.reflect.jvm.internal.impl.protobuf.GeneratedMessageLite$ExtendableMessage: loaded 2 times (x 101B)
Class kotlin.coroutines.CoroutineContext$Element                                      : loaded 2 times (x 70B)
Class kotlin.reflect.jvm.internal.impl.descriptors.deserialization.ClassDescriptorFactory: loaded 2 times (x 70B)
Class com.google.common.collect.SortedIterables                                       : loaded 2 times (x 71B)
Class kotlin.streams.jdk8.StreamsKt                                                   : loaded 2 times (x 71B)
Class androidx.lint.kotlin.metadata.jvm.internal.JvmFunctionExtension$Companion       : loaded 2 times (x 71B)
Class androidx.lint.kotlin.metadata.internal.protobuf.ByteString$Output               : loaded 2 times (x 86B)
Class org.jetbrains.kotlin.protobuf.AbstractMessageLite$Builder                       : loaded 2 times (x 122B)
Class org.jetbrains.kotlin.protobuf.Internal$EnumLiteMap                              : loaded 2 times (x 70B)
Class org.jetbrains.kotlin.protobuf.GeneratedMessageLite                              : loaded 2 times (x 101B)
Class org.jetbrains.kotlin.metadata.deserialization.MetadataVersion                   : loaded 2 times (x 74B)
Class com.google.common.collect.Range                                                 : loaded 2 times (x 87B)
Class com.google.wireless.android.sdk.stats.GcPauseEvent                              : loaded 2 times (x 201B)
Class com.google.wireless.android.sdk.stats.DeviceMirroringAbnormalAgentTerminationOrBuilder: loaded 2 times (x 70B)
Class com.google.wireless.android.sdk.stats.SmlCompletionEventOrBuilder               : loaded 2 times (x 70B)
Class com.google.wireless.android.sdk.stats.AppLinksAssistantEventOrBuilder           : loaded 2 times (x 70B)
Class com.google.wireless.android.sdk.stats.ModelProviderEventOrBuilder               : loaded 2 times (x 70B)
Class com.google.wireless.android.sdk.stats.MarketingEmailEventOrBuilder              : loaded 2 times (x 70B)
Class com.google.protobuf.Descriptors$FieldDescriptor                                 : loaded 2 times (x 88B)
Class kotlin.reflect.jvm.internal.impl.load.java.lazy.LazyJavaAnnotations             : loaded 2 times (x 85B)
Class kotlin.reflect.jvm.internal.impl.serialization.deserialization.descriptors.DeserializedContainerAbiStability: loaded 2 times (x 79B)
Class [Lkotlin.reflect.jvm.internal.impl.descriptors.TypeParameterDescriptor;         : loaded 2 times (x 69B)
Class kotlin.reflect.jvm.internal.impl.types.model.TypeSystemInferenceExtensionContext: loaded 2 times (x 70B)
Class [Lkotlin.reflect.jvm.internal.impl.metadata.ProtoBuf$Type$Argument$Projection;  : loaded 2 times (x 69B)
Class kotlin.reflect.jvm.internal.impl.descriptors.runtime.structure.ReflectJavaPackage: loaded 2 times (x 82B)
Class kotlin.reflect.jvm.internal.impl.serialization.deserialization.AnnotationAndConstantLoaderImpl: loaded 2 times (x 98B)
Class kotlin.reflect.jvm.internal.impl.metadata.ProtoBuf$Annotation$1                 : loaded 2 times (x 87B)
Class kotlin.reflect.jvm.internal.impl.resolve.scopes.MemberScope$Empty               : loaded 2 times (x 92B)
Class kotlin.reflect.jvm.internal.impl.descriptors.impl.ModuleDescriptorImpl$$Lambda$0: loaded 2 times (x 76B)
Class kotlin.reflect.jvm.internal.impl.storage.LockBasedStorageManager$LockBasedNotNullLazyValue: loaded 2 times (x 84B)
Class kotlin.io.LinesSequence$iterator$1                                              : loaded 2 times (x 79B)
Class org.jetbrains.kotlin.cli.common.messages.MessageCollector$Companion             : loaded 2 times (x 71B)
Class kotlin.reflect.jvm.internal.impl.metadata.ProtoBuf$QualifiedNameTable$QualifiedName: loaded 2 times (x 98B)
Class kotlin.reflect.jvm.internal.impl.load.java.lazy.descriptors.LazyJavaClassMemberScope$$Lambda$5: loaded 2 times (x 75B)
Class com.android.io.CancellableFileIo                                                : loaded 2 times (x 71B)
Class com.google.common.base.Optional                                                 : loaded 2 times (x 80B)
Class com.google.common.util.concurrent.AbstractFuture$Trusted                        : loaded 2 times (x 70B)
Class androidx.lint.kotlin.metadata.internal.metadata.ProtoBuf$Class$Kind             : loaded 2 times (x 82B)
Class androidx.lint.kotlin.metadata.internal.metadata.ProtoBuf$Annotation$Argument    : loaded 2 times (x 108B)
Class androidx.lint.kotlin.metadata.internal.metadata.jvm.deserialization.JvmMemberSignature: loaded 2 times (x 74B)
Class androidx.lint.kotlin.metadata.internal.protobuf.GeneratedMessageLite$Builder    : loaded 2 times (x 128B)
Class androidx.lint.kotlin.metadata.internal.protobuf.ByteString                      : loaded 2 times (x 108B)
Class org.jetbrains.kotlin.descriptors.Visibilities$Unknown                           : loaded 2 times (x 79B)
Class org.jetbrains.kotlin.protobuf.Parser                                            : loaded 2 times (x 70B)
Class org.jetbrains.kotlin.load.kotlin.KotlinJvmBinaryClass                           : loaded 2 times (x 70B)
Class [Lorg.jetbrains.kotlin.build.report.metrics.BuildTime;                          : loaded 2 times (x 69B)
Class org.jetbrains.kotlin.config.KotlinCompilerVersion                               : loaded 2 times (x 71B)
Class com.google.protobuf.CodedOutputStream$OutOfSpaceException                       : loaded 2 times (x 82B)
Class com.android.tools.analytics.StubbableLazy                                       : loaded 2 times (x 76B)
Class com.google.wireless.android.sdk.stats.StartupEvent                              : loaded 2 times (x 197B)
Class com.google.wireless.android.sdk.stats.WearTileAnimationToolingEventOrBuilder    : loaded 2 times (x 70B)
Class com.google.wireless.android.sdk.stats.UpgradeAssistantComponentEventOrBuilder   : loaded 2 times (x 70B)
Class com.google.wireless.android.sdk.stats.SystemHealthEventOrBuilder                : loaded 2 times (x 70B)
Class com.google.wireless.android.sdk.stats.GradleFailureDetailsOrBuilder             : loaded 2 times (x 70B)
Class com.google.wireless.android.sdk.stats.AdbServerStateOrBuilder                   : loaded 2 times (x 70B)
Class com.google.protobuf.Internal$EnumLite                                           : loaded 2 times (x 70B)
Class kotlin.jvm.internal.IntCompanionObject                                          : loaded 2 times (x 71B)
Class com.android.resources.Density                                                   : loaded 2 times (x 92B)
Class kotlin.collections.MutableMapWithDefault                                        : loaded 2 times (x 70B)
Class kotlin.reflect.jvm.internal.impl.load.java.JavaDescriptorVisibilities$3         : loaded 2 times (x 76B)
Class kotlin.reflect.jvm.internal.impl.serialization.deserialization.AnnotatedCallableKind: loaded 2 times (x 79B)
Class kotlin.reflect.jvm.internal.impl.descriptors.runtime.structure.ReflectJavaClass$$Lambda$0: loaded 2 times (x 75B)
Class kotlin.reflect.jvm.internal.impl.serialization.deserialization.ProtoEnumFlagsUtilsKt: loaded 2 times (x 71B)
Class kotlin.reflect.jvm.internal.impl.resolve.scopes.receivers.ReceiverValue         : loaded 2 times (x 70B)
Class kotlin.reflect.jvm.internal.impl.descriptors.impl.ClassDescriptorImpl           : loaded 2 times (x 175B)
Class kotlin.reflect.jvm.internal.impl.descriptors.Modality                           : loaded 2 times (x 79B)
Class kotlin.reflect.jvm.internal.impl.descriptors.CallableMemberDescriptor           : loaded 2 times (x 70B)
Class kotlin.reflect.jvm.internal.impl.descriptors.Substitutable                      : loaded 2 times (x 70B)
Class kotlin.reflect.jvm.internal.impl.descriptors.impl.ModuleDescriptorImpl$$Lambda$1: loaded 2 times (x 76B)
Class kotlin.reflect.jvm.internal.impl.storage.LockBasedStorageManager$NotValue       : loaded 2 times (x 79B)
Class kotlin.reflect.jvm.internal.ModuleByClassLoaderKt                               : loaded 2 times (x 71B)
Class kotlin.reflect.jvm.internal.KMutableProperty1Impl                               : loaded 2 times (x 135B)
Class kotlin.reflect.jvm.internal.impl.metadata.ProtoBuf$Expression$ConstantValue$1   : loaded 2 times (x 74B)
Class kotlin.jvm.internal.PropertyReference2Impl                                      : loaded 2 times (x 127B)
Class kotlin.coroutines.ContinuationInterceptor$Key                                   : loaded 2 times (x 71B)
Class [Lkotlin.reflect.jvm.internal.impl.resolve.OverridingUtil$OverrideCompatibilityInfo$Result;: loaded 2 times (x 69B)
Class it.unimi.dsi.fastutil.Function                                                  : loaded 2 times (x 70B)
Class com.android.tools.lint.model.DefaultLintModelLibraryResolver                    : loaded 2 times (x 76B)
Class kotlin.reflect.jvm.KTypesJvm                                                    : loaded 2 times (x 71B)
Class com.google.protobuf.AbstractParser                                              : loaded 2 times (x 150B)
Class jdk.internal.jimage.ImageLocation                                               : loaded 2 times (x 90B)
Class jdk.internal.jrtfs.JrtDirectoryStream$1                                         : loaded 2 times (x 83B)
Class org.gradle.kotlin.dsl.VersionCatalogAccessorsKt                                 : loaded 2 times (x 71B)
Class [Landroidx.lint.kotlin.metadata.internal.metadata.ProtoBuf$Expression$ConstantValue;: loaded 2 times (x 69B)
Class androidx.lint.kotlin.metadata.internal.metadata.jvm.deserialization.JvmNameResolver: loaded 2 times (x 80B)
Class [Lorg.jetbrains.kotlin.metadata.ProtoBuf$VersionRequirement$Level;              : loaded 2 times (x 69B)
Class org.jetbrains.kotlin.protobuf.WireFormat$JavaType                               : loaded 2 times (x 79B)
Class org.jetbrains.org.objectweb.asm.ClassTooLargeException                          : loaded 2 times (x 83B)
Class org.jetbrains.kotlin.metadata.jvm.deserialization.JvmMemberSignature$Method     : loaded 2 times (x 75B)
Class com.google.protobuf.ByteOutput                                                  : loaded 2 times (x 76B)
Class com.google.wireless.android.sdk.stats.KotlinProjectConfiguration                : loaded 2 times (x 215B)
Class com.google.wireless.android.sdk.stats.AppQualityInsightsUsageEvent              : loaded 2 times (x 256B)
Class com.google.wireless.android.sdk.stats.LLDBFrontendDetails                       : loaded 2 times (x 195B)
Class com.google.wireless.android.sdk.stats.FirebaseContextDetails                    : loaded 2 times (x 209B)
Class com.google.wireless.android.sdk.stats.SmlGeolocationEventOrBuilder              : loaded 2 times (x 70B)
Class com.google.wireless.android.sdk.stats.AndroidStudioEvent$1                      : loaded 2 times (x 76B)
Class kotlin.jvm.internal.Ref$IntRef                                                  : loaded 2 times (x 71B)
Class kotlin.reflect.jvm.internal.impl.resolve.MemberComparator$NameAndTypeMemberComparator: loaded 2 times (x 91B)
Class kotlin.reflect.jvm.internal.impl.descriptors.runtime.structure.ReflectJavaClass$$Lambda$1: loaded 2 times (x 75B)
Class [Lkotlin.reflect.jvm.internal.impl.types.TypeUsage;                             : loaded 2 times (x 69B)
Class kotlin.reflect.jvm.internal.impl.descriptors.DescriptorUtilKt                   : loaded 2 times (x 71B)
Class kotlin.reflect.jvm.internal.impl.renderer.DescriptorRendererImpl$$Lambda$0      : loaded 2 times (x 76B)
Class kotlin.reflect.jvm.internal.impl.renderer.DescriptorRendererModifier            : loaded 2 times (x 79B)
Class kotlin.reflect.jvm.internal.impl.resolve.constants.ConstantValue                : loaded 2 times (x 74B)
Class kotlin.reflect.jvm.internal.impl.load.java.lazy.ModuleClassResolver             : loaded 2 times (x 70B)
Class kotlin.reflect.jvm.internal.impl.descriptors.annotations.Annotations            : loaded 2 times (x 70B)
Class kotlin.reflect.jvm.internal.impl.descriptors.annotations.Annotated              : loaded 2 times (x 70B)
Class com.google.wireless.android.sdk.stats.SdkIndexProjectStats                      : loaded 2 times (x 207B)
Class com.android.tools.lint.model.LintModelModuleLoader                              : loaded 2 times (x 70B)
Class kotlin.io.FileTreeWalk$FileTreeWalkIterator$WhenMappings                        : loaded 2 times (x 71B)
Class org.jetbrains.kotlin.descriptors.Visibilities$PrivateToThis                     : loaded 2 times (x 79B)
Class org.jetbrains.kotlin.metadata.ProtoBuf$Property$Builder                         : loaded 2 times (x 197B)
Class org.jetbrains.kotlin.protobuf.SmallSortedMap$1                                  : loaded 2 times (x 130B)
Class com.google.wireless.android.sdk.stats.PlayPolicyInsightsUsageEvent              : loaded 2 times (x 202B)
Class com.google.wireless.android.sdk.stats.GradleJdkConfigurationEvent               : loaded 2 times (x 195B)
Class com.google.protobuf.UnsafeUtil$Android32MemoryAccessor                          : loaded 2 times (x 91B)
Class com.google.wireless.android.sdk.stats.StudioCoreGeminiActionsEvent              : loaded 2 times (x 205B)
Class com.google.wireless.android.sdk.stats.WearTileAnimationToolingEvent             : loaded 2 times (x 197B)
Class com.google.wireless.android.sdk.stats.GradleFailureDetails                      : loaded 2 times (x 199B)
Class com.google.wireless.android.sdk.stats.AndroidTestRetentionEventOrBuilder        : loaded 2 times (x 70B)
Class com.google.wireless.android.sdk.stats.Align16kbEventOrBuilder                   : loaded 2 times (x 70B)
Class com.google.wireless.android.sdk.stats.GradleSyncStatsOrBuilder                  : loaded 2 times (x 70B)
Class com.google.protobuf.Extension$ExtensionType                                     : loaded 2 times (x 79B)
Class com.google.protobuf.AbstractMessageLite$Builder$LimitedInputStream              : loaded 2 times (x 92B)
Class org.jetbrains.kotlin.resolve.jvm.JvmClassName                                   : loaded 2 times (x 76B)
Class [Lorg.jetbrains.org.objectweb.asm.SymbolTable$Entry;                            : loaded 2 times (x 69B)
Class kotlin.collections.builders.SetBuilder$Companion                                : loaded 2 times (x 71B)
Class org.jetbrains.kotlin.metadata.jvm.JvmProtoBuf$StringTableTypes$RecordOrBuilder  : loaded 2 times (x 70B)
Class kotlin.reflect.jvm.internal.impl.metadata.jvm.JvmProtoBuf$JvmPropertySignature$Builder: loaded 2 times (x 92B)
Class [Lkotlin.reflect.jvm.internal.impl.metadata.ProtoBuf$Expression$ConstantValue;  : loaded 2 times (x 69B)
Class kotlin.reflect.jvm.internal.impl.metadata.jvm.JvmProtoBuf$StringTableTypes$Record$Operation$1: loaded 2 times (x 74B)
Class kotlin.reflect.jvm.internal.impl.load.java.descriptors.JavaCallableMemberDescriptor: loaded 2 times (x 70B)
Class kotlin.reflect.jvm.internal.impl.descriptors.runtime.structure.ReflectJavaClass$$Lambda$2: loaded 2 times (x 76B)
Class kotlin.reflect.jvm.internal.impl.protobuf.AbstractMessageLite$Builder$LimitedInputStream: loaded 2 times (x 92B)
Class kotlin.reflect.jvm.internal.impl.load.java.lazy.types.JavaTypeResolver          : loaded 2 times (x 72B)
Class kotlin.reflect.jvm.internal.impl.descriptors.deserialization.AdditionalClassPartsProvider: loaded 2 times (x 70B)
Class kotlin.reflect.jvm.internal.impl.descriptors.runtime.components.RuntimeSourceElementFactory: loaded 2 times (x 74B)
Class it.unimi.dsi.fastutil.ints.IntArraySet                                          : loaded 2 times (x 235B)
Class org.jetbrains.kotlin.metadata.ProtoBuf$MemberKind$1                             : loaded 2 times (x 74B)
Class androidx.lint.kotlin.metadata.internal.metadata.ProtoBuf$Annotation$Argument$ValueOrBuilder: loaded 2 times (x 70B)
Class com.android.ide.common.gradle.Separator                                         : loaded 2 times (x 79B)
Class com.android.tools.lint.model.LintModelSourceProvider                            : loaded 2 times (x 70B)
Class [Lcom.android.prefs.VariableValue;                                              : loaded 2 times (x 69B)
Class androidx.lint.kotlin.metadata.jvm.internal.JvmClassExtension$Companion          : loaded 2 times (x 71B)
Class com.android.tools.lint.model.PathVariables$Companion                            : loaded 2 times (x 71B)
Class org.gradle.internal.classloader.InstrumentingClassLoader                        : loaded 2 times (x 70B)
Class org.gradle.internal.classpath.TransformedClassPath                              : loaded 2 times (x 96B)
Class com.google.common.collect.HashMultimapGwtSerializationDependencies              : loaded 2 times (x 174B)
Class jdk.internal.jimage.ImageBufferCache$1                                          : loaded 2 times (x 83B)
Class kotlin.jvm.JvmStatic                                                            : loaded 2 times (x 70B)
Class org.objectweb.asm.ClassWriter                                                   : loaded 2 times (x 106B)
Class androidx.lint.kotlin.metadata.internal.metadata.ProtoBuf$Contract$1             : loaded 2 times (x 144B)
Class org.jetbrains.kotlin.protobuf.BoundedByteString                                 : loaded 2 times (x 112B)
Class com.google.wireless.android.sdk.stats.AndroidStudioEvent$EventKind$1            : loaded 2 times (x 76B)
Class com.google.wireless.android.sdk.stats.SoongSyncStats                            : loaded 2 times (x 207B)
Class com.google.wireless.android.sdk.stats.AutoSyncSettingChangeEvent                : loaded 2 times (x 197B)
Class com.google.wireless.android.sdk.stats.AdbAssistantStatsOrBuilder                : loaded 2 times (x 70B)
Class com.android.tools.analytics.JournalingUsageTracker$State                        : loaded 2 times (x 79B)
Class com.google.gson.TypeAdapter                                                     : loaded 2 times (x 73B)
Class org.objectweb.asm.FieldWriter                                                   : loaded 2 times (x 78B)
Class com.google.common.reflect.Invokable                                             : loaded 2 times (x 103B)
Class kotlin.reflect.jvm.internal.impl.load.java.SpecialGenericSignatures$TypeSafeBarrierDescription$MAP_GET_OR_DEFAULT: loaded 2 times (x 79B)
Class kotlin.reflect.jvm.internal.impl.descriptors.runtime.structure.ReflectJavaType  : loaded 2 times (x 84B)
Class kotlin.reflect.jvm.internal.impl.descriptors.ParameterDescriptor                : loaded 2 times (x 70B)
Class kotlin.reflect.jvm.internal.impl.serialization.deserialization.ContractDeserializer: loaded 2 times (x 70B)
Class kotlin.reflect.jvm.internal.WeakClassLoaderBox                                  : loaded 2 times (x 72B)
Class com.android.utils.Pair                                                          : loaded 2 times (x 72B)
Class kotlin.reflect.jvm.internal.impl.load.kotlin.DeserializedDescriptorResolver$Companion: loaded 2 times (x 71B)
Class kotlin.reflect.jvm.internal.impl.types.TypeAttributeTranslator                  : loaded 2 times (x 70B)
Class kotlin.reflect.jvm.internal.impl.descriptors.Modality$Companion                 : loaded 2 times (x 71B)
Class kotlin.reflect.jvm.internal.impl.descriptors.DescriptorVisibility               : loaded 2 times (x 75B)
Class it.unimi.dsi.fastutil.objects.ObjectOpenHashSet                                 : loaded 2 times (x 187B)
Class kotlinx.coroutines.JobSupport                                                   : loaded 2 times (x 132B)
Class com.android.tools.lint.model.LintModelDependencyGraph                           : loaded 2 times (x 70B)
Class kotlin.reflect.jvm.internal.impl.load.java.structure.JavaClass                  : loaded 2 times (x 70B)
Class com.google.common.collect.FluentIterable$1                                      : loaded 2 times (x 81B)
Class jdk.internal.jimage.ImageBufferCache$2                                          : loaded 2 times (x 91B)
Class org.gradle.api.internal.classpath.DefaultModuleRegistry$DefaultModule           : loaded 2 times (x 82B)
Class androidx.lint.kotlin.metadata.internal.metadata.deserialization.ProtoBufUtilKt  : loaded 2 times (x 71B)
Class org.jetbrains.kotlin.descriptors.Visibilities$InvisibleFake                     : loaded 2 times (x 79B)
Class org.jetbrains.kotlin.protobuf.UninitializedMessageException                     : loaded 2 times (x 84B)
Class org.jetbrains.kotlin.metadata.jvm.deserialization.JvmNameResolverKt             : loaded 2 times (x 71B)
Class org.jetbrains.kotlin.metadata.ProtoBuf$TypeParameter$Variance                   : loaded 2 times (x 82B)
Class org.jetbrains.kotlin.metadata.ProtoBuf$Annotation$Argument$Value$1              : loaded 2 times (x 144B)
Class org.jetbrains.kotlin.name.ClassId                                               : loaded 2 times (x 72B)
Class com.google.protobuf.CodedInputStream$IterableDirectByteBufferDecoder            : loaded 2 times (x 120B)
Class com.google.wireless.android.sdk.stats.GradlePluginDslUsageStats                 : loaded 2 times (x 199B)
Class com.google.wireless.android.sdk.stats.WhatsNewAssistantEvent                    : loaded 2 times (x 195B)
Class com.google.wireless.android.sdk.stats.AndroidCliInvocation                      : loaded 2 times (x 210B)
Class com.google.wireless.android.sdk.stats.BuildAttributionUiEvent                   : loaded 2 times (x 216B)
Class com.google.wireless.android.sdk.stats.ComposePreviewLiteModeEventOrBuilder      : loaded 2 times (x 70B)
Class com.google.wireless.android.sdk.stats.EditorPickerEventOrBuilder                : loaded 2 times (x 70B)
Class com.google.wireless.android.sdk.stats.DaggerEditorEventOrBuilder                : loaded 2 times (x 70B)
Class com.google.protobuf.Internal$DoubleList                                         : loaded 2 times (x 70B)
Class kotlin.reflect.jvm.internal.impl.descriptors.runtime.structure.ReflectJavaTypeParameter: loaded 2 times (x 90B)
Class com.google.common.collect.MapMakerInternalMap$WeakKeyStrongValueEntry           : loaded 2 times (x 90B)
Class kotlin.reflect.jvm.internal.impl.load.java.lazy.descriptors.LazyJavaClassMemberScope$$Lambda$4: loaded 2 times (x 76B)
Class kotlin.reflect.jvm.internal.impl.descriptors.impl.PropertyGetterDescriptorImpl  : loaded 2 times (x 193B)
Class kotlin.reflect.jvm.internal.impl.resolve.scopes.receivers.ImplicitReceiver      : loaded 2 times (x 70B)
Class kotlin.reflect.jvm.internal.impl.descriptors.runtime.components.ReflectAnnotationSource: loaded 2 times (x 75B)
Class kotlin.reflect.jvm.internal.impl.types.TypeSubstitutor                          : loaded 2 times (x 79B)
Class kotlin.reflect.jvm.internal.impl.protobuf.SmallSortedMap$EntryIterator          : loaded 2 times (x 83B)
Class kotlin.reflect.jvm.internal.impl.serialization.deserialization.ProtoEnumFlags   : loaded 2 times (x 71B)
Class kotlin.reflect.jvm.internal.impl.storage.LockBasedStorageManager$KeyWithComputation: loaded 2 times (x 72B)
Class kotlin.reflect.jvm.internal.impl.metadata.ProtoBuf$Property                     : loaded 2 times (x 104B)
Class kotlin.reflect.jvm.internal.impl.types.TypeParameterErasureOptions              : loaded 2 times (x 71B)
Class kotlin.reflect.jvm.internal.impl.descriptors.SupertypeLoopChecker$EMPTY         : loaded 2 times (x 74B)
Class kotlin.reflect.jvm.internal.impl.load.java.typeEnhancement.AbstractSignatureParts$TypeAndDefaultQualifiers: loaded 2 times (x 72B)
Class kotlin.reflect.jvm.internal.impl.types.IndexedParametersSubstitution            : loaded 2 times (x 78B)
Class kotlin.reflect.jvm.internal.impl.descriptors.impl.AbstractReceiverParameterDescriptor: loaded 2 times (x 139B)
Class com.android.tools.lint.model.DefaultLintModelDependencies                       : loaded 2 times (x 78B)
Class com.android.ide.common.repository.AgpVersion                                    : loaded 2 times (x 75B)
Class com.google.common.collect.FluentIterable$2                                      : loaded 2 times (x 81B)
Class com.google.common.base.Absent                                                   : loaded 2 times (x 80B)
Class androidx.lint.kotlin.metadata.KmAnnotationArgument$LiteralValue                 : loaded 2 times (x 72B)
Class androidx.lint.kotlin.metadata.internal.metadata.ProtoBuf$Modality               : loaded 2 times (x 82B)
Class androidx.lint.kotlin.metadata.internal.extensions.KmPackageExtension            : loaded 2 times (x 70B)
Class androidx.lint.kotlin.metadata.internal.metadata.ProtoBuf$Function$1             : loaded 2 times (x 144B)
Class org.jetbrains.kotlin.metadata.ProtoBuf$VersionRequirement$VersionKind           : loaded 2 times (x 82B)
Class org.jetbrains.kotlin.metadata.ProtoBuf$Visibility$1                             : loaded 2 times (x 74B)
Class org.jetbrains.kotlin.metadata.jvm.JvmProtoBuf$StringTableTypes$Record$Operation$1: loaded 2 times (x 74B)
Class kotlin.reflect.jvm.internal.impl.load.java.JavaDescriptorVisibilities$2         : loaded 2 times (x 76B)
Class org.jetbrains.kotlin.metadata.deserialization.NameResolver                      : loaded 2 times (x 70B)
Class org.jetbrains.kotlin.protobuf.GeneratedMessageLite$ExtensionDescriptor          : loaded 2 times (x 84B)
Class org.jetbrains.kotlin.protobuf.InvalidProtocolBufferException                    : loaded 2 times (x 84B)
Class kotlin.reflect.jvm.internal.impl.types.TypeCheckerState                         : loaded 2 times (x 76B)
Class com.google.common.collect.MapMakerInternalMap$WeakKeyStrongValueEntry$Helper    : loaded 2 times (x 79B)
Class com.google.wireless.android.sdk.stats.UpgradeAssistantProcessorEvent            : loaded 2 times (x 217B)
Class com.google.wireless.android.sdk.stats.ServerPushNotificationEventOrBuilder      : loaded 2 times (x 70B)
Class com.google.wireless.android.sdk.stats.MemoryUsageReportEventOrBuilder           : loaded 2 times (x 70B)
Class com.google.wireless.android.sdk.stats.KotlinSupportOrBuilder                    : loaded 2 times (x 70B)
Class com.google.wireless.android.sdk.stats.CMakeEditingEventOrBuilder                : loaded 2 times (x 70B)
Class com.google.wireless.android.sdk.stats.SdkIndexLibraryDetailsOrBuilder           : loaded 2 times (x 70B)
Class com.google.wireless.android.sdk.stats.GfxTracingDetails                         : loaded 2 times (x 212B)
Class com.google.protobuf.ByteString$ByteArrayCopier                                  : loaded 2 times (x 70B)
Class com.google.protobuf.CodedOutputStream$HeapNioEncoder                            : loaded 2 times (x 111B)
Class kotlin.reflect.jvm.internal.impl.types.TypeSubstitution                         : loaded 2 times (x 77B)
Class kotlin.reflect.jvm.internal.impl.metadata.ProtoBuf$Visibility                   : loaded 2 times (x 82B)
Class kotlin.reflect.jvm.internal.impl.builtins.jvm.JvmBuiltInClassDescriptorFactory  : loaded 2 times (x 77B)
Class kotlin.reflect.jvm.internal.impl.metadata.ProtoBuf$ConstructorOrBuilder         : loaded 2 times (x 70B)
Class kotlin.reflect.jvm.internal.impl.builtins.jvm.JvmBuiltInsCustomizer$$Lambda$0   : loaded 2 times (x 76B)
Class kotlin.reflect.jvm.internal.impl.load.java.typeEnhancement.SignatureEnhancement : loaded 2 times (x 72B)
Class kotlin.reflect.jvm.internal.impl.load.java.NullabilityAnnotationStatesImpl      : loaded 2 times (x 75B)
Class androidx.lint.kotlin.metadata.KmVersionRequirementLevel                         : loaded 2 times (x 79B)
Class kotlinx.coroutines.ExecutorCoroutineDispatcher                                  : loaded 2 times (x 108B)
Class com.google.common.base.CaseFormat$5                                             : loaded 2 times (x 83B)
Class com.google.common.collect.FluentIterable$3                                      : loaded 2 times (x 81B)
Class androidx.lint.kotlin.metadata.internal.metadata.jvm.deserialization.ClassMapperLite: loaded 2 times (x 71B)
Class androidx.lint.kotlin.metadata.internal.metadata.ProtoBuf$TypeParameter$1        : loaded 2 times (x 144B)
Class org.jetbrains.kotlin.protobuf.ByteString$ByteIterator                           : loaded 2 times (x 70B)
Class [Lcom.google.common.collect.Maps$EntryFunction;                                 : loaded 2 times (x 69B)
Class com.google.common.collect.AbstractMultiset                                      : loaded 2 times (x 159B)
Class com.google.protobuf.ByteString$ArraysByteArrayCopier                            : loaded 2 times (x 74B)
Class com.google.wireless.android.sdk.stats.LayoutEditorEvent                         : loaded 2 times (x 234B)
Class com.google.wireless.android.sdk.stats.PreviewRefreshEvent                       : loaded 2 times (x 211B)
Class com.google.wireless.android.sdk.stats.StudioRunEventOrBuilder                   : loaded 2 times (x 70B)
Class com.google.protobuf.Internal$ProtobufList                                       : loaded 2 times (x 70B)
Class kotlin.reflect.jvm.internal.impl.metadata.jvm.JvmProtoBuf$StringTableTypes$Record: loaded 2 times (x 98B)
Class kotlin.reflect.jvm.internal.impl.metadata.ProtoBuf$Annotation$Argument$Value$Type: loaded 2 times (x 82B)
Class kotlin.reflect.jvm.internal.impl.builtins.jvm.JvmBuiltInsCustomizer$$Lambda$1   : loaded 2 times (x 76B)
Class kotlin.reflect.jvm.internal.impl.types.ClassTypeConstructorImpl                 : loaded 2 times (x 97B)
Class kotlin.reflect.jvm.internal.impl.types.model.RigidTypeMarker                    : loaded 2 times (x 70B)
Class com.google.common.collect.LinkedListMultimap$1                                  : loaded 2 times (x 199B)
Class it.unimi.dsi.fastutil.ints.IntArrays$ForkJoinQuickSort2                         : loaded 2 times (x 96B)
Class it.unimi.dsi.fastutil.objects.ObjectBidirectionalIterator                       : loaded 2 times (x 70B)
Class com.android.tools.lint.model.LintModelSerialization$TargetFile                  : loaded 2 times (x 79B)
Class com.android.tools.lint.model.LintModelModuleLibrary                             : loaded 2 times (x 70B)
Class kotlinx.coroutines.Job                                                          : loaded 2 times (x 70B)
Class com.android.tools.lint.model.DefaultLintModelVariant$artifact$2                 : loaded 2 times (x 79B)
Class com.android.tools.lint.model.LintModelMavenName$Companion                       : loaded 2 times (x 71B)
Class dagger.hilt.processor.internal.optionvalues.GradleProjectType                   : loaded 2 times (x 79B)
Class org.gradle.api.internal.classpath.Module                                        : loaded 2 times (x 70B)
Class androidx.lint.kotlin.metadata.KmClassifier$TypeParameter                        : loaded 2 times (x 71B)
Class androidx.lint.kotlin.metadata.internal.metadata.jvm.deserialization.JvmNameResolverBase$WhenMappings: loaded 2 times (x 71B)
Class kotlinx.coroutines.DispatchedTask                                               : loaded 2 times (x 80B)
Class org.jetbrains.kotlin.metadata.deserialization.Flags$FlagField                   : loaded 2 times (x 73B)
Class kotlin.collections.GroupingKt__GroupingKt                                       : loaded 2 times (x 71B)
Class com.google.protobuf.ByteString$BoundedByteString                                : loaded 2 times (x 106B)
Class com.google.wireless.android.sdk.stats.JvmDetails$Builder                        : loaded 2 times (x 315B)
Class com.google.wireless.android.sdk.stats.GarbageCollectionStats                    : loaded 2 times (x 201B)
Class com.google.wireless.android.sdk.stats.UnitTestGenerationEvent                   : loaded 2 times (x 217B)
Class com.google.wireless.android.sdk.stats.EmulatorConsoleEvent                      : loaded 2 times (x 201B)
Class com.google.wireless.android.sdk.stats.AdbServerStatus                           : loaded 2 times (x 207B)
Class com.google.wireless.android.sdk.stats.IDeviceUsageEvent                         : loaded 2 times (x 199B)
Class com.google.wireless.android.sdk.stats.SmlTransformEventOrBuilder                : loaded 2 times (x 70B)
Class com.google.protobuf.ExtensionRegistry$ExtensionInfo                             : loaded 2 times (x 72B)
Class com.google.common.collect.AbstractMultimap$Values                               : loaded 2 times (x 118B)
Class it.unimi.dsi.fastutil.objects.ObjectOpenHashSet$SetIterator                     : loaded 2 times (x 82B)
Class kotlin.reflect.jvm.internal.impl.resolve.OverridingStrategy                     : loaded 2 times (x 75B)
Class kotlin.reflect.jvm.internal.impl.incremental.UtilsKt                            : loaded 2 times (x 71B)
Class kotlin.reflect.jvm.internal.impl.protobuf.RopeByteString                        : loaded 2 times (x 99B)
Class kotlin.reflect.jvm.internal.impl.metadata.ProtoBuf$QualifiedNameTable$1         : loaded 2 times (x 87B)
Class kotlin.reflect.jvm.internal.impl.metadata.jvm.JvmProtoBuf$JvmMethodSignatureOrBuilder: loaded 2 times (x 70B)
Class kotlin.reflect.jvm.internal.impl.builtins.jvm.JvmBuiltInsCustomizer$$Lambda$2   : loaded 2 times (x 76B)
Class kotlin.reflect.jvm.internal.impl.load.kotlin.AbstractBinaryClassAnnotationAndConstantLoader$$Lambda$0: loaded 2 times (x 76B)
Class kotlin.reflect.jvm.internal.impl.resolve.sam.SamConversionResolver              : loaded 2 times (x 70B)
Class it.unimi.dsi.fastutil.ints.IntIterator                                          : loaded 2 times (x 70B)
Class kotlin.reflect.jvm.internal.impl.builtins.jvm.JvmBuiltIns                       : loaded 2 times (x 114B)
Class it.unimi.dsi.fastutil.ints.IntOpenHashSet                                       : loaded 2 times (x 239B)
Class kotlin.reflect.jvm.internal.KClassImpl$Data$$Lambda$0                           : loaded 2 times (x 76B)
Class kotlin.reflect.jvm.internal.KClassifierImpl                                     : loaded 2 times (x 70B)
Class org.objectweb.asm.Handle                                                        : loaded 2 times (x 72B)
Class kotlinx.coroutines.internal.DispatchedContinuationKt                            : loaded 2 times (x 71B)
Class kotlin.collections.CharIterator                                                 : loaded 2 times (x 82B)
Class kotlin.reflect.jvm.internal.impl.storage.LockBasedStorageManager$ExceptionHandlingStrategy: loaded 2 times (x 70B)
Class [Lcom.google.common.collect.LinkedHashMultimap$ValueSetLink;                    : loaded 2 times (x 69B)
Class org.gradle.api.internal.classpath.UnknownModuleException                        : loaded 2 times (x 82B)
Class androidx.lint.kotlin.metadata.KmVersionRequirementVersionKind                   : loaded 2 times (x 79B)
Class androidx.lint.kotlin.metadata.internal.metadata.ProtoBuf$Expression             : loaded 2 times (x 120B)
Class androidx.lint.kotlin.metadata.internal.metadata.ProtoBuf$ContractOrBuilder      : loaded 2 times (x 70B)
Class org.jetbrains.kotlin.metadata.ProtoBuf$TypeAliasOrBuilder                       : loaded 2 times (x 70B)
Class [Lorg.jetbrains.kotlin.metadata.ProtoBuf$Class$Kind;                            : loaded 2 times (x 69B)
Class com.google.wireless.android.sdk.stats.EmulatorWindowsHypervisorMigrationEvent   : loaded 2 times (x 195B)
Class com.google.wireless.android.sdk.stats.ApkAnalyzerStats                          : loaded 2 times (x 199B)
Class com.google.gson.stream.JsonReader$1                                             : loaded 2 times (x 72B)
Class kotlin.reflect.jvm.internal.impl.types.DelegatingSimpleTypeImpl                 : loaded 2 times (x 95B)
Class kotlin.reflect.jvm.internal.impl.types.TypeAttributeTranslator$DefaultImpls     : loaded 2 times (x 71B)
Class kotlin.reflect.jvm.internal.impl.load.kotlin.KotlinJvmBinaryClass$AnnotationVisitor: loaded 2 times (x 70B)
Class kotlin.reflect.jvm.internal.impl.serialization.deserialization.DeserializedPackageFragmentImpl$$Lambda$0: loaded 2 times (x 76B)
Class kotlin.reflect.jvm.internal.impl.protobuf.CodedOutputStream$OutOfSpaceException : loaded 2 times (x 82B)
Class kotlin.reflect.jvm.internal.impl.builtins.jvm.JvmBuiltInClassDescriptorFactory$$Lambda$0: loaded 2 times (x 76B)
Class kotlin.reflect.jvm.internal.impl.protobuf.SmallSortedMap$EmptySet$1             : loaded 2 times (x 78B)
Class kotlin.reflect.jvm.internal.impl.protobuf.FieldSet                              : loaded 2 times (x 72B)
Class kotlin.reflect.jvm.internal.impl.descriptors.ConstructorDescriptor              : loaded 2 times (x 70B)
Class kotlin.reflect.jvm.internal.impl.builtins.jvm.JvmBuiltInsCustomizer$$Lambda$3   : loaded 2 times (x 76B)
Class kotlin.reflect.jvm.internal.impl.storage.LockBasedStorageManager$ExceptionHandlingStrategy$1: loaded 2 times (x 74B)
Class kotlin.reflect.jvm.internal.KClassImpl$Data$$Lambda$1                           : loaded 2 times (x 76B)
Class kotlin.reflect.jvm.internal.impl.name.FqNameUnsafe$Companion                    : loaded 2 times (x 71B)
Class kotlin.reflect.jvm.internal.impl.descriptors.ModuleCapability                   : loaded 2 times (x 72B)
Class kotlinx.coroutines.internal.LockFreeTaskQueueCore                               : loaded 2 times (x 72B)
Class kotlin.sequences.DistinctIterator                                               : loaded 2 times (x 83B)
Class com.android.prefs.VariableValue                                                 : loaded 2 times (x 82B)
Class com.android.prefs.AbstractAndroidLocations$Companion                            : loaded 2 times (x 71B)
Class kotlin.reflect.jvm.internal.impl.utils.WrappedValues                            : loaded 2 times (x 71B)
Class kotlin.reflect.jvm.internal.impl.types.KotlinTypeFactory$EMPTY_REFINED_TYPE_FACTORY$1: loaded 2 times (x 74B)
Class jdk.internal.jimage.ImageHeader                                                 : loaded 2 times (x 71B)
Class com.google.common.base.Stopwatch                                                : loaded 2 times (x 72B)
Class androidx.lint.kotlin.metadata.internal.ReadUtilsKt$WhenMappings                 : loaded 2 times (x 71B)
Class androidx.lint.kotlin.metadata.internal.metadata.ProtoBuf$Expression$1           : loaded 2 times (x 144B)
Class androidx.lint.kotlin.metadata.internal.metadata.deserialization.MetadataVersion : loaded 2 times (x 74B)
Class kotlin.reflect.jvm.internal.impl.serialization.deserialization.ClassDeserializer: loaded 2 times (x 72B)
Class org.jetbrains.kotlin.protobuf.LiteralByteString                                 : loaded 2 times (x 112B)
Class org.jetbrains.kotlin.protobuf.LazyFieldLite                                     : loaded 2 times (x 82B)
Class org.jetbrains.kotlin.build.report.metrics.BuildMetricsReporter                  : loaded 2 times (x 70B)
Class org.codehaus.groovy.ast.ASTNode                                                 : loaded 2 times (x 104B)
Class com.google.protobuf.CodedOutputStream$ByteOutputEncoder                         : loaded 2 times (x 110B)
Class com.google.wireless.android.sdk.stats.ApkDebugProject                           : loaded 2 times (x 197B)
Class com.google.wireless.android.sdk.stats.TestRecorderDetails                       : loaded 2 times (x 197B)
Class com.google.wireless.android.sdk.stats.SdkIndexProjectStatsOrBuilder             : loaded 2 times (x 70B)
Class com.google.wireless.android.sdk.stats.SigningWizardEventOrBuilder               : loaded 2 times (x 70B)
Class com.android.tools.analytics.AnonymousUsageTrackerWriter$Companion               : loaded 2 times (x 71B)
Class kotlin.reflect.KProperty1$Getter                                                : loaded 2 times (x 70B)
Class com.google.common.io.AppendableWriter                                           : loaded 2 times (x 100B)
Class kotlin.reflect.jvm.internal.impl.types.AbstractTypeChecker                      : loaded 2 times (x 71B)
Class kotlin.reflect.jvm.internal.calls.ValueClassAwareCallerKt                       : loaded 2 times (x 71B)
Class kotlin.reflect.jvm.internal.impl.serialization.deserialization.descriptors.NonEmptyDeserializedAnnotations: loaded 2 times (x 89B)
Class [Lkotlin.reflect.jvm.internal.impl.descriptors.DeclarationDescriptorNonRoot;    : loaded 2 times (x 69B)
Class kotlin.reflect.jvm.internal.impl.builtins.jvm.JvmBuiltInsCustomizer$$Lambda$4   : loaded 2 times (x 76B)
Class kotlin.reflect.jvm.internal.impl.storage.SingleThreadValue                      : loaded 2 times (x 74B)
Class kotlin.reflect.jvm.internal.impl.serialization.deserialization.ProtoEnumFlags$WhenMappings: loaded 2 times (x 71B)
Class kotlin.reflect.jvm.internal.impl.serialization.deserialization.DeserializedPackageFragmentImpl$$Lambda$1: loaded 2 times (x 76B)
Class kotlin.reflect.jvm.internal.impl.builtins.jvm.JvmBuiltInClassDescriptorFactory$$Lambda$1: loaded 2 times (x 75B)
Class kotlin.reflect.jvm.internal.impl.metadata.ProtoBuf$PackageOrBuilder             : loaded 2 times (x 70B)
Class kotlin.reflect.jvm.internal.impl.protobuf.SmallSortedMap$EmptySet$2             : loaded 2 times (x 78B)
Class kotlin.reflect.jvm.internal.impl.types.error.ErrorModuleDescriptor              : loaded 2 times (x 90B)
Class kotlin.reflect.jvm.internal.impl.descriptors.ClassifierDescriptorWithTypeParameters: loaded 2 times (x 70B)
Class kotlin.reflect.jvm.internal.KPackageImpl$$Lambda$0                              : loaded 2 times (x 76B)
Class kotlin.reflect.jvm.internal.impl.serialization.deserialization.MemberDeserializer: loaded 2 times (x 72B)
Class kotlin.reflect.jvm.internal.KClassImpl$Data$$Lambda$2                           : loaded 2 times (x 76B)
Class kotlin.coroutines.CombinedContext                                               : loaded 2 times (x 78B)
Class com.android.tools.lint.model.LintModelAndroidArtifact                           : loaded 2 times (x 70B)
Class [Lcom.android.tools.lint.model.LintModelSerialization$TargetFile;               : loaded 2 times (x 69B)
Class kotlin.reflect.jvm.internal.impl.load.java.lazy.descriptors.LazyJavaClassMemberScope$$Lambda$3: loaded 2 times (x 76B)
Class kotlin.reflect.jvm.internal.impl.load.java.components.JavaAnnotationMapper      : loaded 2 times (x 71B)
Class com.google.common.util.concurrent.AbstractFuture$Cancellation                   : loaded 2 times (x 72B)
Class [Lkotlin.reflect.jvm.internal.impl.load.java.typeEnhancement.TypeComponentPosition;: loaded 2 times (x 69B)
Class androidx.lint.kotlin.metadata.jvm.JvmExtensionsKt                               : loaded 2 times (x 71B)
Class androidx.lint.kotlin.metadata.jvm.KotlinClassMetadata$Class                     : loaded 2 times (x 77B)
Class androidx.lint.kotlin.metadata.internal.metadata.ProtoBuf$FunctionOrBuilder      : loaded 2 times (x 70B)
Class androidx.lint.kotlin.metadata.jvm.KotlinClassMetadata$MultiFileClassPart        : loaded 2 times (x 77B)
Class kotlin.reflect.jvm.internal.impl.types.NullableSimpleType                       : loaded 2 times (x 95B)
Class org.jetbrains.org.objectweb.asm.FieldWriter                                     : loaded 2 times (x 78B)
Class kotlin.reflect.jvm.internal.impl.resolve.scopes.receivers.ThisClassReceiver     : loaded 2 times (x 70B)
Class kotlin.reflect.jvm.internal.impl.load.java.JavaDescriptorVisibilities$1         : loaded 2 times (x 76B)
Class kotlin.reflect.jvm.internal.calls.Caller                                        : loaded 2 times (x 70B)
Class com.google.wireless.android.sdk.stats.GarbageCollectionStats$Builder            : loaded 2 times (x 301B)
Class com.google.wireless.android.sdk.stats.UpgradeAssistantComponentEvent            : loaded 2 times (x 215B)
Class com.google.wireless.android.sdk.stats.SuppressedSyncEvent                       : loaded 2 times (x 197B)
Class com.google.wireless.android.sdk.stats.MotionLayoutEditorEventOrBuilder          : loaded 2 times (x 70B)
Class com.google.wireless.android.sdk.stats.GradlePluginDslUsageStatsOrBuilder        : loaded 2 times (x 70B)
Class com.google.common.base.Throwables                                               : loaded 2 times (x 71B)
Class com.google.protobuf.MessageLiteOrBuilder                                        : loaded 2 times (x 70B)
Class kotlin.reflect.jvm.internal.impl.load.java.typeEnhancement.JavaTypeQualifiers$Companion: loaded 2 times (x 71B)
Class kotlin.reflect.jvm.internal.impl.load.java.typeEnhancement.JavaTypeQualifiers   : loaded 2 times (x 72B)
Class kotlin.reflect.jvm.internal.impl.metadata.deserialization.Flags                 : loaded 2 times (x 71B)
Class kotlin.reflect.jvm.internal.impl.serialization.deserialization.descriptors.DeserializedMemberScope$$Lambda$0: loaded 2 times (x 76B)
Class kotlin.reflect.jvm.internal.impl.metadata.ProtoBuf$TypeParameter                : loaded 2 times (x 104B)
Class kotlin.reflect.jvm.internal.impl.metadata.ProtoBuf$Annotation                   : loaded 2 times (x 98B)
Class kotlin.reflect.jvm.internal.impl.descriptors.VariableDescriptor                 : loaded 2 times (x 70B)
Class [Lkotlin.reflect.jvm.internal.impl.descriptors.DescriptorVisibility;            : loaded 2 times (x 69B)
Class kotlin.reflect.jvm.internal.impl.descriptors.PackageFragmentProvider            : loaded 2 times (x 70B)
Class kotlin.reflect.jvm.internal.impl.load.java.JavaNullabilityAnnotationsStatus     : loaded 2 times (x 72B)
Class com.google.protobuf.Internal$BooleanList                                        : loaded 2 times (x 70B)
Class com.google.protobuf.Internal$FloatList                                          : loaded 2 times (x 70B)
Class kotlin.reflect.jvm.internal.KClassImpl$Data$$Lambda$3                           : loaded 2 times (x 76B)
Class com.google.wireless.android.sdk.stats.BuildOutputWindowStatsOrBuilder           : loaded 2 times (x 70B)
Class com.android.tools.lint.model.LintModelJavaArtifact                              : loaded 2 times (x 70B)
Class com.google.wireless.android.sdk.stats.ProjectViewSelectionChangeEventOrBuilder  : loaded 2 times (x 70B)
Class com.google.common.collect.Maps$EntryFunction$1                                  : loaded 2 times (x 91B)
Class com.google.common.collect.AbstractMapBasedMultimap$AsMap$AsMapIterator          : loaded 2 times (x 83B)
Class com.google.common.collect.Maps$TransformedEntriesMap                            : loaded 2 times (x 127B)
Class com.google.common.base.Present                                                  : loaded 2 times (x 81B)
Class org.gradle.api.internal.DefaultClassPathRegistry                                : loaded 2 times (x 76B)
Class androidx.lint.kotlin.metadata.internal.extensions.KmClassExtension              : loaded 2 times (x 70B)
Class androidx.lint.kotlin.metadata.internal.metadata.ProtoBuf$Annotation$Argument$Value$Type: loaded 2 times (x 82B)
Class androidx.lint.kotlin.metadata.internal.metadata.jvm.JvmProtoBuf$StringTableTypes$Record: loaded 2 times (x 119B)
Class androidx.lint.kotlin.metadata.internal.metadata.ProtoBuf$Class$1                : loaded 2 times (x 144B)
Class androidx.lint.kotlin.metadata.internal.metadata.ProtoBuf$TypeParameter$Variance$1: loaded 2 times (x 74B)
Class androidx.lint.kotlin.metadata.internal.metadata.ProtoBuf$Type$1                 : loaded 2 times (x 144B)
Class androidx.lint.kotlin.metadata.internal.protobuf.InvalidProtocolBufferException  : loaded 2 times (x 84B)
Class org.jetbrains.kotlin.metadata.ProtoBuf$Type$Argument$Projection$1               : loaded 2 times (x 74B)
Class org.jetbrains.kotlin.protobuf.SmallSortedMap$EmptySet$1                         : loaded 2 times (x 78B)
Class org.jetbrains.kotlin.protobuf.AbstractMessageLite$Builder$LimitedInputStream    : loaded 2 times (x 92B)
Class com.google.wireless.android.sdk.stats.SmlTransformEvent                         : loaded 2 times (x 217B)
Class com.google.wireless.android.sdk.stats.ApplyChangesAgentError                    : loaded 2 times (x 205B)
Class com.android.tools.analytics.AnalyticsSettings$optedIn$1                         : loaded 2 times (x 78B)
Class kotlin.jvm.internal.ShortCompanionObject                                        : loaded 2 times (x 71B)
Class com.google.wireless.android.sdk.stats.KotlinGradlePerformanceOrBuilder          : loaded 2 times (x 70B)
Class kotlin.reflect.jvm.internal.impl.metadata.ProtoBuf$VersionRequirement$VersionKind$1: loaded 2 times (x 74B)
Class kotlin.reflect.jvm.internal.impl.load.java.typeEnhancement.AbstractSignatureParts: loaded 2 times (x 90B)
Class kotlin.reflect.jvm.internal.impl.descriptors.runtime.components.ReflectKotlinClass: loaded 2 times (x 79B)
Class kotlin.reflect.jvm.internal.impl.serialization.deserialization.descriptors.DeserializedMemberScope$$Lambda$1: loaded 2 times (x 76B)
Class kotlin.reflect.jvm.internal.impl.metadata.deserialization.TypeTable             : loaded 2 times (x 72B)
Class kotlin.reflect.jvm.internal.impl.load.java.lazy.LazyJavaPackageFragmentProvider$$Lambda$0: loaded 2 times (x 76B)
Class [Lkotlin.reflect.jvm.internal.impl.descriptors.PackageFragmentProviderOptimized;: loaded 2 times (x 69B)
Class kotlin.reflect.jvm.internal.impl.metadata.ProtoBuf$ValueParameterOrBuilder      : loaded 2 times (x 70B)
Class kotlin.reflect.jvm.internal.impl.metadata.ProtoBuf$Function                     : loaded 2 times (x 104B)
Class kotlin.reflect.jvm.internal.impl.types.TypeAttributes                           : loaded 2 times (x 82B)
Class kotlin.reflect.jvm.internal.impl.renderer.RenderingFormat$PLAIN                 : loaded 2 times (x 80B)
Class com.google.wireless.android.sdk.stats.TypingLatencyStats                        : loaded 2 times (x 201B)
Class kotlin.reflect.jvm.internal.KClassImpl$Data$$Lambda$4                           : loaded 2 times (x 76B)
Class kotlin.reflect.jvm.internal.KPropertyImpl                                       : loaded 2 times (x 115B)
Class com.google.wireless.android.sdk.stats.SmlRagEvent                               : loaded 2 times (x 210B)
Class com.google.wireless.android.sdk.stats.RunFinishData                             : loaded 2 times (x 197B)
Class org.jetbrains.kotlin.cli.common.messages.MessageCollector                       : loaded 2 times (x 70B)
Class com.google.protobuf.InvalidProtocolBufferException$InvalidWireTypeException     : loaded 2 times (x 88B)
Class org.jetbrains.kotlin.metadata.ProtoBuf$Annotation$Argument$Value                : loaded 2 times (x 127B)
Class org.jetbrains.kotlin.protobuf.CodedOutputStream$OutOfSpaceException             : loaded 2 times (x 82B)
Class com.android.sdklib.AndroidApiLevel                                              : loaded 2 times (x 74B)
Class com.android.tools.lint.model.LintModelLintOptions                               : loaded 2 times (x 70B)
Class com.android.prefs.PathLocator$singlePathOf$values$1                             : loaded 2 times (x 79B)
Class com.android.tools.lint.model.PathVariables$Companion$PATH_COMPARATOR$1          : loaded 2 times (x 78B)
Class com.google.devtools.ksp.symbol.KSDeclaration                                    : loaded 2 times (x 70B)
Class com.google.common.collect.Maps$FilteredEntryMap$EntrySet$1                      : loaded 2 times (x 82B)
Class com.google.common.collect.Maps$EntryFunction$2                                  : loaded 2 times (x 91B)
Class androidx.lint.kotlin.metadata.internal.metadata.deserialization.NameResolver    : loaded 2 times (x 70B)
Class com.google.common.reflect.Invokable$ConstructorInvokable                        : loaded 2 times (x 107B)
Class org.gradle.internal.classpath.DefaultClassPath$ImmutableUniqueList              : loaded 2 times (x 199B)
Class org.gradle.api.internal.ClassPathRegistry                                       : loaded 2 times (x 70B)
Class androidx.lint.kotlin.metadata.internal.metadata.ProtoBuf$VersionRequirement$1   : loaded 2 times (x 144B)
Class androidx.lint.kotlin.metadata.jvm.JvmMemberSignatureKt                          : loaded 2 times (x 71B)
Class androidx.lint.kotlin.metadata.KmTypeProjection$Companion                        : loaded 2 times (x 71B)
Class androidx.lint.kotlin.metadata.KmVariance                                        : loaded 2 times (x 79B)
Class androidx.lint.kotlin.metadata.internal.metadata.ProtoBuf$Effect$EffectType      : loaded 2 times (x 82B)
Class androidx.lint.kotlin.metadata.internal.metadata.jvm.JvmProtoBuf$StringTableTypes: loaded 2 times (x 110B)
Class org.jetbrains.kotlin.descriptors.Visibilities$Protected                         : loaded 2 times (x 79B)
Class org.jetbrains.kotlin.metadata.ProtoBuf$PackageOrBuilder                         : loaded 2 times (x 70B)
Class org.jetbrains.kotlin.metadata.jvm.JvmProtoBuf$JvmPropertySignature              : loaded 2 times (x 114B)
Class org.jetbrains.kotlin.metadata.ProtoBuf$ValueParameterOrBuilder                  : loaded 2 times (x 70B)
Class org.jetbrains.kotlin.protobuf.SmallSortedMap$EmptySet$2                         : loaded 2 times (x 78B)
Class org.jetbrains.org.objectweb.asm.ByteVector                                      : loaded 2 times (x 78B)
Class [Landroidx.lint.kotlin.metadata.internal.metadata.ProtoBuf$VersionRequirement$VersionKind;: loaded 2 times (x 69B)
Class com.google.wireless.android.sdk.stats.DeviceExplorerEvent                       : loaded 2 times (x 201B)
Class com.google.wireless.android.sdk.stats.NavSafeArgsEvent                          : loaded 2 times (x 199B)
Class com.google.wireless.android.sdk.stats.WifiPairingEventOrBuilder                 : loaded 2 times (x 70B)
Class androidx.lint.kotlin.metadata.internal.FlagDelegatesImplKt$propertyBooleanFlag$1: loaded 2 times (x 137B)
Class com.google.common.util.concurrent.SettableFuture                                : loaded 2 times (x 114B)
Class com.google.common.collect.MapMakerInternalMap$Segment                           : loaded 2 times (x 142B)
Class kotlin.reflect.jvm.internal.impl.resolve.DescriptorFactory$DefaultClassConstructorDescriptor: loaded 2 times (x 218B)
Class kotlin.reflect.jvm.internal.impl.load.java.JvmAbi                               : loaded 2 times (x 71B)
Class kotlin.reflect.jvm.internal.impl.resolve.scopes.ChainedMemberScope$Companion    : loaded 2 times (x 71B)
Class kotlin.reflect.jvm.internal.impl.descriptors.impl.SubpackagesScope              : loaded 2 times (x 93B)
Class kotlin.reflect.jvm.internal.impl.metadata.ProtoBuf$QualifiedNameTableOrBuilder  : loaded 2 times (x 70B)
Class kotlin.reflect.jvm.internal.impl.load.java.lazy.LazyJavaAnnotations$$Lambda$0   : loaded 2 times (x 76B)
Class kotlin.reflect.jvm.internal.impl.protobuf.GeneratedMessageLite$ExtensionDescriptor: loaded 2 times (x 83B)
Class kotlin.reflect.jvm.internal.impl.load.java.lazy.LazyJavaPackageFragmentProvider : loaded 2 times (x 80B)
Class com.google.common.base.CaseFormat$4                                             : loaded 2 times (x 83B)
Class com.google.common.collect.Collections2$FilteredCollection                       : loaded 2 times (x 119B)
Class kotlin.reflect.jvm.internal.KClassImpl$Data$$Lambda$5                           : loaded 2 times (x 76B)
Class kotlin.reflect.jvm.internal.KClassImpl$Companion                                : loaded 2 times (x 71B)
Class kotlinx.coroutines.internal.SystemPropsKt                                       : loaded 2 times (x 71B)
Class kotlinx.coroutines.DispatchedTaskKt                                             : loaded 2 times (x 71B)
Class kotlinx.coroutines.internal.SystemPropsKt__SystemProps_commonKt                 : loaded 2 times (x 71B)
Class kotlinx.coroutines.ThreadContextElement                                         : loaded 2 times (x 70B)
Class kotlin.coroutines.jvm.internal.ContinuationImpl                                 : loaded 2 times (x 87B)
Class com.android.prefs.PathLocator$singlePathOf$values$2                             : loaded 2 times (x 78B)
Class com.android.tools.lint.model.PathVariables$Companion$PATH_COMPARATOR$2          : loaded 2 times (x 78B)
Class jdk.internal.jimage.decompressor.ResourceDecompressor                           : loaded 2 times (x 70B)
Class com.google.common.reflect.TypeToken                                             : loaded 2 times (x 73B)
Class androidx.lint.kotlin.metadata.internal.metadata.ProtoBuf$Annotation$Argument$Value: loaded 2 times (x 127B)
Class androidx.lint.kotlin.metadata.internal.protobuf.AbstractMessageLite$Builder     : loaded 2 times (x 122B)
Class androidx.lint.kotlin.metadata.internal.protobuf.CodedOutputStream$OutOfSpaceException: loaded 2 times (x 82B)
Class [Lorg.jetbrains.org.objectweb.asm.AnnotationWriter;                             : loaded 2 times (x 69B)
Class org.jetbrains.kotlin.load.kotlin.KotlinJvmBinaryClass$AnnotationArrayArgumentVisitor: loaded 2 times (x 70B)
Class org.jetbrains.kotlin.name.FqNameUnsafe$Companion                                : loaded 2 times (x 71B)
Class kotlin.coroutines.jvm.internal.SuspendLambda                                    : loaded 2 times (x 91B)
Class it.unimi.dsi.fastutil.objects.ObjectSpliterator                                 : loaded 2 times (x 70B)
Class org.jetbrains.kotlin.cli.common.arguments.K2JVMCompilerArgumentsConfigurator    : loaded 2 times (x 74B)
Class com.google.protobuf.Utf8$UnsafeProcessor                                        : loaded 2 times (x 77B)
Class com.google.protobuf.ByteString$LiteralByteString                                : loaded 2 times (x 106B)
Class com.google.wireless.android.sdk.stats.SdkIndexLoadingDetails                    : loaded 2 times (x 197B)
Class com.google.wireless.android.sdk.stats.BuildAttributionStatsOrBuilder            : loaded 2 times (x 70B)
Class com.google.protobuf.UnknownFieldSet$Parser                                      : loaded 2 times (x 150B)
Class com.google.gson.internal.bind.JsonTreeWriter                                    : loaded 2 times (x 98B)
Class kotlin.collections.Grouping                                                     : loaded 2 times (x 70B)
Class [Lkotlin.reflect.jvm.internal.impl.resolve.ExternalOverridabilityCondition$Result;: loaded 2 times (x 69B)
Class kotlin.reflect.jvm.internal.impl.load.kotlin.KotlinClassFinder$Result$KotlinClass: loaded 2 times (x 72B)
Class kotlin.reflect.jvm.internal.impl.load.kotlin.header.KotlinClassHeader           : loaded 2 times (x 72B)
Class kotlin.reflect.jvm.internal.impl.builtins.jvm.CloneableClassScope               : loaded 2 times (x 94B)
Class kotlin.reflect.jvm.internal.impl.serialization.deserialization.descriptors.DeserializedAnnotations: loaded 2 times (x 89B)
Class kotlin.reflect.jvm.internal.impl.serialization.deserialization.descriptors.DeserializedMemberScope$Implementation: loaded 2 times (x 70B)
Class kotlin.reflect.jvm.internal.impl.serialization.deserialization.descriptors.DeserializedPackageMemberScope: loaded 2 times (x 103B)
Class kotlin.reflect.jvm.internal.impl.protobuf.WireFormat$FieldType$1                : loaded 2 times (x 83B)
Class kotlin.reflect.jvm.internal.impl.descriptors.Visibilities$Protected             : loaded 2 times (x 75B)
Class kotlin.reflect.jvm.internal.impl.renderer.RenderingFormat                       : loaded 2 times (x 80B)
Class kotlin.reflect.jvm.internal.impl.load.java.AnnotationQualifierApplicabilityType : loaded 2 times (x 79B)
Class kotlin.reflect.jvm.internal.impl.load.kotlin.DeserializationComponentsForJavaKt : loaded 2 times (x 71B)
Class kotlin.reflect.jvm.internal.impl.builtins.KotlinBuiltIns$1                      : loaded 2 times (x 77B)
Class kotlin.reflect.jvm.internal.impl.descriptors.ModuleDescriptor                   : loaded 2 times (x 70B)
Class it.unimi.dsi.fastutil.longs.LongCollection                                      : loaded 2 times (x 70B)
Class com.google.common.io.ByteSink                                                   : loaded 2 times (x 76B)
Class kotlin.reflect.jvm.internal.KClassImpl$Data$$Lambda$6                           : loaded 2 times (x 76B)
Class com.android.tools.lint.model.PathVariables$Companion$PATH_COMPARATOR$3          : loaded 2 times (x 78B)
Class [Lkotlin.reflect.jvm.internal.impl.storage.LockBasedStorageManager$NotValue;    : loaded 2 times (x 69B)
Class kotlin.reflect.jvm.internal.impl.descriptors.impl.DeclarationDescriptorImpl     : loaded 2 times (x 88B)
Class Settings_gradle$1                                                               : loaded 2 times (x 75B)
Class org.gradle.internal.classpath.ClassPath                                         : loaded 2 times (x 70B)
Class [Landroidx.lint.kotlin.metadata.internal.metadata.ProtoBuf$Class$Kind;          : loaded 2 times (x 69B)
Class androidx.lint.kotlin.metadata.internal.metadata.ProtoBuf$TypeParameter$Variance : loaded 2 times (x 82B)
Class androidx.lint.kotlin.metadata.jvm.JvmMetadataUtil                               : loaded 2 times (x 71B)
Class kotlin.reflect.jvm.internal.impl.load.java.JavaTypeEnhancementState             : loaded 2 times (x 72B)
Class org.jetbrains.kotlin.metadata.deserialization.TypeTable                         : loaded 2 times (x 72B)
Class org.jetbrains.kotlin.load.kotlin.FileBasedKotlinClass$1                         : loaded 2 times (x 88B)
Class com.android.tools.analytics.HostData$classLoadingBean$2                         : loaded 2 times (x 78B)
Class com.google.wireless.android.sdk.stats.SmlCompletionRequestErrorEvent            : loaded 2 times (x 199B)
Class com.google.wireless.android.sdk.stats.DaggerEditorEvent                         : loaded 2 times (x 205B)
Class com.google.wireless.android.sdk.stats.UiToolsPreferencesEventOrBuilder          : loaded 2 times (x 70B)
Class com.google.wireless.android.sdk.stats.GradlePluginUpgradeDialogStatsOrBuilder   : loaded 2 times (x 70B)
Class com.google.wireless.android.sdk.stats.AdbDelegateUsageEventOrBuilder            : loaded 2 times (x 70B)
Class com.android.tools.analytics.JournalingUsageTracker$scheduleJournalTimeout$1     : loaded 2 times (x 75B)
Class kotlin.sequences.TakeWhileSequence$iterator$1                                   : loaded 2 times (x 79B)
Class kotlin.reflect.jvm.internal.impl.load.kotlin.JavaClassDataFinder                : loaded 2 times (x 75B)
Class it.unimi.dsi.fastutil.objects.Object2IntMap$FastEntrySet                        : loaded 2 times (x 70B)
Class kotlin.reflect.jvm.internal.impl.serialization.deserialization.DeserializationConfiguration$Default: loaded 2 times (x 80B)
Class kotlin.reflect.jvm.internal.impl.renderer.ExcludedTypeAnnotations               : loaded 2 times (x 71B)
Class kotlin.reflect.jvm.internal.impl.metadata.ProtoBuf$Effect$InvocationKind        : loaded 2 times (x 82B)
Class kotlin.reflect.jvm.internal.impl.types.DisjointKeysUnionTypeSubstitution        : loaded 2 times (x 78B)
Class kotlin.reflect.jvm.internal.impl.types.KotlinTypeFactory$$Lambda$0              : loaded 2 times (x 76B)
Class kotlin.reflect.jvm.internal.impl.util.collectionUtils.ScopeUtilsKt              : loaded 2 times (x 71B)
Class kotlin.reflect.jvm.internal.impl.protobuf.WireFormat$FieldType$2                : loaded 2 times (x 83B)
Class kotlin.reflect.jvm.internal.impl.descriptors.DescriptorVisibilities             : loaded 2 times (x 71B)
Class kotlin.reflect.jvm.internal.impl.descriptors.ModuleDescriptor$DefaultImpls      : loaded 2 times (x 71B)
Class kotlin.reflect.jvm.internal.impl.renderer.ClassifierNamePolicy$SHORT            : loaded 2 times (x 74B)
Class kotlin.reflect.jvm.internal.impl.builtins.KotlinBuiltIns$2                      : loaded 2 times (x 77B)
Class kotlin.reflect.jvm.internal.impl.storage.StorageManager                         : loaded 2 times (x 70B)
Class kotlin.reflect.jvm.internal.impl.descriptors.runtime.components.RuntimeErrorReporter: loaded 2 times (x 75B)
Class kotlin.reflect.jvm.internal.impl.protobuf.GeneratedMessageLite                  : loaded 2 times (x 95B)
Class com.google.common.io.Files$FileByteSource                                       : loaded 2 times (x 85B)
Class kotlin.reflect.jvm.internal.KClassImpl$Data$$Lambda$7                           : loaded 2 times (x 76B)
Class kotlin.reflect.jvm.internal.impl.metadata.ProtoBuf$Constructor$1                : loaded 2 times (x 87B)
Class com.android.tools.lint.model.PathVariables$Companion$PATH_COMPARATOR$4          : loaded 2 times (x 78B)
Class kotlin.reflect.jvm.internal.impl.protobuf.Internal$EnumLiteMap                  : loaded 2 times (x 70B)
Class com.google.common.collect.LinkedHashMultimap$ValueSet$1                         : loaded 2 times (x 82B)
Class com.google.common.base.Equivalence$Wrapper                                      : loaded 2 times (x 72B)
Class androidx.lint.kotlin.metadata.jvm.JvmFieldSignature                             : loaded 2 times (x 74B)
Class androidx.lint.kotlin.metadata.KmAnnotationArgument                              : loaded 2 times (x 71B)
Class androidx.lint.kotlin.metadata.internal.metadata.jvm.JvmProtoBuf$StringTableTypes$RecordOrBuilder: loaded 2 times (x 70B)
Class androidx.lint.kotlin.metadata.internal.metadata.ProtoBuf$AnnotationOrBuilder    : loaded 2 times (x 70B)
Class org.jetbrains.kotlin.metadata.ProtoBuf$Type$ArgumentOrBuilder                   : loaded 2 times (x 70B)
Class org.jetbrains.kotlin.protobuf.GeneratedMessageLite$GeneratedExtension           : loaded 2 times (x 79B)
Class org.jetbrains.kotlin.com.intellij.openapi.diagnostic.Logger                     : loaded 2 times (x 99B)
Class org.jetbrains.kotlin.load.kotlin.FileBasedKotlinClass$2                         : loaded 2 times (x 88B)
Class kotlin.reflect.jvm.internal.impl.serialization.deserialization.ErrorReporter$1  : loaded 2 times (x 75B)
Class org.jetbrains.kotlin.cli.common.arguments.Freezable                             : loaded 2 times (x 72B)
Class com.google.wireless.android.sdk.stats.ParallelAndroidTestReportUiEvent          : loaded 2 times (x 202B)
Class com.google.wireless.android.sdk.stats.EditorNotification                        : loaded 2 times (x 195B)
Class com.google.wireless.android.sdk.stats.InteractivePreviewEvent                   : loaded 2 times (x 207B)
Class com.google.wireless.android.sdk.stats.UnitTestGenerationEventOrBuilder          : loaded 2 times (x 70B)
Class com.google.gson.internal.JsonReaderInternalAccess                               : loaded 2 times (x 72B)
Class kotlin.ranges.LongRange                                                         : loaded 2 times (x 93B)
Class com.google.common.io.CharStreams$NullWriter                                     : loaded 2 times (x 99B)
Class com.google.common.io.CharSource$CharSequenceCharSource                          : loaded 2 times (x 86B)
Class kotlin.reflect.jvm.internal.impl.utils.SmartSet$Companion                       : loaded 2 times (x 71B)
Class kotlin.reflect.jvm.internal.impl.util.AbstractArrayMapOwner$AbstractArrayMapAccessor: loaded 2 times (x 71B)
Class kotlin.reflect.jvm.internal.impl.protobuf.CodedInputStream                      : loaded 2 times (x 72B)
Class kotlin.reflect.jvm.internal.impl.load.java.lazy.descriptors.LazyJavaScope       : loaded 2 times (x 104B)
Class kotlin.reflect.jvm.internal.impl.protobuf.WireFormat$FieldType$3                : loaded 2 times (x 83B)
Class [Lkotlin.reflect.jvm.internal.impl.types.error.ErrorEntity;                     : loaded 2 times (x 69B)
Class kotlin.reflect.jvm.internal.impl.incremental.components.LookupTracker           : loaded 2 times (x 70B)
Class kotlin.reflect.jvm.internal.impl.storage.LockBasedStorageManager$CacheWithNullableValuesBasedOnMemoizedFunction: loaded 2 times (x 83B)
Class kotlin.reflect.jvm.internal.impl.builtins.KotlinBuiltIns$3                      : loaded 2 times (x 77B)
Class kotlin.reflect.jvm.internal.impl.load.java.lazy.descriptors.LazyJavaPackageFragment$$Lambda$2: loaded 2 times (x 76B)
Class kotlin.reflect.jvm.internal.KClassImpl$Data$$Lambda$8                           : loaded 2 times (x 76B)
Class kotlin.reflect.jvm.internal.impl.load.java.lazy.descriptors.LazyJavaClassMemberScope$$Lambda$2: loaded 2 times (x 76B)
Class kotlinx.coroutines.CoroutineDispatcher$Key                                      : loaded 2 times (x 72B)
Class [Lkotlinx.coroutines.CoroutineStart;                                            : loaded 2 times (x 69B)
Class it.unimi.dsi.fastutil.objects.ObjectIterable                                    : loaded 2 times (x 70B)
Class com.android.tools.lint.model.DefaultLintModelAndroidLibrary                     : loaded 2 times (x 111B)
Class com.android.sdklib.AndroidApiLevel$Companion                                    : loaded 2 times (x 71B)
Class com.android.prefs.AndroidLocationsProvider                                      : loaded 2 times (x 70B)
Class kotlin.reflect.jvm.internal.impl.types.RawType                                  : loaded 2 times (x 70B)
Class com.google.common.collect.Sets$1$1                                              : loaded 2 times (x 82B)
Class org.objectweb.asm.SymbolTable$Entry                                             : loaded 2 times (x 74B)
Class org.gradle.api.internal.classpath.DefaultModuleRegistry$DefaultModuleAlias      : loaded 2 times (x 80B)
Class androidx.lint.kotlin.metadata.internal.metadata.ProtoBuf$Annotation$Argument$Value$Type$1: loaded 2 times (x 74B)
Class androidx.lint.kotlin.metadata.jvm.JvmMethodSignature                            : loaded 2 times (x 74B)
Class org.jetbrains.kotlin.metadata.ProtoBuf$Class                                    : loaded 2 times (x 186B)
Class org.jetbrains.kotlin.metadata.ProtoBuf$Property$1                               : loaded 2 times (x 144B)
Class org.jetbrains.kotlin.metadata.ProtoBuf$Type                                     : loaded 2 times (x 145B)
Class org.jetbrains.org.objectweb.asm.ClassWriter                                     : loaded 2 times (x 106B)
Class org.jetbrains.kotlin.load.kotlin.FileBasedKotlinClass$3                         : loaded 2 times (x 78B)
Class com.google.wireless.android.sdk.stats.JavaProcessStats$Builder                  : loaded 2 times (x 307B)
Class com.google.wireless.android.sdk.stats.GradleSyncStats                           : loaded 2 times (x 234B)
Class com.google.wireless.android.sdk.stats.LldbPerformanceStats                      : loaded 2 times (x 199B)
Class com.google.wireless.android.sdk.stats.AdbDelegateUsageEvent                     : loaded 2 times (x 199B)
Class com.google.wireless.android.sdk.stats.JvmDetails                                : loaded 2 times (x 215B)
Class com.google.wireless.android.sdk.stats.SoongRunEventOrBuilder                    : loaded 2 times (x 70B)
Class com.google.wireless.android.sdk.stats.EditingMetricsEventOrBuilder              : loaded 2 times (x 70B)
Class com.android.tools.analytics.UsageTracker$listener$1                             : loaded 2 times (x 78B)
Class kotlin.reflect.jvm.internal.impl.metadata.jvm.deserialization.BitEncoding       : loaded 2 times (x 71B)
Class com.android.tools.analytics.UsageTrackerWriter                                  : loaded 2 times (x 82B)
Class it.unimi.dsi.fastutil.objects.Object2IntOpenHashMap                             : loaded 2 times (x 247B)
Class kotlin.reflect.jvm.internal.impl.resolve.OverridingUtil$OverrideCompatibilityInfo: loaded 2 times (x 73B)
Class kotlin.reflect.jvm.internal.impl.types.checker.ClassicTypeCheckerStateKt        : loaded 2 times (x 71B)
Class [Lkotlin.reflect.jvm.internal.impl.resolve.scopes.MemberScope;                  : loaded 2 times (x 69B)
Class kotlin.reflect.jvm.internal.impl.protobuf.WireFormat$FieldType$4                : loaded 2 times (x 83B)
Class kotlin.reflect.jvm.internal.impl.descriptors.impl.FunctionDescriptorImpl        : loaded 2 times (x 194B)
Class kotlin.reflect.jvm.internal.impl.types.ClassifierBasedTypeConstructor           : loaded 2 times (x 86B)
Class kotlin.reflect.jvm.internal.impl.renderer.DescriptorRenderer$$Lambda$10         : loaded 2 times (x 75B)
Class kotlin.reflect.jvm.internal.impl.renderer.PropertyAccessorRenderingPolicy       : loaded 2 times (x 79B)
Class kotlin.reflect.jvm.internal.impl.load.kotlin.AbstractBinaryClassAnnotationAndConstantLoader: loaded 2 times (x 107B)
Class kotlin.reflect.jvm.internal.impl.load.java.JavaModuleAnnotationsProvider        : loaded 2 times (x 70B)
Class kotlin.reflect.jvm.internal.impl.incremental.components.LookupTracker$DO_NOTHING: loaded 2 times (x 75B)
Class kotlin.reflect.jvm.internal.impl.builtins.KotlinBuiltIns$4                      : loaded 2 times (x 77B)
Class kotlin.reflect.jvm.internal.KClassImpl$Data$$Lambda$9                           : loaded 2 times (x 76B)
Class com.google.protobuf.ExtensionRegistry                                           : loaded 2 times (x 87B)
Class [Lcom.google.common.base.CaseFormat;                                            : loaded 2 times (x 69B)
Class jdk.internal.jimage.ImageStringsReader                                          : loaded 2 times (x 80B)
Class org.objectweb.asm.Edge                                                          : loaded 2 times (x 72B)
Class androidx.lint.kotlin.metadata.internal.metadata.deserialization.Flags$FlagField : loaded 2 times (x 73B)
Class androidx.lint.kotlin.metadata.internal.metadata.jvm.JvmProtoBuf$StringTableTypes$1: loaded 2 times (x 144B)
Class androidx.lint.kotlin.metadata.internal.metadata.jvm.JvmProtoBuf$JvmFieldSignature: loaded 2 times (x 108B)
Class androidx.lint.kotlin.metadata.internal.protobuf.AbstractMessageLite$Builder$LimitedInputStream: loaded 2 times (x 92B)
Class androidx.lint.kotlin.metadata.internal.metadata.deserialization.MetadataVersion$Companion: loaded 2 times (x 71B)
Class org.jetbrains.kotlin.load.kotlin.FileBasedKotlinClass$4                         : loaded 2 times (x 88B)
Class com.google.wireless.android.sdk.stats.RunStartDataOrBuilder                     : loaded 2 times (x 70B)
Class com.google.protobuf.Utf8                                                        : loaded 2 times (x 71B)
Class com.google.wireless.android.sdk.stats.MetaMetrics                               : loaded 2 times (x 199B)
Class com.google.wireless.android.sdk.stats.SmlConfigurationEvent                     : loaded 2 times (x 222B)
Class com.google.protobuf.GeneratedMessageV3                                          : loaded 2 times (x 178B)
Class kotlin.ranges.LongProgression$Companion                                         : loaded 2 times (x 71B)
Class kotlin.reflect.jvm.internal.KDeclarationContainerImpl$FunctionJvmDescriptor     : loaded 2 times (x 72B)
Class kotlin.reflect.jvm.internal.impl.serialization.deserialization.SuspendFunctionTypeUtilKt: loaded 2 times (x 71B)
Class com.google.wireless.android.sdk.stats.AndroidCliInvocationOrBuilder             : loaded 2 times (x 70B)
Class kotlin.reflect.jvm.internal.impl.types.model.TypeSystemContext                  : loaded 2 times (x 70B)
Class kotlin.reflect.jvm.internal.impl.load.java.structure.ListBasedJavaAnnotationOwner: loaded 2 times (x 70B)
Class kotlin.reflect.jvm.internal.impl.descriptors.runtime.components.RuntimeSourceElementFactory$RuntimeSourceElement: loaded 2 times (x 78B)
Class kotlin.reflect.jvm.internal.impl.descriptors.runtime.structure.ReflectJavaClass : loaded 2 times (x 116B)
Class kotlin.reflect.jvm.internal.impl.metadata.deserialization.Flags$EnumLiteFlagField: loaded 2 times (x 76B)
Class kotlin.reflect.jvm.internal.impl.metadata.ProtoBuf$QualifiedNameTable$QualifiedName$Kind: loaded 2 times (x 82B)
Class kotlin.reflect.jvm.internal.impl.metadata.ProtoBuf$StringTable$1                : loaded 2 times (x 87B)
Class kotlin.reflect.jvm.internal.impl.serialization.deserialization.FlexibleTypeDeserializer$ThrowException: loaded 2 times (x 74B)
Class kotlin.reflect.jvm.internal.impl.metadata.jvm.JvmProtoBuf                       : loaded 2 times (x 71B)
Class kotlin.reflect.jvm.internal.impl.descriptors.impl.ClassDescriptorBase           : loaded 2 times (x 175B)
Class kotlin.reflect.jvm.internal.impl.renderer.DescriptorRendererOptionsImpl$$Lambda$0: loaded 2 times (x 75B)
Class com.google.protobuf.Utf8$UnpairedSurrogateException                             : loaded 2 times (x 82B)
Class kotlin.reflect.jvm.internal.impl.resolve.constants.IntegerValueConstant         : loaded 2 times (x 74B)
Class kotlin.reflect.jvm.internal.impl.types.checker.NewKotlinTypeChecker$Companion   : loaded 2 times (x 71B)
Class kotlin.reflect.jvm.internal.impl.load.java.JavaClassesTracker                   : loaded 2 times (x 70B)
Class kotlin.reflect.jvm.internal.impl.builtins.ReflectionTypes$Companion             : loaded 2 times (x 71B)
Class kotlin.reflect.jvm.internal.impl.descriptors.DeclarationDescriptorNonRoot       : loaded 2 times (x 70B)
Class com.google.common.collect.AbstractMapBasedMultimap$SortedKeySet                 : loaded 2 times (x 223B)
Class org.jetbrains.kotlin.protobuf.GeneratedMessageLite$ExtendableMessage            : loaded 2 times (x 113B)
Class kotlin.text.MatchResult$Destructured                                            : loaded 2 times (x 72B)
Class org.jetbrains.kotlin.metadata.jvm.JvmProtoBuf$JvmPropertySignatureOrBuilder     : loaded 2 times (x 70B)
Class androidx.lint.kotlin.metadata.internal.metadata.jvm.deserialization.JvmNameResolverBase: loaded 2 times (x 80B)
Class com.google.common.collect.Count                                                 : loaded 2 times (x 71B)
Class com.google.devtools.ksp.processing.KSPJvmConfig                                 : loaded 2 times (x 72B)
Class com.google.common.reflect.TypeToken$1                                           : loaded 2 times (x 110B)
Class androidx.lint.kotlin.metadata.KmTypeParameter                                   : loaded 2 times (x 72B)
Class androidx.lint.kotlin.metadata.internal.protobuf.GeneratedMessageLite$ExtendableMessageOrBuilder: loaded 2 times (x 70B)
Class org.jetbrains.kotlin.metadata.ProtoBuf$Annotation$Argument                      : loaded 2 times (x 108B)
Class org.jetbrains.kotlin.metadata.ProtoBuf$Class$Kind                               : loaded 2 times (x 82B)
Class org.jetbrains.kotlin.protobuf.GeneratedMessageLite$Builder                      : loaded 2 times (x 128B)
Class org.jetbrains.kotlin.protobuf.WireFormat$FieldType$1                            : loaded 2 times (x 83B)
Class org.jetbrains.kotlin.metadata.jvm.JvmProtoBuf$JvmMethodSignatureOrBuilder       : loaded 2 times (x 70B)
Class org.jetbrains.kotlin.protobuf.ByteString                                        : loaded 2 times (x 108B)
Class org.objectweb.asm.TypePath                                                      : loaded 2 times (x 72B)
Class [Lcom.google.wireless.android.sdk.stats.AndroidStudioEvent$EventKind;           : loaded 2 times (x 69B)
Class com.google.wireless.android.sdk.stats.LldbSessionEndDetails                     : loaded 2 times (x 204B)
Class com.google.wireless.android.sdk.stats.EditingMetricsEvent                       : loaded 2 times (x 203B)
Class com.google.wireless.android.sdk.stats.SplittingTabsUsageEvent                   : loaded 2 times (x 201B)
Class com.google.wireless.android.sdk.stats.DaemonCodeAnalyzerFinishedEventOrBuilder  : loaded 2 times (x 70B)
Class com.google.wireless.android.sdk.stats.UiDeviceSettingsEventOrBuilder            : loaded 2 times (x 70B)
Class com.google.wireless.android.sdk.stats.CoroutineDebuggerEventOrBuilder           : loaded 2 times (x 70B)
Class com.google.wireless.android.sdk.stats.GfxTracingDetailsOrBuilder                : loaded 2 times (x 70B)
Class com.google.wireless.android.sdk.stats.PSDEventOrBuilder                         : loaded 2 times (x 70B)
Class com.google.wireless.android.sdk.stats.DebuggerEventOrBuilder                    : loaded 2 times (x 70B)
Class com.google.protobuf.MessageLite$Builder                                         : loaded 2 times (x 70B)
Class kotlin.collections.builders.MapBuilderValues                                    : loaded 2 times (x 123B)
Class kotlin.reflect.jvm.internal.impl.metadata.ProtoBuf$Effect$EffectType$1          : loaded 2 times (x 74B)
Class kotlin.reflect.jvm.internal.impl.load.kotlin.KotlinJvmBinarySourceElement       : loaded 2 times (x 78B)
Class kotlin.reflect.jvm.internal.impl.load.java.components.DescriptorResolverUtils$1 : loaded 2 times (x 77B)
Class kotlin.reflect.jvm.internal.impl.serialization.deserialization.descriptors.DeserializedClassDescriptor$DeserializedClassTypeConstructor$$Lambda$0: loaded 2 times (x 76B)
Class kotlin.reflect.jvm.internal.impl.descriptors.impl.ModuleDependencies            : loaded 2 times (x 70B)
Class kotlin.reflect.jvm.internal.impl.renderer.DescriptorRendererOptionsImpl$$Lambda$1: loaded 2 times (x 75B)
Class kotlin.reflect.jvm.internal.impl.renderer.DescriptorRendererOptions             : loaded 2 times (x 70B)
Class kotlin.reflect.jvm.internal.impl.metadata.deserialization.BinaryVersion         : loaded 2 times (x 72B)
Class androidx.lint.kotlin.metadata.internal.metadata.ProtoBuf$Annotation$Builder     : loaded 2 times (x 136B)
Class com.google.common.collect.MultimapBuilder                                       : loaded 2 times (x 73B)
Class androidx.lint.kotlin.metadata.jvm.KotlinClassMetadata$FileFacade                : loaded 2 times (x 77B)
Class com.google.common.collect.AbstractMapBasedMultiset                              : loaded 2 times (x 163B)
Class com.google.common.collect.AbstractMapBasedMultimap$AsMap$AsMapEntries           : loaded 2 times (x 138B)
Class jdk.internal.jimage.ImageReader                                                 : loaded 2 times (x 75B)
Class com.google.common.reflect.TypeToken$2                                           : loaded 2 times (x 110B)
Class androidx.lint.kotlin.metadata.internal.protobuf.GeneratedMessageLite$ExtensionDescriptor: loaded 2 times (x 84B)
Class org.jetbrains.kotlin.metadata.ProtoBuf$TypeParameter                            : loaded 2 times (x 130B)
Class org.jetbrains.kotlin.metadata.ProtoBuf$ValueParameter$1                         : loaded 2 times (x 144B)
Class [Lorg.jetbrains.kotlin.protobuf.WireFormat$FieldType;                           : loaded 2 times (x 69B)
Class org.jetbrains.kotlin.protobuf.WireFormat$FieldType$2                            : loaded 2 times (x 83B)
Class com.google.wireless.android.sdk.stats.DeviceInfo                                : loaded 2 times (x 236B)
Class com.google.wireless.android.sdk.stats.BrowserSurveyEvent                        : loaded 2 times (x 200B)
Class com.google.wireless.android.sdk.stats.TestScenarioEvent                         : loaded 2 times (x 204B)
Class com.google.wireless.android.sdk.stats.EditorHighlightingStatsOrBuilder          : loaded 2 times (x 70B)
Class com.google.wireless.android.sdk.stats.SkillsEventOrBuilder                      : loaded 2 times (x 70B)
Class com.google.protobuf.Parser                                                      : loaded 2 times (x 70B)
Class com.google.common.base.CaseFormat$3                                             : loaded 2 times (x 83B)
Class [Lcom.google.common.collect.LinkedHashMultimap$ValueEntry;                      : loaded 2 times (x 69B)
Class [Lkotlin.reflect.jvm.internal.impl.metadata.ProtoBuf$Effect$EffectType;         : loaded 2 times (x 69B)
Class kotlin.reflect.jvm.internal.impl.metadata.jvm.JvmProtoBuf$StringTableTypes$Record$1: loaded 2 times (x 87B)
Class kotlin.reflect.jvm.internal.impl.types.FlexibleTypesKt                          : loaded 2 times (x 71B)
Class kotlin.reflect.jvm.internal.impl.descriptors.runtime.structure.ReflectJavaField : loaded 2 times (x 117B)
Class kotlin.reflect.jvm.internal.impl.types.WrappedType                              : loaded 2 times (x 84B)
Class kotlinx.coroutines.IncompleteStateBox                                           : loaded 2 times (x 72B)
Class it.unimi.dsi.fastutil.longs.LongIterable                                        : loaded 2 times (x 70B)
Class kotlin.reflect.jvm.internal.impl.types.KotlinType                               : loaded 2 times (x 82B)
Class it.unimi.dsi.fastutil.objects.ObjectIterator                                    : loaded 2 times (x 70B)
Class kotlin.reflect.jvm.internal.impl.load.java.JavaTypeEnhancementState$Companion$$Lambda$0: loaded 2 times (x 76B)
Class org.jetbrains.kotlin.cli.jvm.compiler.KotlinCoreEnvironment                     : loaded 2 times (x 72B)
Class com.google.devtools.ksp.symbol.KSModifierListOwner                              : loaded 2 times (x 70B)
Class kotlin.reflect.jvm.internal.impl.load.java.lazy.TypeParameterResolver$EMPTY     : loaded 2 times (x 74B)
Class com.google.common.collect.SortedIterable                                        : loaded 2 times (x 70B)
Class jdk.internal.jimage.ImageReader$SharedImageReader                               : loaded 2 times (x 95B)
Class [Lorg.objectweb.asm.SymbolTable$Entry;                                          : loaded 2 times (x 69B)
Class org.gradle.api.internal.classpath.ModuleRegistry                                : loaded 2 times (x 70B)
Class org.gradle.internal.installation.GradleInstallation$1                           : loaded 2 times (x 75B)
Class androidx.lint.kotlin.metadata.KmClassifier$Class                                : loaded 2 times (x 72B)
Class androidx.lint.kotlin.metadata.internal.protobuf.ByteString$ByteIterator         : loaded 2 times (x 70B)
Class androidx.lint.kotlin.metadata.internal.metadata.ProtoBuf$Constructor            : loaded 2 times (x 127B)
Class org.jetbrains.kotlin.protobuf.WireFormat$FieldType$3                            : loaded 2 times (x 83B)
Class kotlin.reflect.jvm.internal.impl.descriptors.PackageViewDescriptor              : loaded 2 times (x 70B)
Class com.google.protobuf.ByteString$LeafByteString                                   : loaded 2 times (x 103B)
Class com.google.wireless.android.sdk.stats.StudioRunEvent                            : loaded 2 times (x 234B)
Class com.google.wireless.android.sdk.stats.JniInspectionEvent                        : loaded 2 times (x 201B)
Class com.google.wireless.android.sdk.stats.UserIdResetEvent                          : loaded 2 times (x 195B)
Class com.google.wireless.android.sdk.stats.GradleSyncIssueOrBuilder                  : loaded 2 times (x 70B)
Class com.google.wireless.android.sdk.stats.RunEventOrBuilder                         : loaded 2 times (x 70B)
Class com.google.wireless.android.sdk.stats.OSMetricsOrBuilder                        : loaded 2 times (x 70B)
Class com.google.protobuf.Descriptors$GenericDescriptor                               : loaded 2 times (x 75B)
Class kotlin.jvm.internal.DoubleCompanionObject                                       : loaded 2 times (x 71B)
Class [Lkotlin.reflect.jvm.internal.impl.descriptors.ClassKind;                       : loaded 2 times (x 69B)
Class kotlin.reflect.jvm.internal.impl.types.AbstractStubType                         : loaded 2 times (x 94B)
Class kotlin.reflect.jvm.internal.impl.metadata.deserialization.NameResolver          : loaded 2 times (x 70B)
Class kotlin.reflect.jvm.internal.impl.descriptors.FindClassInModuleKt                : loaded 2 times (x 71B)
Class [Lkotlin.reflect.jvm.internal.impl.descriptors.DeclarationDescriptor;           : loaded 2 times (x 69B)
Class kotlin.reflect.jvm.internal.impl.metadata.ProtoBuf$VersionRequirementTableOrBuilder: loaded 2 times (x 70B)
Class kotlin.reflect.jvm.internal.impl.metadata.ProtoBuf$ValueParameter$1             : loaded 2 times (x 87B)
Class kotlin.reflect.jvm.internal.impl.descriptors.FieldDescriptor                    : loaded 2 times (x 70B)
Class [Lkotlin.reflect.jvm.internal.impl.descriptors.deserialization.ClassDescriptorFactory;: loaded 2 times (x 69B)
Class com.android.ide.common.repository.AgpVersion$PreviewKind$Companion              : loaded 2 times (x 71B)
Class com.android.ProgressManagerAdapter                                              : loaded 2 times (x 73B)
Class kotlin.reflect.jvm.internal.impl.load.java.lazy.descriptors.LazyJavaStaticScope : loaded 2 times (x 104B)
Class jdk.internal.jimage.decompressor.ResourceDecompressorFactory                    : loaded 2 times (x 74B)
Class com.google.devtools.ksp.processing.KSPLogger                                    : loaded 2 times (x 70B)
Class com.google.common.util.concurrent.internal.InternalFutureFailureAccess          : loaded 2 times (x 72B)
Class androidx.lint.kotlin.metadata.internal.metadata.ProtoBuf$Class$Kind$1           : loaded 2 times (x 74B)
Class androidx.lint.kotlin.metadata.KmType                                            : loaded 2 times (x 72B)
Class androidx.lint.kotlin.metadata.internal.metadata.ProtoBuf$TypeParameter          : loaded 2 times (x 130B)
Class androidx.lint.kotlin.metadata.internal.protobuf.BoundedByteString               : loaded 2 times (x 112B)
Class org.jetbrains.kotlin.metadata.ProtoBuf$VersionRequirement$Level                 : loaded 2 times (x 82B)
Class org.jetbrains.kotlin.metadata.ProtoBuf$VersionRequirementOrBuilder              : loaded 2 times (x 70B)
Class org.jetbrains.kotlin.descriptors.Visibilities$Internal                          : loaded 2 times (x 79B)
Class [Lorg.jetbrains.kotlin.metadata.ProtoBuf$Annotation$Argument$Value$Type;        : loaded 2 times (x 69B)
Class org.jetbrains.kotlin.metadata.ProtoBuf$Contract$1                               : loaded 2 times (x 144B)
Class org.jetbrains.kotlin.metadata.ProtoBuf$Type$1                                   : loaded 2 times (x 144B)
Class org.jetbrains.kotlin.protobuf.WireFormat$FieldType$4                            : loaded 2 times (x 83B)
Class org.jetbrains.kotlin.metadata.jvm.JvmProtoBuf$JvmMethodSignature$1              : loaded 2 times (x 144B)
Class org.jetbrains.kotlin.load.kotlin.FileBasedKotlinClass$3$1                       : loaded 2 times (x 78B)
Class org.jetbrains.kotlin.name.FqNameUnsafe                                          : loaded 2 times (x 72B)
Class com.google.wireless.android.sdk.stats.GeminiAdvertiserEvent                     : loaded 2 times (x 197B)
Class com.google.wireless.android.sdk.stats.ManifestMergerStatsOrBuilder              : loaded 2 times (x 70B)
Class com.google.wireless.android.sdk.stats.LiveLiteralsEventOrBuilder                : loaded 2 times (x 70B)
Class com.google.wireless.android.sdk.stats.CppHeadersViewEventOrBuilder              : loaded 2 times (x 70B)
Class com.google.wireless.android.sdk.stats.FirebaseContextDetailsOrBuilder           : loaded 2 times (x 70B)
Class com.google.wireless.android.sdk.stats.AndroidProfilerEventOrBuilder             : loaded 2 times (x 70B)
Class com.google.wireless.android.sdk.stats.FileTypeOrBuilder                         : loaded 2 times (x 70B)
Class com.google.protobuf.AbstractMessageLite                                         : loaded 2 times (x 101B)
Class kotlin.reflect.jvm.internal.impl.load.java.lazy.descriptors.LazyJavaPackageScope: loaded 2 times (x 104B)
Class [Lorg.jetbrains.org.objectweb.asm.Type;                                         : loaded 2 times (x 69B)
Class kotlin.reflect.jvm.internal.impl.serialization.deserialization.descriptors.DeserializedPropertyDescriptor: loaded 2 times (x 216B)
Class kotlin.reflect.jvm.internal.impl.metadata.jvm.deserialization.JvmNameResolverKt : loaded 2 times (x 71B)
Class [Lkotlin.jvm.internal.markers.KMappedMarker;                                    : loaded 2 times (x 69B)
Class kotlin.reflect.jvm.internal.impl.descriptors.runtime.structure.ReflectJavaType$Factory: loaded 2 times (x 71B)
Class kotlin.reflect.jvm.internal.impl.metadata.ProtoBuf$Modality$1                   : loaded 2 times (x 74B)
Class kotlin.reflect.jvm.internal.impl.protobuf.ByteString                            : loaded 2 times (x 97B)
Class kotlin.reflect.jvm.internal.impl.renderer.DescriptorRenderer$$Lambda$0          : loaded 2 times (x 75B)
Class kotlin.reflect.jvm.internal.impl.serialization.deserialization.LocalClassifierTypeSettings: loaded 2 times (x 70B)
Class kotlin.reflect.jvm.internal.impl.load.java.ReportLevel$Companion                : loaded 2 times (x 71B)
Class kotlin.reflect.jvm.internal.impl.load.java.ReportLevel                          : loaded 2 times (x 79B)
Class kotlin.reflect.jvm.internal.impl.load.java.JavaClassFinder                      : loaded 2 times (x 70B)
Class kotlin.reflect.jvm.internal.impl.load.java.lazy.descriptors.LazyJavaPackageFragment$$Lambda$1: loaded 2 times (x 76B)
Class kotlin.reflect.jvm.internal.impl.metadata.ProtoBuf$Annotation$ArgumentOrBuilder : loaded 2 times (x 70B)
Class kotlin.reflect.jvm.internal.impl.serialization.deserialization.ProtoBasedClassDataFinder: loaded 2 times (x 75B)
Class kotlinx.coroutines.Job$Key                                                      : loaded 2 times (x 71B)
Class kotlin.reflect.jvm.internal.impl.load.java.lazy.descriptors.LazyJavaClassMemberScope$$Lambda$1: loaded 2 times (x 76B)
Class kotlin.reflect.jvm.internal.impl.resolve.scopes.DescriptorKindFilter            : loaded 2 times (x 72B)
Class com.google.common.collect.MultimapBuilder$ArrayListSupplier                     : loaded 2 times (x 77B)
Class kotlin.reflect.jvm.internal.impl.types.TypeSubstitution$Companion               : loaded 2 times (x 71B)
Class com.google.common.collect.ImmutableSortedAsList                                 : loaded 2 times (x 221B)
Class kotlin.reflect.jvm.internal.impl.load.java.descriptors.JavaMethodDescriptor     : loaded 2 times (x 209B)
Class com.google.common.collect.Iterators$6                                           : loaded 2 times (x 81B)
Class androidx.lint.kotlin.metadata.KmClassifier$TypeAlias                            : loaded 2 times (x 72B)
Class androidx.lint.kotlin.metadata.internal.metadata.deserialization.Flags$EnumLiteFlagField: loaded 2 times (x 76B)
Class androidx.lint.kotlin.metadata.internal.metadata.ProtoBuf$ConstructorOrBuilder   : loaded 2 times (x 70B)
Class androidx.lint.kotlin.metadata.internal.protobuf.MessageLiteOrBuilder            : loaded 2 times (x 70B)
Class kotlin.reflect.jvm.internal.impl.descriptors.impl.FunctionDescriptorImpl$CopyConfiguration: loaded 2 times (x 137B)
Class kotlin.UShort                                                                   : loaded 2 times (x 74B)
Class com.google.wireless.android.sdk.stats.StartupPerformanceFrameBecameVisibleEvent : loaded 2 times (x 199B)
Class com.google.wireless.android.sdk.stats.GoogleLoginPluginEvent                    : loaded 2 times (x 203B)
Class com.google.wireless.android.sdk.stats.GradleJdkInvalidEventOrBuilder            : loaded 2 times (x 70B)
Class com.google.wireless.android.sdk.stats.StudioPerformanceStatsOrBuilder           : loaded 2 times (x 70B)
Class com.google.wireless.android.sdk.stats.SentimentSurveyEventOrBuilder             : loaded 2 times (x 70B)
Class com.google.wireless.android.sdk.stats.FileUsageOrBuilder                        : loaded 2 times (x 70B)
Class kotlin.text.Regex$findAll$2                                                     : loaded 2 times (x 125B)
Class [Lkotlin.reflect.jvm.internal.impl.metadata.jvm.JvmProtoBuf$StringTableTypes$Record$Operation;: loaded 2 times (x 69B)
Class com.google.common.collect.MapMakerInternalMap$StrongValueEntry                  : loaded 2 times (x 70B)
Class kotlin.reflect.jvm.internal.impl.load.java.lazy.descriptors.ClassDeclaredMemberIndex$$Lambda$0: loaded 2 times (x 76B)
Class kotlin.reflect.jvm.internal.impl.load.java.typeEnhancement.AbstractSignatureParts$$Lambda$0: loaded 2 times (x 76B)
Class kotlin.reflect.jvm.internal.impl.protobuf.SmallSortedMap$EntrySet               : loaded 2 times (x 137B)
Class kotlin.reflect.jvm.internal.impl.protobuf.CodedOutputStream                     : loaded 2 times (x 72B)
Class kotlin.reflect.jvm.internal.impl.metadata.ProtoBuf$PackageFragment$1            : loaded 2 times (x 87B)
Class kotlin.reflect.jvm.internal.impl.load.java.structure.JavaPackage                : loaded 2 times (x 70B)
Class kotlin.reflect.jvm.internal.impl.util.ModuleVisibilityHelper$EMPTY              : loaded 2 times (x 74B)
Class kotlin.reflect.jvm.internal.impl.descriptors.impl.ModuleAwareClassDescriptor    : loaded 2 times (x 172B)
Class kotlin.reflect.jvm.internal.impl.renderer.DescriptorRenderer$$Lambda$1          : loaded 2 times (x 75B)
Class kotlin.reflect.jvm.internal.impl.load.java.AbstractAnnotationTypeQualifierResolver$Companion: loaded 2 times (x 71B)
Class [Lcom.android.prefs.Global;                                                     : loaded 2 times (x 69B)
Class com.android.tools.analytics.AnalyticsSettingsData                               : loaded 2 times (x 72B)
Class com.google.wireless.android.sdk.stats.LLDBFrontendDetailsOrBuilder              : loaded 2 times (x 70B)
Class jdk.internal.jimage.ImageReader$Node                                            : loaded 2 times (x 84B)
Class com.google.common.collect.Multimaps$CustomSetMultimap                           : loaded 2 times (x 178B)
Class org.gradle.api.internal.classpath.DefaultModuleRegistry                         : loaded 2 times (x 84B)
Class androidx.lint.kotlin.metadata.internal.metadata.ProtoBuf$TypeTable$1            : loaded 2 times (x 144B)
Class androidx.lint.kotlin.metadata.internal.protobuf.WireFormat$FieldType            : loaded 2 times (x 83B)
Class org.jetbrains.kotlin.metadata.ProtoBuf$Annotation$Argument$1                    : loaded 2 times (x 144B)
Class org.jetbrains.kotlin.metadata.deserialization.Flags$BooleanFlagField            : loaded 2 times (x 76B)
Class com.google.wireless.android.sdk.stats.ComposeAnimationToolingEventOrBuilder     : loaded 2 times (x 70B)
Class org.jetbrains.kotlin.metadata.ProtoBuf$Function$1                               : loaded 2 times (x 144B)
Class org.jetbrains.kotlin.metadata.jvm.deserialization.JvmProtoBufUtil               : loaded 2 times (x 71B)
Class org.jetbrains.org.objectweb.asm.AnnotationWriter                                : loaded 2 times (x 79B)
Class org.jetbrains.kotlin.load.kotlin.KotlinJvmBinaryClass$AnnotationVisitor         : loaded 2 times (x 70B)
Class com.google.wireless.android.sdk.stats.UpgradeAndroidStudioDialogStatsOrBuilder  : loaded 2 times (x 70B)
Class com.google.wireless.android.sdk.stats.ThreadingAgentUsageEvent                  : loaded 2 times (x 197B)
Class org.jetbrains.kotlin.build.report.metrics.GradleBuildTime$Companion             : loaded 2 times (x 71B)
Class com.google.protobuf.UnsafeUtil$Android64MemoryAccessor                          : loaded 2 times (x 91B)
Class com.google.protobuf.CodedOutputStream$ArrayEncoder                              : loaded 2 times (x 110B)
Class com.google.wireless.android.sdk.stats.ProductDetails$ActiveExperimentOrBuilder  : loaded 2 times (x 70B)
Class com.google.wireless.android.sdk.stats.ScreenshotTestComposePreviewEvent         : loaded 2 times (x 202B)
Class com.google.wireless.android.sdk.stats.AdbAssistantStats                         : loaded 2 times (x 195B)
Class com.google.wireless.android.sdk.stats.GlassesPairingEvent                       : loaded 2 times (x 195B)
Class com.google.wireless.android.sdk.stats.SmlCompletionEvent                        : loaded 2 times (x 210B)
Class com.google.wireless.android.sdk.stats.ScreenshotTestComposePreviewEventOrBuilder: loaded 2 times (x 70B)
Class [Lorg.jetbrains.kotlin.protobuf.WireFormat$JavaType;                            : loaded 2 times (x 69B)
Class kotlin.reflect.jvm.internal.impl.name.CallableId$Companion                      : loaded 2 times (x 71B)
Class kotlin.reflect.jvm.internal.impl.metadata.ProtoBuf$VersionRequirement$Level$1   : loaded 2 times (x 74B)
Class kotlin.collections.AbstractMutableMap                                           : loaded 2 times (x 128B)
Class kotlin.reflect.jvm.internal.impl.load.java.lazy.descriptors.DeclaredMemberIndex : loaded 2 times (x 70B)
Class kotlin.reflect.jvm.internal.impl.load.java.lazy.types.JavaTypeFlexibility       : loaded 2 times (x 79B)
Class kotlin.reflect.jvm.internal.impl.resolve.scopes.DescriptorKindFilter$Companion$MaskToName: loaded 2 times (x 72B)
Class kotlin.reflect.jvm.internal.impl.metadata.ProtoBuf$Type$Argument$1              : loaded 2 times (x 87B)
Class kotlin.reflect.jvm.internal.impl.descriptors.impl.AbstractClassDescriptor$1     : loaded 2 times (x 77B)
Class kotlin.reflect.jvm.internal.impl.types.LazyWrappedType                          : loaded 2 times (x 85B)
Class kotlin.reflect.jvm.internal.impl.renderer.DescriptorRenderer$$Lambda$2          : loaded 2 times (x 75B)
Class androidx.lint.kotlin.metadata.internal.metadata.jvm.JvmProtoBuf$JvmFieldSignatureOrBuilder: loaded 2 times (x 70B)
Class kotlin.reflect.jvm.internal.impl.storage.MemoizedFunctionToNotNull              : loaded 2 times (x 70B)
Class kotlin.reflect.jvm.internal.impl.descriptors.runtime.components.RuntimeModuleData$Companion: loaded 2 times (x 71B)
Class androidx.lint.kotlin.metadata.internal.protobuf.Internal$EnumLiteMap            : loaded 2 times (x 70B)
Class androidx.lint.kotlin.metadata.internal.metadata.jvm.JvmProtoBuf$JvmMethodSignature$Builder: loaded 2 times (x 134B)
Class kotlin.collections.AbstractSet                                                  : loaded 2 times (x 135B)
Class androidx.lint.kotlin.metadata.KmPackage                                         : loaded 2 times (x 77B)
Class androidx.lint.kotlin.metadata.internal.metadata.deserialization.Flags$BooleanFlagField: loaded 2 times (x 76B)
Class org.gradle.internal.service.UnknownServiceException                             : loaded 2 times (x 83B)
Class [Lorg.objectweb.asm.AnnotationVisitor;                                          : loaded 2 times (x 69B)
Class jdk.internal.jimage.BasicImageReader$1                                          : loaded 2 times (x 77B)
Class com.google.common.util.concurrent.ListenableFuture                              : loaded 2 times (x 70B)
Class androidx.lint.kotlin.metadata.internal.metadata.deserialization.VersionRequirement$Companion$WhenMappings: loaded 2 times (x 71B)
Class androidx.lint.kotlin.metadata.internal.protobuf.WireFormat$FieldType$1          : loaded 2 times (x 83B)
Class org.jetbrains.kotlin.com.intellij.openapi.diagnostic.Logger$DefaultFactory      : loaded 2 times (x 74B)
Class jdk.internal.jrtfs.SystemImage                                                  : loaded 2 times (x 74B)
Class com.google.wireless.android.sdk.stats.EmulatorDetails                           : loaded 2 times (x 308B)
Class com.google.wireless.android.sdk.stats.TestRun                                   : loaded 2 times (x 223B)
Class com.google.wireless.android.sdk.stats.OptOutOfMetrics                           : loaded 2 times (x 193B)
Class com.google.wireless.android.sdk.stats.HypervisorOrBuilder                       : loaded 2 times (x 70B)
Class com.google.common.base.CaseFormat$2                                             : loaded 2 times (x 83B)
Class com.google.gson.Strictness                                                      : loaded 2 times (x 79B)
Class org.jetbrains.kotlin.cli.common.CompilerSystemProperties                        : loaded 2 times (x 80B)
Class kotlin.properties.NotNullVar                                                    : loaded 2 times (x 79B)
Class kotlinx.coroutines.ParentJob                                                    : loaded 2 times (x 70B)
Class kotlinx.coroutines.JobNode                                                      : loaded 2 times (x 86B)
Class [Lkotlin.reflect.jvm.internal.impl.metadata.ProtoBuf$VersionRequirement$VersionKind;: loaded 2 times (x 69B)
Class kotlin.reflect.jvm.internal.impl.descriptors.SimpleFunctionDescriptor           : loaded 2 times (x 70B)
Class kotlin.reflect.jvm.internal.impl.descriptors.runtime.components.ReflectJavaClassFinder: loaded 2 times (x 77B)
Class kotlin.reflect.jvm.internal.impl.load.java.typeEnhancement.AbstractSignatureParts$$Lambda$2: loaded 2 times (x 76B)
Class kotlin.reflect.jvm.internal.impl.load.java.lazy.types.JavaTypeAttributesKt      : loaded 2 times (x 71B)
Class kotlin.reflect.jvm.internal.impl.descriptors.TypeAliasDescriptor                : loaded 2 times (x 70B)
Class kotlin.reflect.jvm.internal.impl.protobuf.Internal$EnumLite                     : loaded 2 times (x 70B)
Class kotlin.reflect.jvm.internal.impl.descriptors.Visibilities$Public                : loaded 2 times (x 75B)
Class kotlin.reflect.jvm.internal.impl.descriptors.ReceiverParameterDescriptor        : loaded 2 times (x 70B)
Class kotlin.reflect.jvm.internal.impl.descriptors.impl.AbstractClassDescriptor$2     : loaded 2 times (x 77B)
Class kotlin.reflect.jvm.internal.impl.renderer.DescriptorRenderer$$Lambda$3          : loaded 2 times (x 75B)
Class kotlin.reflect.jvm.internal.impl.descriptors.SourceElement                      : loaded 2 times (x 70B)
Class kotlin.reflect.jvm.internal.impl.builtins.KotlinBuiltIns                        : loaded 2 times (x 114B)
Class com.android.tools.lint.model.LintModelSerialization                             : loaded 2 times (x 75B)
Class com.google.common.base.Functions$ConstantFunction                               : loaded 2 times (x 84B)
Class com.google.common.util.concurrent.AbstractFuture                                : loaded 2 times (x 106B)
Class androidx.lint.kotlin.metadata.internal.ReadContext                              : loaded 2 times (x 72B)
Class androidx.lint.kotlin.metadata.internal.metadata.ProtoBuf$Type$ArgumentOrBuilder : loaded 2 times (x 70B)
Class androidx.lint.kotlin.metadata.internal.metadata.ProtoBuf$PropertyOrBuilder      : loaded 2 times (x 70B)
Class [Landroidx.lint.kotlin.metadata.internal.protobuf.WireFormat$FieldType;         : loaded 2 times (x 69B)
Class androidx.lint.kotlin.metadata.internal.protobuf.WireFormat$FieldType$2          : loaded 2 times (x 83B)
Class org.jetbrains.kotlin.descriptors.Visibilities$Private                           : loaded 2 times (x 79B)
Class kotlin.reflect.jvm.internal.impl.util.ArrayMap                                  : loaded 2 times (x 82B)
Class kotlin.reflect.jvm.internal.impl.serialization.SerializerExtensionProtocol      : loaded 2 times (x 72B)
Class com.google.wireless.android.sdk.stats.CommitMetricsEvent                        : loaded 2 times (x 199B)
Class com.google.wireless.android.sdk.stats.ProjectViewDefaultViewEventOrBuilder      : loaded 2 times (x 70B)
Class com.google.wireless.android.sdk.stats.GradleBuildProfileOrBuilder               : loaded 2 times (x 70B)
Class kotlin.reflect.jvm.internal.impl.load.java.lazy.descriptors.LazyJavaPackageFragment$$Lambda$0: loaded 2 times (x 76B)
Class com.google.common.io.CharStreams                                                : loaded 2 times (x 71B)
Class kotlin.reflect.jvm.internal.impl.serialization.deserialization.descriptors.DeserializedContainerSource: loaded 2 times (x 70B)
Class kotlin.reflect.jvm.internal.impl.types.checker.ClassicTypeSystemContext$DefaultImpls: loaded 2 times (x 71B)
Class kotlin.reflect.jvm.internal.impl.metadata.ProtoBuf$QualifiedNameTable$QualifiedNameOrBuilder: loaded 2 times (x 70B)
Class kotlin.reflect.jvm.internal.impl.builtins.BuiltInsPackageFragment               : loaded 2 times (x 70B)
Class kotlin.reflect.jvm.internal.impl.metadata.ProtoBuf$Package                      : loaded 2 times (x 104B)
Class kotlin.reflect.jvm.internal.impl.metadata.ProtoBuf$Constructor                  : loaded 2 times (x 104B)
Class kotlin.reflect.jvm.internal.impl.descriptors.impl.AbstractClassDescriptor$3     : loaded 2 times (x 77B)
Class kotlin.reflect.jvm.internal.impl.types.model.TypeConstructorMarker              : loaded 2 times (x 70B)
Class kotlin.reflect.jvm.internal.impl.renderer.DescriptorRenderer$$Lambda$4          : loaded 2 times (x 75B)
Class kotlin.reflect.jvm.internal.impl.types.DefaultTypeAttributeTranslator           : loaded 2 times (x 74B)
Class kotlin.reflect.jvm.internal.impl.load.java.ErasedOverridabilityCondition        : loaded 2 times (x 75B)
Class kotlin.reflect.jvm.internal.impl.load.java.structure.LightClassOriginKind       : loaded 2 times (x 79B)
Class kotlin.coroutines.CoroutineContext$Key                                          : loaded 2 times (x 70B)
Class kotlin.reflect.jvm.internal.impl.load.java.lazy.descriptors.LazyJavaClassMemberScope$$Lambda$0: loaded 2 times (x 76B)
Class com.google.common.base.CaseFormat$StringConverter                               : loaded 2 times (x 90B)
Class kotlin.reflect.jvm.internal.impl.types.model.TypeSystemCommonSuperTypesContext  : loaded 2 times (x 70B)
Class androidx.lint.kotlin.metadata.KmEffectType                                      : loaded 2 times (x 79B)
Class androidx.lint.kotlin.metadata.KmAnnotation                                      : loaded 2 times (x 72B)
Class androidx.lint.kotlin.metadata.internal.metadata.jvm.deserialization.JvmNameResolverKt: loaded 2 times (x 71B)
Class androidx.lint.kotlin.metadata.internal.metadata.jvm.JvmProtoBuf$StringTableTypesOrBuilder: loaded 2 times (x 70B)
Class androidx.lint.kotlin.metadata.internal.protobuf.WireFormat$FieldType$3          : loaded 2 times (x 83B)
Class org.jetbrains.kotlin.metadata.ProtoBuf$VersionRequirement$VersionKind$1         : loaded 2 times (x 74B)
Class org.jetbrains.kotlin.metadata.ProtoBuf$Annotation$1                             : loaded 2 times (x 144B)
Class org.jetbrains.kotlin.protobuf.AbstractParser                                    : loaded 2 times (x 144B)
Class kotlin.reflect.jvm.internal.impl.load.java.SpecialGenericSignatures$TypeSafeBarrierDescription: loaded 2 times (x 79B)
Class com.google.common.collect.MapMakerInternalMap$Strength$2                        : loaded 2 times (x 80B)
Class com.google.protobuf.SingleFieldBuilderV3                                        : loaded 2 times (x 84B)
Class com.google.protobuf.IterableByteBufferInputStream                               : loaded 2 times (x 92B)
Class com.google.wireless.android.sdk.stats.SoongRunEvent                             : loaded 2 times (x 204B)
Class com.google.wireless.android.sdk.stats.GradleDaemonJvmCriteriaErrorEvent         : loaded 2 times (x 195B)
Class com.google.wireless.android.sdk.stats.DeviceManagerEvent                        : loaded 2 times (x 197B)
Class com.google.wireless.android.sdk.stats.StudioDeprecationNotificationEventOrBuilder: loaded 2 times (x 70B)
Class com.google.wireless.android.sdk.stats.StartupPerformanceFrameBecameVisibleEventOrBuilder: loaded 2 times (x 70B)
Class kotlin.reflect.jvm.internal.impl.descriptors.impl.FieldDescriptorImpl           : loaded 2 times (x 78B)
Class kotlin.reflect.jvm.internal.impl.descriptors.java.JavaVisibilities$ProtectedAndPackage: loaded 2 times (x 75B)
Class kotlin.reflect.jvm.internal.impl.types.CustomTypeParameter                      : loaded 2 times (x 70B)
Class kotlin.reflect.jvm.internal.impl.descriptors.runtime.structure.ReflectJavaMethod: loaded 2 times (x 121B)
Class kotlin.reflect.jvm.internal.impl.types.model.FlexibleTypeMarker                 : loaded 2 times (x 70B)
Class kotlin.reflect.jvm.internal.impl.load.java.FakePureImplementationsProvider      : loaded 2 times (x 71B)
Class kotlin.reflect.jvm.internal.impl.builtins.jvm.JvmBuiltInsSignatures             : loaded 2 times (x 71B)
Class [Lkotlin.reflect.jvm.internal.impl.metadata.ProtoBuf$Modality;                  : loaded 2 times (x 69B)
Class kotlin.reflect.jvm.internal.impl.metadata.deserialization.Flags$BooleanFlagField: loaded 2 times (x 75B)
Class kotlin.reflect.jvm.internal.impl.metadata.ProtoBuf$Annotation$Argument$Value    : loaded 2 times (x 98B)
Class kotlin.reflect.jvm.internal.impl.protobuf.LazyFieldLite                         : loaded 2 times (x 76B)
Class kotlin.reflect.jvm.internal.impl.descriptors.PropertyGetterDescriptor           : loaded 2 times (x 70B)
Class kotlin.reflect.jvm.internal.impl.renderer.DescriptorRenderer$$Lambda$5          : loaded 2 times (x 75B)
Class kotlin.reflect.jvm.internal.impl.descriptors.impl.PackageFragmentDescriptorImpl : loaded 2 times (x 105B)
Class kotlin.reflect.jvm.internal.impl.builtins.jvm.JvmBuiltInsCustomizer             : loaded 2 times (x 81B)
Class com.google.wireless.android.sdk.stats.VirtualizationEvent                       : loaded 2 times (x 197B)
Class kotlinx.coroutines.scheduling.TasksKt                                           : loaded 2 times (x 71B)
Class org.jetbrains.kotlin.cli.common.CompilerSystemProperties$value$1                : loaded 2 times (x 125B)
Class kotlinx.coroutines.internal.SystemPropsKt__SystemPropsKt                        : loaded 2 times (x 71B)
Class kotlinx.coroutines.ChildJob                                                     : loaded 2 times (x 70B)
Class com.google.wireless.android.sdk.stats.StudioCrash                               : loaded 2 times (x 209B)
Class [Landroidx.lint.kotlin.metadata.internal.protobuf.Internal$EnumLite;            : loaded 2 times (x 69B)
Class com.google.wireless.android.sdk.stats.GarbageCollectionStats$1                  : loaded 2 times (x 151B)
Class jdk.internal.jimage.decompressor.Decompressor                                   : loaded 2 times (x 72B)
Class jdk.internal.jimage.ImageReader$Resource                                        : loaded 2 times (x 84B)
Class org.gradle.internal.service.ServiceLookupException                              : loaded 2 times (x 82B)
Class androidx.lint.kotlin.metadata.KmAnnotationArgument$StringValue                  : loaded 2 times (x 73B)
Class androidx.lint.kotlin.metadata.internal.protobuf.WireFormat$FieldType$4          : loaded 2 times (x 83B)
Class androidx.lint.kotlin.metadata.internal.protobuf.LiteralByteString               : loaded 2 times (x 112B)
Class [Lorg.jetbrains.kotlin.protobuf.Internal$EnumLite;                              : loaded 2 times (x 69B)
Class org.jetbrains.kotlin.com.intellij.openapi.diagnostic.LogLevel                   : loaded 2 times (x 79B)
Class com.google.protobuf.NioByteString                                               : loaded 2 times (x 104B)
Class com.google.wireless.android.sdk.stats.DeviceMirroringAbnormalAgentTermination   : loaded 2 times (x 197B)
Class com.google.wireless.android.sdk.stats.DeclarativeWatchFaceEvent                 : loaded 2 times (x 199B)
Class com.google.wireless.android.sdk.stats.InteractivePreviewEventOrBuilder          : loaded 2 times (x 70B)
Class com.google.wireless.android.sdk.stats.LintTooltipLinkEventOrBuilder             : loaded 2 times (x 70B)
Class com.google.wireless.android.sdk.stats.WindowsDefenderStatusOrBuilder            : loaded 2 times (x 70B)
Class com.google.protobuf.FieldSet$FieldDescriptorLite                                : loaded 2 times (x 70B)
Class com.google.protobuf.ExtensionLite                                               : loaded 2 times (x 77B)
Class com.google.common.collect.StandardTable                                         : loaded 2 times (x 124B)
Class [Lcom.android.resources.ResourceEnum;                                           : loaded 2 times (x 69B)
Class kotlin.reflect.jvm.internal.impl.resolve.OverridingUtil$OverrideCompatibilityInfo$Result: loaded 2 times (x 79B)
Class kotlin.reflect.jvm.internal.impl.load.java.UtilsKt                              : loaded 2 times (x 71B)
Class kotlin.reflect.jvm.internal.impl.descriptors.runtime.structure.ReflectJavaMember: loaded 2 times (x 111B)
Class kotlin.reflect.jvm.internal.impl.descriptors.impl.LazyPackageViewDescriptorImpl : loaded 2 times (x 102B)
Class kotlin.reflect.jvm.internal.impl.metadata.ProtoBuf$TypeTable                    : loaded 2 times (x 98B)
Class kotlin.reflect.jvm.internal.impl.protobuf.MessageLiteOrBuilder                  : loaded 2 times (x 70B)
Class kotlin.reflect.jvm.internal.impl.util.AbstractArrayMapOwner                     : loaded 2 times (x 81B)
Class kotlin.reflect.jvm.internal.impl.renderer.DescriptorRenderer$$Lambda$6          : loaded 2 times (x 75B)
Class kotlin.reflect.jvm.internal.impl.serialization.deserialization.AnnotationAndConstantLoader: loaded 2 times (x 70B)
Class kotlin.reflect.jvm.internal.impl.load.java.components.JavaPropertyInitializerEvaluator$DoNothing: loaded 2 times (x 74B)
Class [Lkotlin.reflect.jvm.internal.impl.load.java.ReportLevel;                       : loaded 2 times (x 69B)
Class kotlin.reflect.jvm.internal.impl.storage.LockBasedStorageManager$MapBasedMemoizedFunction: loaded 2 times (x 82B)
Class kotlin.reflect.jvm.internal.impl.storage.NotNullLazyValue                       : loaded 2 times (x 70B)
Class org.jetbrains.kotlin.cli.common.arguments.Argument                              : loaded 2 times (x 70B)
Class kotlinx.coroutines.scheduling.SchedulerCoroutineDispatcher                      : loaded 2 times (x 113B)
Class kotlinx.coroutines.ChildHandleNode                                              : loaded 2 times (x 90B)
Class org.jetbrains.kotlin.cli.common.CompilerSystemProperties$value$2                : loaded 2 times (x 125B)
Class org.jetbrains.kotlin.load.java.JvmAnnotationNames                               : loaded 2 times (x 71B)
Class com.android.tools.lint.model.LintModelBuildFeatures                             : loaded 2 times (x 70B)
Class com.google.common.collect.LinkedListMultimap$DistinctKeyIterator                : loaded 2 times (x 82B)
Class org.jetbrains.kotlin.metadata.jvm.deserialization.JvmNameResolverBase$Companion : loaded 2 times (x 71B)
Class com.google.common.collect.ImmutableSortedSet                                    : loaded 2 times (x 300B)
Class jdk.internal.jrtfs.JrtFileAttributes                                            : loaded 2 times (x 83B)
Class kotlin.sequences.SequencesKt___SequencesKt$sortedWith$1                         : loaded 2 times (x 75B)
Class com.google.common.collect.Lists$ReverseList                                     : loaded 2 times (x 200B)
Class org.gradle.internal.classloader.ClassLoaderFactory                              : loaded 2 times (x 70B)
Class org.jetbrains.kotlin.metadata.ProtoBuf$MemberKind                               : loaded 2 times (x 82B)
Class androidx.lint.kotlin.metadata.KmEffectExpression                                : loaded 2 times (x 72B)
Class [Landroidx.lint.kotlin.metadata.KmVariance;                                     : loaded 2 times (x 69B)
Class androidx.lint.kotlin.metadata.internal.protobuf.MessageLite                     : loaded 2 times (x 70B)
Class org.jetbrains.kotlin.cli.common.arguments.ArgumentParseErrors                   : loaded 2 times (x 72B)
Class com.google.protobuf.UnsafeUtil                                                  : loaded 2 times (x 71B)
Class com.google.wireless.android.sdk.stats.CreateDiagnosticReportAction              : loaded 2 times (x 195B)
Class com.google.wireless.android.sdk.stats.ComposeMultiPreviewEvent                  : loaded 2 times (x 201B)
Class com.google.wireless.android.sdk.stats.IntelliJNewUISwitch                       : loaded 2 times (x 197B)
Class com.google.wireless.android.sdk.stats.SmlCompletionRequestErrorEventOrBuilder   : loaded 2 times (x 70B)
Class com.google.wireless.android.sdk.stats.StudioProjectChangeOrBuilder              : loaded 2 times (x 70B)
Class kotlin.jvm.internal.EnumCompanionObject                                         : loaded 2 times (x 71B)
Class kotlin.reflect.jvm.internal.impl.descriptors.impl.PropertyAccessorDescriptorImpl: loaded 2 times (x 189B)
Class kotlin.reflect.jvm.internal.impl.descriptors.impl.TypeAliasConstructorDescriptor: loaded 2 times (x 70B)
Class kotlin.reflect.jvm.internal.impl.util.EmptyArrayMap$iterator$1                  : loaded 2 times (x 78B)
Class [Lkotlin.reflect.jvm.internal.impl.descriptors.Named;                           : loaded 2 times (x 69B)
Class kotlin.reflect.jvm.internal.impl.metadata.ProtoBuf$TypeTable$1                  : loaded 2 times (x 87B)
Class kotlin.reflect.jvm.internal.impl.protobuf.WireFormat$FieldType                  : loaded 2 times (x 83B)
Class kotlin.reflect.jvm.internal.impl.types.error.ErrorScopeKind                     : loaded 2 times (x 79B)
Class kotlin.reflect.jvm.internal.impl.descriptors.FunctionDescriptor$CopyBuilder     : loaded 2 times (x 70B)
Class kotlin.reflect.jvm.internal.impl.types.error.ErrorModuleDescriptor$$Lambda$0    : loaded 2 times (x 75B)
Class kotlin.reflect.jvm.internal.impl.renderer.KeywordStringsGenerated               : loaded 2 times (x 71B)
Class kotlin.reflect.jvm.internal.impl.renderer.DescriptorRenderer$$Lambda$7          : loaded 2 times (x 75B)
Class kotlin.reflect.jvm.internal.impl.renderer.ClassifierNamePolicy$SOURCE_CODE_QUALIFIED: loaded 2 times (x 74B)
Class org.jetbrains.kotlin.metadata.jvm.deserialization.ClassMapperLite               : loaded 2 times (x 71B)
Class androidx.lint.kotlin.metadata.internal.protobuf.SmallSortedMap$1                : loaded 2 times (x 130B)
Class androidx.lint.kotlin.metadata.internal.metadata.ProtoBuf$TypeTableOrBuilder     : loaded 2 times (x 70B)
Class com.google.devtools.ksp.symbol.KSExpectActual                                   : loaded 2 times (x 70B)
Class androidx.lint.kotlin.metadata.internal.metadata.ProtoBuf$VersionRequirement$Level$1: loaded 2 times (x 74B)
Class org.gradle.internal.service.CachingServiceLocator                               : loaded 2 times (x 82B)
Class [Landroidx.lint.kotlin.metadata.internal.metadata.ProtoBuf$Modality;            : loaded 2 times (x 69B)
Class androidx.lint.kotlin.metadata.internal.metadata.ProtoBuf$Annotation$Argument$1  : loaded 2 times (x 144B)
Class androidx.lint.kotlin.metadata.jvm.internal.JvmTypeExtension                     : loaded 2 times (x 78B)
Class androidx.lint.kotlin.metadata.internal.extensions.ExtensionNodesKt              : loaded 2 times (x 71B)
Class androidx.lint.kotlin.metadata.internal.metadata.ProtoBuf$Type$Argument$Projection$1: loaded 2 times (x 74B)
Class androidx.lint.kotlin.metadata.internal.metadata.ProtoBuf$Package$1              : loaded 2 times (x 144B)
Class org.jetbrains.kotlin.descriptors.Visibilities$Public                            : loaded 2 times (x 79B)
Class org.gradle.api.internal.ClassPathProvider                                       : loaded 2 times (x 70B)
Class org.jetbrains.kotlin.protobuf.ExtensionRegistryLite$ObjectIntPair               : loaded 2 times (x 72B)
Class org.jetbrains.kotlin.metadata.ProtoBuf$Class$1                                  : loaded 2 times (x 144B)
Class org.jetbrains.kotlin.load.kotlin.header.ReadKotlinClassHeaderAnnotationVisitor$KotlinMetadataArgumentVisitor$1: loaded 2 times (x 85B)
Class [Lorg.gradle.api.internal.ClassPathProvider;                                    : loaded 2 times (x 69B)
Class com.google.wireless.android.sdk.stats.StartupPerformanceCodeLoadedAndVisibleInEditor: loaded 2 times (x 207B)
Class com.google.wireless.android.sdk.stats.ConnectionAssistantEvent                  : loaded 2 times (x 199B)
Class com.google.wireless.android.sdk.stats.ProjectViewDefaultViewEvent               : loaded 2 times (x 195B)
Class com.google.wireless.android.sdk.stats.ManifestMergerStats                       : loaded 2 times (x 203B)
Class com.google.wireless.android.sdk.stats.GradleJdkConfigurationEventOrBuilder      : loaded 2 times (x 70B)
Class com.google.wireless.android.sdk.stats.ComposeSampleEventOrBuilder               : loaded 2 times (x 70B)
Class com.google.wireless.android.sdk.stats.BackupAndSyncEventOrBuilder               : loaded 2 times (x 70B)
Class com.android.utils.DateProvider                                                  : loaded 2 times (x 70B)
Class com.google.common.base.CaseFormat$1                                             : loaded 2 times (x 83B)
Class kotlin.jvm.internal.Intrinsics$Kotlin                                           : loaded 2 times (x 71B)
Class kotlin.reflect.jvm.internal.impl.serialization.deserialization.descriptors.DeserializedMemberScope$OptimizedImplementation$computeDescriptors$1$1: loaded 2 times (x 75B)
Class kotlin.reflect.jvm.internal.impl.types.AnnotationsTypeAttributeKt               : loaded 2 times (x 71B)
Class kotlin.reflect.jvm.internal.impl.load.kotlin.KotlinJvmBinaryClass               : loaded 2 times (x 70B)
Class kotlin.reflect.jvm.internal.impl.descriptors.impl.CompositePackageFragmentProvider: loaded 2 times (x 80B)
Class kotlin.reflect.jvm.internal.impl.metadata.ProtoBuf$Contract                     : loaded 2 times (x 98B)
Class kotlin.reflect.jvm.internal.impl.descriptors.impl.PropertyDescriptorImpl        : loaded 2 times (x 204B)
Class kotlin.reflect.jvm.internal.impl.descriptors.Visibilities$Unknown               : loaded 2 times (x 75B)
Class kotlin.reflect.jvm.internal.impl.renderer.DescriptorRenderer$$Lambda$8          : loaded 2 times (x 75B)
Class kotlin.reflect.jvm.internal.impl.serialization.deserialization.DeserializationComponents: loaded 2 times (x 72B)
Class kotlin.reflect.jvm.internal.impl.types.checker.KotlinTypeChecker                : loaded 2 times (x 70B)
Class kotlin.reflect.jvm.internal.impl.descriptors.runtime.components.ReflectKotlinClassFinder: loaded 2 times (x 79B)
Class kotlin.collections.AbstractMap                                                  : loaded 2 times (x 122B)
Class it.unimi.dsi.fastutil.ints.IntListIterator                                      : loaded 2 times (x 70B)
Class [Lcom.google.common.base.Function;                                              : loaded 2 times (x 69B)
Class it.unimi.dsi.fastutil.objects.AbstractObjectCollection                          : loaded 2 times (x 143B)
Class it.unimi.dsi.fastutil.ints.IntIterable                                          : loaded 2 times (x 70B)
Class it.unimi.dsi.fastutil.ints.IntSet                                               : loaded 2 times (x 70B)
Class kotlin.collections.AbstractList$SubList                                         : loaded 2 times (x 198B)
Class com.google.common.collect.Streams                                               : loaded 2 times (x 71B)
Class com.google.common.collect.RegularImmutableSortedSet                             : loaded 2 times (x 300B)
Class androidx.lint.kotlin.metadata.internal.metadata.ProtoBuf$Visibility             : loaded 2 times (x 82B)
Class androidx.lint.kotlin.metadata.internal.metadata.ProtoBuf$ValueParameterOrBuilder: loaded 2 times (x 70B)
Class org.jetbrains.kotlin.metadata.ProtoBuf$VersionRequirement$1                     : loaded 2 times (x 144B)
Class org.jetbrains.kotlin.metadata.jvm.JvmProtoBuf$StringTableTypes$Record$1         : loaded 2 times (x 144B)
Class org.jetbrains.kotlin.load.kotlin.header.ReadKotlinClassHeaderAnnotationVisitor$KotlinMetadataArgumentVisitor$2: loaded 2 times (x 85B)
Class org.jetbrains.kotlin.build.report.metrics.BuildTime                             : loaded 2 times (x 70B)
Class com.google.wireless.android.sdk.stats.StudioPatchUpdaterEvent                   : loaded 2 times (x 205B)
Class com.google.wireless.android.sdk.stats.GradleSyncIssue                           : loaded 2 times (x 199B)
Class com.google.wireless.android.sdk.stats.ComposeMultiPreviewEventOrBuilder         : loaded 2 times (x 70B)
Class kotlin.coroutines.ContinuationInterceptor$DefaultImpls                          : loaded 2 times (x 71B)
Class com.google.common.collect.MapMakerInternalMap$InternalEntry                     : loaded 2 times (x 70B)
Class kotlin.reflect.jvm.internal.impl.metadata.jvm.JvmProtoBuf$StringTableTypes$1    : loaded 2 times (x 87B)
Class kotlin.reflect.jvm.internal.impl.types.checker.KotlinTypePreparator$Default     : loaded 2 times (x 73B)
Class kotlin.reflect.jvm.internal.impl.builtins.jvm.JvmBuiltIns$Settings              : loaded 2 times (x 72B)
Class kotlin.reflect.jvm.internal.impl.metadata.deserialization.ProtoTypeTableUtilKt  : loaded 2 times (x 71B)
Class kotlin.reflect.jvm.internal.impl.serialization.deserialization.TypeDeserializer$$Lambda$0: loaded 2 times (x 76B)
Class kotlin.reflect.jvm.internal.impl.protobuf.MessageLite$Builder                   : loaded 2 times (x 70B)
Class kotlin.reflect.jvm.internal.impl.descriptors.Visibilities$Local                 : loaded 2 times (x 75B)
Class kotlin.reflect.jvm.internal.impl.descriptors.CallableMemberDescriptor$Kind      : loaded 2 times (x 79B)
Class kotlin.reflect.jvm.internal.impl.renderer.DescriptorRenderer$$Lambda$9          : loaded 2 times (x 75B)
Class kotlin.reflect.jvm.internal.impl.descriptors.CallableDescriptor                 : loaded 2 times (x 70B)
Class kotlin.reflect.jvm.internal.impl.load.java.Jsr305Settings$$Lambda$0             : loaded 2 times (x 76B)
Class kotlin.reflect.jvm.internal.impl.protobuf.FieldSet$FieldDescriptorLite          : loaded 2 times (x 70B)
Class kotlin.reflect.jvm.internal.impl.metadata.ProtoBuf$VersionRequirementTable$1    : loaded 2 times (x 87B)
Class kotlin.reflect.jvm.internal.impl.load.java.JavaClassFinder$$Util                : loaded 2 times (x 71B)
Class kotlin.reflect.jvm.internal.impl.name.FqName$Companion                          : loaded 2 times (x 71B)
Class kotlin.coroutines.AbstractCoroutineContextElement                               : loaded 2 times (x 89B)
Class kotlin.reflect.jvm.internal.impl.load.java.lazy.descriptors.JvmPackageScope$$Lambda$0: loaded 2 times (x 76B)
Class androidx.lint.kotlin.metadata.internal.metadata.jvm.JvmProtoBuf$JvmPropertySignature$1: loaded 2 times (x 144B)
Class androidx.lint.kotlin.metadata.internal.protobuf.LazyFieldLite                   : loaded 2 times (x 82B)
Class org.jetbrains.kotlin.metadata.ProtoBuf$TypeParameterOrBuilder                   : loaded 2 times (x 70B)
Class org.jetbrains.kotlin.metadata.ProtoBuf$Property                                 : loaded 2 times (x 172B)
Class kotlin.reflect.jvm.internal.impl.descriptors.DeserializedDescriptor             : loaded 2 times (x 70B)
Class org.jetbrains.kotlin.name.FqName                                                : loaded 2 times (x 72B)
Class kotlin.reflect.jvm.internal.impl.serialization.deserialization.descriptors.DeserializedClassDescriptor$memberScopeHolder$1: loaded 2 times (x 125B)
Class org.jetbrains.kotlin.build.report.metrics.DoNothingBuildMetricsReporter         : loaded 2 times (x 86B)
Class com.google.wireless.android.sdk.stats.AdbUsageEvent                             : loaded 2 times (x 204B)
Class com.google.wireless.android.sdk.stats.DeviceConnectedNotificationEvent          : loaded 2 times (x 203B)
Class com.google.wireless.android.sdk.stats.BuildOutputWindowStats                    : loaded 2 times (x 199B)
Class com.google.wireless.android.sdk.stats.DeviceConnectedNotificationEventOrBuilder : loaded 2 times (x 70B)
Class kotlin.reflect.jvm.internal.impl.load.java.structure.JavaTypeParameter          : loaded 2 times (x 70B)
Class kotlin.reflect.jvm.internal.impl.serialization.deserialization.descriptors.DeserializedMemberScope$OptimizedImplementation$$Lambda$0: loaded 2 times (x 76B)
Class kotlin.reflect.jvm.internal.impl.serialization.deserialization.TypeDeserializer$$Lambda$1: loaded 2 times (x 76B)
Class kotlin.reflect.jvm.internal.impl.serialization.deserialization.TypeDeserializer : loaded 2 times (x 72B)
Class kotlin.reflect.jvm.internal.impl.protobuf.ProtocolStringList                    : loaded 2 times (x 70B)
Class kotlin.reflect.jvm.internal.impl.descriptors.PropertyDescriptor                 : loaded 2 times (x 70B)
Class kotlin.reflect.jvm.internal.impl.renderer.DescriptorRenderer$ValueParametersHandler: loaded 2 times (x 70B)
Class kotlin.reflect.jvm.internal.impl.storage.LockBasedStorageManager$LockBasedLazyValue: loaded 2 times (x 81B)
Class kotlin.reflect.jvm.internal.impl.serialization.deserialization.builtins.BuiltInsResourceLoader: loaded 2 times (x 72B)
Class kotlin.sequences.DropWhileSequence                                              : loaded 2 times (x 75B)
Class kotlin.reflect.jvm.internal.impl.load.java.lazy.types.JavaTypeAttributes        : loaded 2 times (x 77B)
Class kotlinx.coroutines.CompletionStateKt                                            : loaded 2 times (x 71B)
Class com.android.sdklib.AndroidVersion$PreviewType                                   : loaded 2 times (x 79B)
Class com.android.prefs.LocationValue                                                 : loaded 2 times (x 70B)
Class kotlin.sequences.SequencesKt__SequencesKt$sequenceOf$$inlined$Sequence$1        : loaded 2 times (x 75B)
Class com.google.common.base.Predicates                                               : loaded 2 times (x 71B)
Class [Lkotlin.reflect.jvm.internal.impl.load.java.typeEnhancement.MutabilityQualifier;: loaded 2 times (x 69B)
Class androidx.lint.kotlin.metadata.KmProperty                                        : loaded 2 times (x 72B)
Class androidx.lint.kotlin.metadata.KmClassifier                                      : loaded 2 times (x 71B)
Class org.jetbrains.kotlin.metadata.jvm.deserialization.UtfEncodingKt                 : loaded 2 times (x 71B)
Class org.jetbrains.kotlin.metadata.jvm.JvmProtoBuf$JvmFieldSignature$1               : loaded 2 times (x 144B)
Class org.jetbrains.kotlin.metadata.ProtoBuf$TypeTable                                : loaded 2 times (x 109B)
Class org.jetbrains.kotlin.metadata.jvm.JvmProtoBuf$JvmMethodSignature                : loaded 2 times (x 108B)
Class org.jetbrains.kotlin.protobuf.MessageLiteOrBuilder                              : loaded 2 times (x 70B)
Class org.jetbrains.kotlin.load.kotlin.header.ReadKotlinClassHeaderAnnotationVisitor$KotlinMetadataArgumentVisitor: loaded 2 times (x 86B)
Class org.jetbrains.kotlin.name.ClassId$Companion                                     : loaded 2 times (x 71B)
Class com.google.wireless.android.sdk.stats.StudioDeprecationNotificationEvent        : loaded 2 times (x 197B)
Class com.google.wireless.android.sdk.stats.StudioUpdateFlowEvent                     : loaded 2 times (x 204B)
Class com.google.wireless.android.sdk.stats.ResourceManagerEventOrBuilder             : loaded 2 times (x 70B)
Class com.google.wireless.android.sdk.stats.LldbSessionEndDetailsOrBuilder            : loaded 2 times (x 70B)
Class com.google.wireless.android.sdk.stats.AndroidStudioEvent$TemplatesUsageOrBuilder: loaded 2 times (x 70B)
Class kotlin.reflect.jvm.internal.impl.descriptors.impl.ModuleAwareClassDescriptorKt  : loaded 2 times (x 71B)
Class com.android.tools.analytics.AnalyticsSettingsData$DataTypeAdapter               : loaded 2 times (x 73B)
Class kotlin.reflect.jvm.internal.impl.types.IntersectionTypeConstructor              : loaded 2 times (x 82B)
Class com.google.common.io.CharSource$ConcatenatedCharSource                          : loaded 2 times (x 86B)
Class kotlin.reflect.jvm.internal.impl.resolve.scopes.receivers.ImplicitClassReceiver : loaded 2 times (x 82B)
Class kotlin.reflect.jvm.internal.impl.resolve.scopes.SubstitutingScope$$Lambda$0     : loaded 2 times (x 76B)
Class kotlin.reflect.jvm.internal.impl.serialization.deserialization.TypeDeserializer$$Lambda$2: loaded 2 times (x 76B)
Class kotlin.reflect.jvm.internal.impl.serialization.deserialization.descriptors.DeserializedClassDescriptor$DeserializedClassMemberScope$$Lambda$0: loaded 2 times (x 76B)
Class kotlin.reflect.jvm.internal.impl.serialization.deserialization.descriptors.DeserializedMemberScope$OptimizedImplementation$$Lambda$1: loaded 2 times (x 76B)
Class kotlin.reflect.jvm.internal.impl.descriptors.runtime.components.PackagePartScopeCache: loaded 2 times (x 72B)
Class kotlin.reflect.jvm.internal.impl.metadata.ProtoBuf$Annotation$Argument$ValueOrBuilder: loaded 2 times (x 70B)
Class kotlin.reflect.jvm.internal.impl.serialization.deserialization.AnnotationDeserializer: loaded 2 times (x 72B)
Class kotlin.reflect.jvm.internal.impl.load.java.components.SignaturePropagator       : loaded 2 times (x 70B)
Class kotlin.reflect.jvm.internal.impl.metadata.deserialization.MetadataVersion       : loaded 2 times (x 72B)
Class kotlin.reflect.jvm.internal.impl.load.kotlin.DeserializationComponentsForJava$Companion: loaded 2 times (x 71B)
Class com.google.common.collect.MapMakerInternalMap$Strength$1                        : loaded 2 times (x 80B)
Class kotlinx.coroutines.CoroutineDispatcher                                          : loaded 2 times (x 100B)
Class [Lorg.jetbrains.kotlin.cli.common.CompilerSystemProperties;                     : loaded 2 times (x 69B)
Class com.google.gson.JsonParseException                                              : loaded 2 times (x 82B)
Class com.android.tools.lint.model.DefaultLintModelJavaLibrary                        : loaded 2 times (x 103B)
Class com.android.prefs.PathLocator                                                   : loaded 2 times (x 73B)
Class kotlin.ranges.LongRange$Companion                                               : loaded 2 times (x 71B)
Class androidx.lint.kotlin.metadata.internal.metadata.deserialization.VersionRequirement$Version$Companion: loaded 2 times (x 71B)
Class androidx.lint.kotlin.metadata.internal.metadata.deserialization.VersionRequirement: loaded 2 times (x 72B)
Class androidx.lint.kotlin.metadata.internal.metadata.deserialization.ProtoTypeTableUtilKt: loaded 2 times (x 71B)
Class androidx.lint.kotlin.metadata.internal.extensions.KmExtension                   : loaded 2 times (x 70B)
Class org.jetbrains.kotlin.metadata.ProtoBuf$AnnotationOrBuilder                      : loaded 2 times (x 70B)
Class org.jetbrains.kotlin.protobuf.WireFormat$FieldType                              : loaded 2 times (x 83B)
Class org.jetbrains.kotlin.com.intellij.openapi.diagnostic.Logger$Factory             : loaded 2 times (x 70B)
Class org.jetbrains.kotlin.load.kotlin.FileBasedKotlinClass                           : loaded 2 times (x 88B)
Class com.google.wireless.android.sdk.stats.AutoImportEvent                           : loaded 2 times (x 197B)
Class com.google.wireless.android.sdk.stats.ServerPushNotificationEvent               : loaded 2 times (x 204B)
Class com.google.wireless.android.sdk.stats.StudioLabsEvent                           : loaded 2 times (x 195B)
Class com.google.wireless.android.sdk.stats.KotlinProjectConfigurationOrBuilder       : loaded 2 times (x 70B)
Class kotlin.collections.builders.MapBuilder$ValuesItr                                : loaded 2 times (x 81B)
Class kotlin.reflect.jvm.internal.impl.resolve.ExternalOverridabilityCondition$Result : loaded 2 times (x 79B)
Class kotlin.reflect.jvm.internal.impl.resolve.scopes.SubstitutingScope$$Lambda$1     : loaded 2 times (x 76B)
Class kotlin.reflect.jvm.internal.impl.load.java.structure.JavaClassifierType         : loaded 2 times (x 70B)
Class kotlin.reflect.jvm.internal.impl.resolve.scopes.InnerClassesScopeWrapper        : loaded 2 times (x 93B)
Class kotlin.reflect.jvm.internal.impl.serialization.deserialization.descriptors.DeserializedClassDescriptor$DeserializedClassMemberScope$$Lambda$1: loaded 2 times (x 76B)
Class [Lkotlin.reflect.jvm.internal.impl.metadata.ProtoBuf$MemberKind;                : loaded 2 times (x 69B)
Class kotlin.reflect.jvm.internal.impl.descriptors.runtime.components.ReflectJavaClassFinderKt: loaded 2 times (x 71B)
Class kotlin.reflect.jvm.internal.impl.serialization.deserialization.descriptors.DeserializedMemberScope$OptimizedImplementation$$Lambda$2: loaded 2 times (x 76B)
Class kotlin.reflect.jvm.internal.impl.metadata.ProtoBuf$Annotation$Argument          : loaded 2 times (x 98B)
Class kotlin.reflect.jvm.internal.impl.protobuf.GeneratedMessageLite$Builder          : loaded 2 times (x 89B)
Class kotlin.reflect.jvm.internal.impl.metadata.ProtoBuf$TypeParameter$Variance       : loaded 2 times (x 82B)
Class kotlin.reflect.jvm.internal.impl.metadata.ProtoBuf$Type                         : loaded 2 times (x 104B)
Class kotlin.reflect.jvm.internal.impl.protobuf.AbstractMessageLite                   : loaded 2 times (x 93B)
Class kotlin.reflect.jvm.internal.impl.descriptors.VariableAccessorDescriptor         : loaded 2 times (x 70B)
Class kotlin.reflect.jvm.internal.impl.load.kotlin.header.KotlinClassHeader$Kind      : loaded 2 times (x 79B)
Class kotlin.reflect.jvm.internal.impl.descriptors.annotations.AnnotatedImpl          : loaded 2 times (x 76B)
Class kotlin.reflect.jvm.internal.impl.types.model.SimpleTypeMarker                   : loaded 2 times (x 70B)
Class kotlin.reflect.jvm.internal.impl.serialization.deserialization.ErrorReporter    : loaded 2 times (x 70B)
Class com.android.Version                                                             : loaded 2 times (x 71B)
Class com.google.protobuf.AbstractMessage                                             : loaded 2 times (x 164B)
Class com.android.sdklib.AndroidVersion                                               : loaded 2 times (x 75B)
Class com.android.tools.lint.model.LintModelLibraryResolver                           : loaded 2 times (x 70B)
Class kotlin.text.MatchResult$DefaultImpls                                            : loaded 2 times (x 71B)
Class com.android.tools.lint.model.LintModelSerialization$LintModelSerializationAdapter: loaded 2 times (x 70B)
Class com.google.common.collect.Maps$EntryFunction                                    : loaded 2 times (x 91B)
Class jdk.internal.jimage.ImageBufferCache                                            : loaded 2 times (x 71B)
Class jdk.internal.jrtfs.JrtPath                                                      : loaded 2 times (x 118B)
Class org.gradle.internal.classloader.ClasspathUtil                                   : loaded 2 times (x 71B)
Class androidx.lint.kotlin.metadata.internal.metadata.jvm.deserialization.JvmMemberSignature$Field: loaded 2 times (x 75B)
Class androidx.lint.kotlin.metadata.internal.metadata.jvm.JvmProtoBuf                 : loaded 2 times (x 71B)
Class org.jetbrains.kotlin.metadata.ProtoBuf$TypeAlias                                : loaded 2 times (x 140B)
Class [Lorg.jetbrains.kotlin.metadata.ProtoBuf$TypeParameter$Variance;                : loaded 2 times (x 69B)
Class org.jetbrains.kotlin.metadata.ProtoBuf$Constructor                              : loaded 2 times (x 130B)
Class org.jetbrains.kotlin.metadata.jvm.deserialization.JvmMemberSignature            : loaded 2 times (x 74B)
Class org.jetbrains.kotlin.load.kotlin.header.KotlinClassHeader$Kind                  : loaded 2 times (x 79B)
Class org.jetbrains.kotlin.load.kotlin.KotlinJvmBinaryClass$AnnotationArgumentVisitor : loaded 2 times (x 70B)
Class com.google.wireless.android.sdk.stats.ApplyChangesAgentErrorOrBuilder           : loaded 2 times (x 70B)
Class org.jetbrains.kotlin.cli.common.arguments.ParseCommandLineArgumentsKt           : loaded 2 times (x 71B)
Class com.google.wireless.android.sdk.stats.NavSafeArgsEventOrBuilder                 : loaded 2 times (x 70B)
Class com.google.wireless.android.sdk.stats.LayoutInspectorEventOrBuilder             : loaded 2 times (x 70B)
Class com.google.wireless.android.sdk.stats.UIActionStatsOrBuilder                    : loaded 2 times (x 70B)
Class com.google.common.base.Charsets                                                 : loaded 2 times (x 71B)
Class kotlin.collections.builders.SetBuilder                                          : loaded 2 times (x 143B)
Class kotlin.reflect.jvm.internal.impl.resolve.ExternalOverridabilityCondition$Contract: loaded 2 times (x 79B)
Class kotlin.reflect.jvm.internal.CreateKCallableVisitor                              : loaded 2 times (x 104B)
Class kotlin.reflect.jvm.internal.impl.metadata.ProtoBuf$VersionRequirement$Level     : loaded 2 times (x 82B)
Class kotlin.reflect.jvm.internal.impl.metadata.jvm.JvmProtoBuf$JvmMethodSignature$Builder: loaded 2 times (x 91B)
Class kotlin.reflect.jvm.internal.impl.load.java.sources.JavaSourceElement            : loaded 2 times (x 70B)
Class kotlin.reflect.jvm.internal.impl.load.kotlin.SignatureBuildingComponents        : loaded 2 times (x 71B)
Class kotlin.reflect.jvm.internal.impl.serialization.deserialization.descriptors.DeserializedClassDescriptor$DeserializedClassMemberScope$$Lambda$2: loaded 2 times (x 76B)
Class kotlin.reflect.jvm.internal.impl.load.java.lazy.descriptors.LazyJavaPackageScope$KotlinClassLookupResult$NotFound: loaded 2 times (x 71B)
Class kotlin.reflect.jvm.internal.impl.serialization.deserialization.descriptors.DeserializedMemberScope$OptimizedImplementation$$Lambda$3: loaded 2 times (x 76B)
Class kotlin.reflect.jvm.internal.impl.metadata.ProtoBuf$QualifiedNameTable$QualifiedName$1: loaded 2 times (x 87B)
Class kotlin.reflect.jvm.internal.impl.metadata.ProtoBuf$QualifiedNameTable           : loaded 2 times (x 98B)
Class kotlin.reflect.jvm.internal.impl.metadata.jvm.JvmProtoBuf$JvmFieldSignatureOrBuilder: loaded 2 times (x 70B)
Class [Lkotlin.reflect.jvm.internal.impl.types.error.ErrorScopeKind;                  : loaded 2 times (x 69B)
Class kotlin.reflect.jvm.internal.impl.resolve.scopes.MemberScope                     : loaded 2 times (x 70B)
Class kotlin.reflect.jvm.internal.impl.storage.StorageKt                              : loaded 2 times (x 71B)
Class com.google.wireless.android.sdk.stats.SmlRagEventOrBuilder                      : loaded 2 times (x 70B)
Class kotlinx.coroutines.NonDisposableHandle                                          : loaded 2 times (x 78B)
Class it.unimi.dsi.fastutil.Hash                                                      : loaded 2 times (x 70B)
Class com.google.wireless.android.sdk.stats.AdvertiserNotificationEventOrBuilder      : loaded 2 times (x 70B)
Class com.android.tools.lint.model.DefaultLintModelModuleLibrary                      : loaded 2 times (x 93B)
Class com.google.common.collect.Maps$3                                                : loaded 2 times (x 82B)
Class com.google.common.util.concurrent.Uninterruptibles                              : loaded 2 times (x 71B)
Class androidx.lint.kotlin.metadata.KmClass                                           : loaded 2 times (x 77B)
Class [Landroidx.lint.kotlin.metadata.internal.metadata.ProtoBuf$VersionRequirement$Level;: loaded 2 times (x 69B)
Class androidx.lint.kotlin.metadata.KmFunction                                        : loaded 2 times (x 72B)
Class androidx.lint.kotlin.metadata.internal.metadata.ProtoBuf$Annotation             : loaded 2 times (x 109B)
Class androidx.lint.kotlin.metadata.internal.metadata.deserialization.BinaryVersion   : loaded 2 times (x 74B)
Class org.jetbrains.kotlin.metadata.jvm.JvmProtoBuf$JvmMethodSignature$Builder        : loaded 2 times (x 134B)
Class org.jetbrains.kotlin.metadata.ProtoBuf$VersionRequirementTableOrBuilder         : loaded 2 times (x 70B)
Class org.jetbrains.kotlin.metadata.jvm.JvmProtoBuf$JvmFieldSignatureOrBuilder        : loaded 2 times (x 70B)
Class org.jetbrains.org.objectweb.asm.ModuleVisitor                                   : loaded 2 times (x 81B)
Class com.google.protobuf.ByteString$2                                                : loaded 2 times (x 91B)
Class com.android.tools.analytics.HostData$garbageCollectorBeans$2                    : loaded 2 times (x 78B)
Class com.google.wireless.android.sdk.stats.UserSentiment                             : loaded 2 times (x 197B)
Class com.google.wireless.android.sdk.stats.MultiViewEvent                            : loaded 2 times (x 199B)
Class com.google.wireless.android.sdk.stats.LldbSessionStartDetails                   : loaded 2 times (x 211B)
Class com.google.wireless.android.sdk.stats.IntelliJNewUIState                        : loaded 2 times (x 195B)
Class com.google.wireless.android.sdk.stats.FirebaseManagementEventOrBuilder          : loaded 2 times (x 70B)
Class com.google.wireless.android.sdk.stats.ResizeComposePreviewEventOrBuilder        : loaded 2 times (x 70B)
Class com.google.wireless.android.sdk.stats.ParallelAndroidTestReportUiEventOrBuilder : loaded 2 times (x 70B)
Class com.google.wireless.android.sdk.stats.LiveEditEventOrBuilder                    : loaded 2 times (x 70B)
Class com.google.wireless.android.sdk.stats.RunFinishDataOrBuilder                    : loaded 2 times (x 70B)
Class com.android.tools.analytics.UsageTracker                                        : loaded 2 times (x 71B)
Class com.google.common.collect.HashBasedTable$Factory                                : loaded 2 times (x 79B)
Class com.google.common.io.CharSource                                                 : loaded 2 times (x 85B)
Class kotlin.reflect.jvm.internal.impl.load.kotlin.header.ReadKotlinClassHeaderAnnotationVisitor$CollectStringArrayAnnotationVisitor: loaded 2 times (x 85B)
Class kotlin.reflect.jvm.internal.impl.types.checker.ClassicTypeSystemContext         : loaded 2 times (x 70B)
Class kotlin.reflect.jvm.internal.impl.types.TypeUsage                                : loaded 2 times (x 79B)
Class kotlin.reflect.jvm.internal.impl.serialization.deserialization.descriptors.DeserializedMemberScope$OptimizedImplementation$$Lambda$4: loaded 2 times (x 76B)
Class kotlin.reflect.jvm.internal.impl.descriptors.DelegatedDescriptorVisibility      : loaded 2 times (x 76B)
Class [Lkotlin.reflect.jvm.internal.impl.load.kotlin.header.KotlinClassHeader$Kind;   : loaded 2 times (x 69B)
Class com.google.wireless.android.sdk.stats.BuildOutputDownloadsInfoEventOrBuilder    : loaded 2 times (x 70B)
Class kotlin.reflect.jvm.internal.KClassImpl$$Lambda$0                                : loaded 2 times (x 76B)
Class com.google.wireless.android.sdk.stats.ModelProviderEvent                        : loaded 2 times (x 197B)
Class com.google.wireless.android.sdk.stats.EmulatorPerformanceStats                  : loaded 2 times (x 214B)
Class com.google.wireless.android.sdk.stats.BuildOutputDownloadsInfoEvent             : loaded 2 times (x 201B)
Class it.unimi.dsi.fastutil.ints.IntList                                              : loaded 2 times (x 70B)
Class kotlin.sequences.DistinctSequence                                               : loaded 2 times (x 75B)
Class com.android.tools.analytics.HostDataKt                                          : loaded 2 times (x 71B)
Class com.google.wireless.android.sdk.stats.ProductDetails$1                          : loaded 2 times (x 151B)
Class com.google.common.util.concurrent.LazyLogger                                    : loaded 2 times (x 72B)
Class org.gradle.api.specs.Spec                                                       : loaded 2 times (x 70B)
Class [Landroidx.lint.kotlin.metadata.KmEffectInvocationKind;                         : loaded 2 times (x 69B)
Class androidx.lint.kotlin.metadata.KmEffectInvocationKind                            : loaded 2 times (x 79B)
Class org.jetbrains.kotlin.load.kotlin.header.KotlinClassHeader                       : loaded 2 times (x 72B)
Class org.jetbrains.kotlin.name.Name                                                  : loaded 2 times (x 75B)
Class com.google.wireless.android.sdk.stats.EmulatorHost                              : loaded 2 times (x 221B)
Class com.google.wireless.android.sdk.stats.LintAction                                : loaded 2 times (x 205B)
Class com.google.wireless.android.sdk.stats.StudioPerformanceStats                    : loaded 2 times (x 209B)
Class com.google.wireless.android.sdk.stats.MotionLayoutEditorEvent                   : loaded 2 times (x 195B)
Class com.google.protobuf.LazyStringArrayList                                         : loaded 2 times (x 314B)
Class com.google.wireless.android.sdk.stats.StartupPerformanceFrameBecameInteractiveEventOrBuilder: loaded 2 times (x 70B)
Class com.google.wireless.android.sdk.stats.GoogleLoginPluginEventOrBuilder           : loaded 2 times (x 70B)
Class com.google.wireless.android.sdk.stats.LayoutEditorEventOrBuilder                : loaded 2 times (x 70B)
Class [Lcom.google.protobuf.ProtocolMessageEnum;                                      : loaded 2 times (x 69B)
Class com.google.common.collect.MapMaker                                              : loaded 2 times (x 72B)
Class kotlin.reflect.jvm.internal.impl.metadata.ProtoBuf$Expression$ConstantValue     : loaded 2 times (x 82B)
Class [Lkotlin.reflect.jvm.internal.impl.metadata.ProtoBuf$VersionRequirement$Level;  : loaded 2 times (x 69B)
Class kotlin.reflect.jvm.internal.impl.metadata.jvm.JvmProtoBuf$StringTableTypes$RecordOrBuilder: loaded 2 times (x 70B)
Class kotlin.reflect.jvm.internal.impl.metadata.jvm.deserialization.JvmNameResolver   : loaded 2 times (x 80B)
Class kotlin.jvm.internal.KTypeBase                                                   : loaded 2 times (x 70B)
Class kotlin.reflect.jvm.internal.impl.types.DelegatingSimpleType                     : loaded 2 times (x 94B)
Class kotlin.reflect.jvm.internal.impl.types.AbstractClassTypeConstructor             : loaded 2 times (x 97B)
Class kotlin.reflect.jvm.internal.impl.descriptors.PackageFragmentDescriptor          : loaded 2 times (x 70B)
Class kotlin.reflect.jvm.internal.impl.resolve.constants.UnsignedValueConstant        : loaded 2 times (x 74B)
Class kotlin.reflect.jvm.internal.impl.load.java.NullabilityAnnotationStatesImpl$$Lambda$0: loaded 2 times (x 76B)
Class com.google.wireless.android.sdk.stats.ProductDetails$ActiveExperiment           : loaded 2 times (x 199B)
Class kotlin.reflect.jvm.internal.CachesKt$$Lambda$0                                  : loaded 2 times (x 75B)
Class org.jetbrains.kotlin.protobuf.ExtensionRegistryLite                             : loaded 2 times (x 74B)
Class org.jetbrains.kotlin.metadata.jvm.JvmProtoBuf$JvmFieldSignature                 : loaded 2 times (x 108B)
Class org.jetbrains.kotlin.metadata.ProtoBuf$Modality                                 : loaded 2 times (x 82B)
Class androidx.lint.kotlin.metadata.internal.extensions.KmExtensionType               : loaded 2 times (x 72B)
Class com.android.tools.lint.model.LintModelExternalLibrary                           : loaded 2 times (x 70B)
Class com.google.common.collect.MultimapBuilder$ListMultimapBuilder                   : loaded 2 times (x 75B)
Class jdk.internal.jimage.ImageReader$SharedImageReader$LocationVisitor               : loaded 2 times (x 70B)
Class androidx.lint.kotlin.metadata.jvm.internal.JvmTypeExtension$Companion           : loaded 2 times (x 71B)
Class androidx.lint.kotlin.metadata.internal.protobuf.ExtensionRegistryLite           : loaded 2 times (x 74B)
Class org.jetbrains.kotlin.metadata.deserialization.Flags                             : loaded 2 times (x 71B)
Class org.jetbrains.kotlin.metadata.ProtoBuf$TypeTable$1                              : loaded 2 times (x 144B)
Class org.jetbrains.org.objectweb.asm.Symbol                                          : loaded 2 times (x 73B)
Class com.google.wireless.android.sdk.stats.StartupPerformanceFirstUiShownEvent       : loaded 2 times (x 197B)
Class com.google.wireless.android.sdk.stats.UpgradeAndroidStudioDialogStats           : loaded 2 times (x 195B)
Class com.google.wireless.android.sdk.stats.AndroidProfilerEvent                      : loaded 2 times (x 285B)
Class com.google.wireless.android.sdk.stats.DesignEditorHelpPanelEventOrBuilder       : loaded 2 times (x 70B)
Class com.google.wireless.android.sdk.stats.GeminiAdvertiserEventOrBuilder            : loaded 2 times (x 70B)
Class com.google.protobuf.UninitializedMessageException                               : loaded 2 times (x 84B)
Class com.android.tools.analytics.AnonymousUsageTrackerWriter                         : loaded 2 times (x 83B)
Class kotlin.reflect.jvm.internal.impl.metadata.jvm.deserialization.JvmMemberSignature: loaded 2 times (x 72B)
Class kotlin.reflect.jvm.internal.impl.load.java.lazy.descriptors.LazyJavaClassMemberScope: loaded 2 times (x 105B)
Class kotlin.reflect.jvm.internal.impl.types.AbstractTypeRefiner                      : loaded 2 times (x 72B)
Class kotlin.reflect.jvm.internal.impl.load.java.lazy.JavaResolverComponents          : loaded 2 times (x 72B)
Class [Landroidx.lint.kotlin.metadata.internal.metadata.ProtoBuf$Effect$InvocationKind;: loaded 2 times (x 69B)
Class kotlin.reflect.jvm.internal.CachesKt$$Lambda$1                                  : loaded 2 times (x 75B)
Class androidx.lint.kotlin.metadata.internal.extensions.KmTypeExtension               : loaded 2 times (x 70B)
Class kotlinx.coroutines.CoroutineContextKt                                           : loaded 2 times (x 71B)
Class it.unimi.dsi.fastutil.HashCommon                                                : loaded 2 times (x 71B)
Class androidx.lint.kotlin.metadata.jvm.JvmMemberSignature                            : loaded 2 times (x 73B)
Class com.android.tools.lint.model.LintModelVariant                                   : loaded 2 times (x 70B)
Class androidx.lint.kotlin.metadata.internal.metadata.deserialization.Flags           : loaded 2 times (x 71B)
Class org.gradle.api.internal.DefaultClassPathProvider                                : loaded 2 times (x 76B)
Class com.google.common.collect.Sets$3$1                                              : loaded 2 times (x 82B)
Class androidx.lint.kotlin.metadata.KmPropertyAccessorAttributes                      : loaded 2 times (x 71B)
Class [Landroidx.lint.kotlin.metadata.KmVersionRequirementLevel;                      : loaded 2 times (x 69B)
Class androidx.lint.kotlin.metadata.jvm.JvmMetadataVersion                            : loaded 2 times (x 74B)
Class androidx.lint.kotlin.metadata.internal.metadata.ProtoBuf$Type                   : loaded 2 times (x 145B)
Class com.google.common.collect.ImmutableSet$SerializedForm                           : loaded 2 times (x 73B)
Class org.jetbrains.kotlin.metadata.ProtoBuf$Function                                 : loaded 2 times (x 161B)
Class com.android.ide.common.gradle.Numeric                                           : loaded 2 times (x 77B)
Class kotlin.reflect.jvm.internal.KCallableImpl                                       : loaded 2 times (x 105B)
Class com.google.protobuf.GeneratedMessageV3$1                                        : loaded 2 times (x 78B)
Class com.google.wireless.android.sdk.stats.SurveyResponse                            : loaded 2 times (x 200B)
Class com.google.wireless.android.sdk.stats.BackupUsageEvent                          : loaded 2 times (x 202B)
Class com.google.wireless.android.sdk.stats.LogcatUsageEvent                          : loaded 2 times (x 211B)
Class com.google.wireless.android.sdk.stats.OomDialogEventOrBuilder                   : loaded 2 times (x 70B)
Class kotlin.reflect.jvm.internal.impl.types.UnwrappedType                            : loaded 2 times (x 85B)
Class kotlin.reflect.jvm.internal.impl.resolve.ExternalOverridabilityCondition        : loaded 2 times (x 70B)
Class com.google.common.io.LineReader$1                                               : loaded 2 times (x 75B)
Class kotlin.reflect.jvm.internal.impl.metadata.ProtoBuf$VersionRequirement$VersionKind: loaded 2 times (x 82B)
Class kotlin.reflect.jvm.internal.impl.metadata.ProtoBuf$VersionRequirement           : loaded 2 times (x 98B)
Class kotlin.reflect.jvm.internal.impl.serialization.deserialization.descriptors.DeserializedCallableMemberDescriptor: loaded 2 times (x 70B)
Class kotlin.reflect.jvm.internal.impl.descriptors.impl.SimpleFunctionDescriptorImpl  : loaded 2 times (x 201B)
Class kotlin.reflect.jvm.internal.impl.descriptors.runtime.components.ReflectKotlinClassFinderKt: loaded 2 times (x 71B)
Class kotlin.reflect.jvm.internal.impl.serialization.deserialization.builtins.BuiltInsPackageFragmentImpl: loaded 2 times (x 111B)
Class kotlin.reflect.jvm.internal.impl.descriptors.impl.ModuleDependenciesImpl        : loaded 2 times (x 77B)
Class kotlin.reflect.jvm.internal.impl.resolve.jvm.SyntheticJavaPartsProvider$Companion: loaded 2 times (x 71B)
Class kotlin.reflect.jvm.internal.impl.resolve.jvm.SyntheticJavaPartsProvider         : loaded 2 times (x 70B)
Class kotlin.reflect.jvm.internal.impl.load.java.JavaTypeEnhancementState$Companion   : loaded 2 times (x 71B)
Class kotlin.reflect.jvm.internal.impl.builtins.jvm.JvmBuiltIns$WhenMappings          : loaded 2 times (x 71B)
Class kotlin.reflect.jvm.internal.impl.renderer.DescriptorRenderer                    : loaded 2 times (x 78B)
Class kotlin.reflect.jvm.internal.CachesKt$$Lambda$2                                  : loaded 2 times (x 75B)
Class kotlinx.coroutines.internal.DispatchedContinuation                              : loaded 2 times (x 89B)
Class kotlinx.coroutines.internal.Symbol                                              : loaded 2 times (x 72B)
Class [Lcom.android.tools.lint.model.LintModelArtifactType;                           : loaded 2 times (x 69B)
Class com.android.tools.lint.model.LintModelMavenName                                 : loaded 2 times (x 70B)
Class com.google.common.collect.CollectSpliterators                                   : loaded 2 times (x 71B)
Class kotlin.reflect.jvm.internal.impl.descriptors.impl.ModuleAwareClassDescriptor$Companion: loaded 2 times (x 71B)
Class kotlin.collections.MapWithDefaultImpl                                           : loaded 2 times (x 125B)
Class jdk.internal.jimage.decompressor.ResourceDecompressorRepository                 : loaded 2 times (x 71B)
Class com.google.common.reflect.Invokable$MethodInvokable                             : loaded 2 times (x 107B)
Class androidx.lint.kotlin.metadata.internal.metadata.deserialization.VersionRequirementTable$Companion: loaded 2 times (x 71B)
Class androidx.lint.kotlin.metadata.jvm.internal.JvmPackageExtension$Companion        : loaded 2 times (x 71B)
Class androidx.lint.kotlin.metadata.jvm.internal.JvmPackageExtension                  : loaded 2 times (x 77B)
Class androidx.lint.kotlin.metadata.internal.protobuf.WireFormat                      : loaded 2 times (x 71B)
Class kotlin.reflect.jvm.internal.impl.metadata.ProtoBuf$TypeParameter$Variance$1     : loaded 2 times (x 74B)
Class org.jetbrains.kotlin.metadata.ProtoBuf$VersionRequirementTable                  : loaded 2 times (x 107B)
Class org.jetbrains.kotlin.protobuf.LazyField                                         : loaded 2 times (x 83B)
Class org.jetbrains.kotlin.load.kotlin.header.ReadKotlinClassHeaderAnnotationVisitor  : loaded 2 times (x 80B)
Class kotlin.reflect.jvm.internal.impl.protobuf.ExtensionRegistryLite$ObjectIntPair   : loaded 2 times (x 72B)
Class kotlin.reflect.jvm.internal.impl.load.java.lazy.ContextKt$$Lambda$0             : loaded 2 times (x 76B)
Class com.google.wireless.android.sdk.stats.AndroidProfilerDbStatsOrBuilder           : loaded 2 times (x 70B)
Class com.google.wireless.android.sdk.stats.StopEvent                                 : loaded 2 times (x 207B)
Class com.google.wireless.android.sdk.stats.LintTooltipLinkEvent                      : loaded 2 times (x 200B)
Class com.google.wireless.android.sdk.stats.WindowsDefenderStatus                     : loaded 2 times (x 197B)
Class com.google.wireless.android.sdk.stats.IntelliJNewUIStateOrBuilder               : loaded 2 times (x 70B)
Class com.google.wireless.android.sdk.stats.LldbSessionStartDetailsOrBuilder          : loaded 2 times (x 70B)
Class com.google.wireless.android.sdk.stats.MultiViewEventOrBuilder                   : loaded 2 times (x 70B)
Class com.google.protobuf.Internal$LongList                                           : loaded 2 times (x 70B)
Class com.google.gson.JsonIOException                                                 : loaded 2 times (x 82B)
Class kotlin.reflect.jvm.internal.calls.CallerImpl$Method$Instance                    : loaded 2 times (x 85B)
Class kotlin.jvm.internal.CharCompanionObject                                         : loaded 2 times (x 71B)
Class com.google.wireless.android.sdk.stats.OptOutOfMetricsOrBuilder                  : loaded 2 times (x 70B)
Class com.google.wireless.android.sdk.stats.ResourceManagerEvent                      : loaded 2 times (x 197B)
Class kotlin.reflect.jvm.internal.calls.CallerImpl$Companion                          : loaded 2 times (x 71B)
Class [Lkotlin.reflect.jvm.internal.impl.descriptors.DeclarationDescriptorWithSource; : loaded 2 times (x 69B)
Class kotlin.reflect.jvm.internal.impl.protobuf.GeneratedMessageLite$ExtendableMessage$ExtensionWriter: loaded 2 times (x 73B)
Class kotlin.reflect.jvm.internal.impl.metadata.builtins.ReadPackageFragmentKt        : loaded 2 times (x 71B)
Class kotlin.reflect.jvm.internal.impl.descriptors.PackageFragmentProviderKt          : loaded 2 times (x 71B)
Class kotlin.reflect.jvm.internal.impl.serialization.deserialization.ClassDeserializer$Companion: loaded 2 times (x 71B)
Class kotlin.reflect.jvm.internal.impl.protobuf.ByteString$ByteIterator               : loaded 2 times (x 70B)
Class kotlin.reflect.jvm.internal.impl.resolve.constants.ShortValue                   : loaded 2 times (x 74B)
Class com.google.wireless.android.sdk.stats.UserTierUpgradeEvent                      : loaded 2 times (x 202B)
Class kotlin.reflect.jvm.internal.CachesKt$$Lambda$3                                  : loaded 2 times (x 75B)
Class com.android.tools.lint.model.LintModelLibrary                                   : loaded 2 times (x 70B)
Class com.google.wireless.android.sdk.stats.StartupPerformanceFrameBecameInteractiveEvent: loaded 2 times (x 195B)
Class com.google.devtools.ksp.symbol.KSNode                                           : loaded 2 times (x 70B)
Class jdk.internal.jimage.ImageReader$Directory                                       : loaded 2 times (x 84B)
Class kotlin.io.FilePathComponents                                                    : loaded 2 times (x 72B)
Class com.google.devtools.ksp.processing.KspGradleLogger$Companion                    : loaded 2 times (x 71B)
Class [Lorg.objectweb.asm.AnnotationWriter;                                           : loaded 2 times (x 69B)
Class com.google.wireless.android.sdk.stats.DialogStats                               : loaded 2 times (x 199B)
Class org.jetbrains.kotlin.metadata.ProtoBuf$TypeParameter$1                          : loaded 2 times (x 144B)
Class org.jetbrains.kotlin.protobuf.CodedOutputStream$ByteBufferOutputStream          : loaded 2 times (x 86B)
Class androidx.lint.kotlin.metadata.internal.metadata.ProtoBuf$TypeTable              : loaded 2 times (x 109B)
Class com.google.wireless.android.sdk.stats.UiDeviceSettingsEvent                     : loaded 2 times (x 195B)
Class com.google.wireless.android.sdk.stats.StudioCoreGeminiActionsEventOrBuilder     : loaded 2 times (x 70B)
Class com.google.wireless.android.sdk.stats.DialogStatsOrBuilder                      : loaded 2 times (x 70B)
Class com.google.protobuf.InvalidProtocolBufferException                              : loaded 2 times (x 88B)
Class kotlin.collections.ArraysKt___ArraysKt$asIterable$$inlined$Iterable$1           : loaded 2 times (x 79B)
Class androidx.lint.kotlin.metadata.internal.protobuf.GeneratedMessageLite$1          : loaded 2 times (x 71B)
Class kotlin.collections.MutableMapWithDefaultImpl                                    : loaded 2 times (x 144B)
Class kotlin.reflect.jvm.internal.impl.utils.SmartSet$SingletonIterator               : loaded 2 times (x 81B)
Class kotlin.reflect.jvm.internal.impl.resolve.calls.inference.CapturedTypeConstructorKt: loaded 2 times (x 71B)
Class kotlin.reflect.jvm.internal.impl.types.model.TypeParameterMarker                : loaded 2 times (x 70B)
Class kotlin.reflect.jvm.internal.impl.metadata.deserialization.Flags$FlagField       : loaded 2 times (x 73B)
Class androidx.lint.kotlin.metadata.internal.protobuf.UninitializedMessageException   : loaded 2 times (x 84B)
Class kotlin.reflect.jvm.internal.impl.descriptors.impl.VariableDescriptorImpl        : loaded 2 times (x 145B)
Class kotlin.reflect.jvm.internal.impl.descriptors.ClassConstructorDescriptor         : loaded 2 times (x 70B)
Class kotlin.reflect.jvm.internal.impl.renderer.OverrideRenderingPolicy               : loaded 2 times (x 79B)
Class kotlin.reflect.jvm.internal.impl.builtins.ReflectionTypes$$Lambda$0             : loaded 2 times (x 76B)
Class kotlin.reflect.jvm.internal.impl.utils.WrappedValues$1                          : loaded 2 times (x 71B)
Class kotlin.reflect.jvm.internal.impl.descriptors.Named                              : loaded 2 times (x 70B)
Class kotlin.reflect.jvm.internal.impl.descriptors.deserialization.PlatformDependentDeclarationFilter: loaded 2 times (x 70B)
Class androidx.lint.kotlin.metadata.internal.protobuf.RopeByteString                  : loaded 2 times (x 110B)
Class kotlin.reflect.jvm.internal.CachesKt$$Lambda$4                                  : loaded 2 times (x 75B)
Class com.google.common.collect.CollectSpliterators$1WithCharacteristics              : loaded 2 times (x 90B)
Class com.android.utils.EnvironmentProvider                                           : loaded 2 times (x 70B)
Class kotlinx.coroutines.DebugKt                                                      : loaded 2 times (x 71B)
Class com.google.common.base.Predicates$CompositionPredicate                          : loaded 2 times (x 88B)
Class com.google.common.collect.Maps$9                                                : loaded 2 times (x 76B)
Class com.google.common.collect.Lists$ReverseList$1                                   : loaded 2 times (x 99B)
Class com.google.common.cache.LocalCache$StrongValueReference                         : loaded 2 times (x 90B)
Class androidx.lint.kotlin.metadata.internal.metadata.ProtoBuf$TypeParameterOrBuilder : loaded 2 times (x 70B)
Class androidx.lint.kotlin.metadata.internal.metadata.jvm.deserialization.JvmProtoBufUtil: loaded 2 times (x 71B)
Class androidx.compose.lint.KotlinMetadataUtilsKt                                     : loaded 2 times (x 71B)
Class org.jetbrains.kotlin.metadata.deserialization.BinaryVersion$Companion           : loaded 2 times (x 71B)
Class kotlin.coroutines.ContinuationInterceptor                                       : loaded 2 times (x 70B)
Class com.google.wireless.android.sdk.stats.NextEditPredictionEvent                   : loaded 2 times (x 213B)
Class com.google.wireless.android.sdk.stats.GradleBuildProfile                        : loaded 2 times (x 248B)
Class com.google.wireless.android.sdk.stats.StartupPerformanceFirstUiShownEventOrBuilder: loaded 2 times (x 70B)
Class com.google.wireless.android.sdk.stats.TestRecorderDetailsOrBuilder              : loaded 2 times (x 70B)
Class com.google.protobuf.Extension                                                   : loaded 2 times (x 85B)
Class com.google.protobuf.MessageOrBuilder                                            : loaded 2 times (x 70B)
Class kotlin.reflect.jvm.internal.impl.SpecialJvmAnnotations                          : loaded 2 times (x 71B)
Class kotlin.reflect.jvm.internal.JvmFunctionSignature$KotlinFunction                 : loaded 2 times (x 73B)
Class kotlin.reflect.jvm.internal.impl.metadata.jvm.deserialization.ClassMapperLite   : loaded 2 times (x 71B)
Class kotlin.reflect.jvm.internal.impl.metadata.jvm.deserialization.UtfEncodingKt     : loaded 2 times (x 71B)
Class kotlin.reflect.jvm.internal.impl.descriptors.runtime.components.ReflectKotlinClass$Factory: loaded 2 times (x 71B)
Class kotlin.reflect.jvm.internal.impl.descriptors.impl.AbstractLazyTypeParameterDescriptor: loaded 2 times (x 124B)
Class [Lkotlin.reflect.jvm.internal.impl.metadata.ProtoBuf$Visibility;                : loaded 2 times (x 69B)
Class kotlin.reflect.jvm.internal.impl.serialization.deserialization.DeserializationConfiguration: loaded 2 times (x 70B)
Class kotlin.reflect.jvm.internal.impl.descriptors.NotFoundClasses$$Lambda$0          : loaded 2 times (x 76B)
Class kotlin.reflect.jvm.internal.impl.load.kotlin.header.KotlinClassHeader$Kind$Companion: loaded 2 times (x 71B)
Class kotlin.reflect.jvm.internal.impl.load.java.typeEnhancement.JavaTypeEnhancement  : loaded 2 times (x 72B)
Class it.unimi.dsi.fastutil.ints.AbstractIntSet                                       : loaded 2 times (x 233B)
Class kotlin.reflect.jvm.internal.impl.serialization.deserialization.ContractDeserializer$Companion$DEFAULT$1: loaded 2 times (x 74B)
Class kotlin.reflect.jvm.internal.impl.descriptors.Visibility                         : loaded 2 times (x 75B)
Class kotlin.reflect.jvm.internal.impl.metadata.jvm.JvmProtoBuf$JvmFieldSignature$1   : loaded 2 times (x 87B)
Class org.gradle.internal.classloader.VisitableURLClassLoader$InstrumentingVisitableURLClassLoader: loaded 2 times (x 123B)
Class androidx.lint.kotlin.metadata.KmVersionRequirement                              : loaded 2 times (x 72B)
Class org.jetbrains.kotlin.metadata.ProtoBuf$ClassOrBuilder                           : loaded 2 times (x 70B)
Class org.jetbrains.kotlin.metadata.ProtoBuf$ValueParameter                           : loaded 2 times (x 133B)
Class kotlin.reflect.jvm.internal.impl.builtins.jvm.JvmBuiltInClassDescriptorFactory$Companion: loaded 2 times (x 71B)
Class kotlin.reflect.jvm.internal.impl.load.java.typeEnhancement.SignatureParts       : loaded 2 times (x 91B)
Class kotlin.reflect.jvm.internal.impl.types.checker.SimpleClassicTypeSystemContext   : loaded 2 times (x 185B)
Class kotlin.reflect.jvm.internal.impl.load.java.typeEnhancement.TypeComponentPosition: loaded 2 times (x 79B)
Class com.android.ide.common.gradle.DEV                                               : loaded 2 times (x 77B)
Class com.google.wireless.android.sdk.stats.AndroidViewShowBuildFilesInModuleEvent    : loaded 2 times (x 195B)
Class com.google.wireless.android.sdk.stats.ComposePreviewLiteModeEvent               : loaded 2 times (x 197B)
Class com.google.wireless.android.sdk.stats.AdbServerState                            : loaded 2 times (x 203B)
Class com.google.wireless.android.sdk.stats.EditorPickerEvent                         : loaded 2 times (x 201B)
Class com.google.wireless.android.sdk.stats.ComposeDeployEventOrBuilder               : loaded 2 times (x 70B)
Class com.google.wireless.android.sdk.stats.FirebaseErrorDetailsOrBuilder             : loaded 2 times (x 70B)
Class com.google.wireless.android.sdk.stats.WhatsNewAssistantEventOrBuilder           : loaded 2 times (x 70B)
Class com.google.wireless.android.sdk.stats.AndroidStudioEventOrBuilder               : loaded 2 times (x 70B)
Class kotlin.collections.ReversedListReadOnly$listIterator$1                          : loaded 2 times (x 90B)
Class com.google.common.collect.MapMakerInternalMap$AbstractWeakKeyEntry              : loaded 2 times (x 87B)
Class kotlin.sequences.SequencesKt__SequencesKt$sequenceOf$1$1                        : loaded 2 times (x 79B)
Class kotlin.reflect.jvm.internal.impl.load.java.lazy.LazyJavaTypeParameterResolver   : loaded 2 times (x 75B)
Class kotlin.reflect.jvm.internal.impl.load.java.structure.JavaModifierListOwner      : loaded 2 times (x 70B)
Class kotlin.reflect.jvm.internal.impl.serialization.deserialization.NameResolverUtilKt: loaded 2 times (x 71B)
Class kotlin.reflect.jvm.internal.impl.metadata.ProtoBuf$EnumEntryOrBuilder           : loaded 2 times (x 70B)
Class kotlin.reflect.jvm.internal.impl.metadata.ProtoBuf$VersionRequirementTable      : loaded 2 times (x 98B)
Class [Lkotlin.reflect.jvm.internal.impl.renderer.PropertyAccessorRenderingPolicy;    : loaded 2 times (x 69B)
Class [Lkotlin.reflect.jvm.internal.impl.renderer.ParameterNameRenderingPolicy;       : loaded 2 times (x 69B)
Class kotlin.reflect.jvm.internal.impl.load.java.lazy.LazyJavaResolverContext         : loaded 2 times (x 72B)
Class kotlin.reflect.jvm.internal.impl.descriptors.NotFoundClasses$$Lambda$1          : loaded 2 times (x 76B)
Class com.google.common.io.Files$FileByteSink                                         : loaded 2 times (x 77B)
Class kotlin.reflect.jvm.internal.impl.load.kotlin.header.ReadKotlinClassHeaderAnnotationVisitor$KotlinMetadataArgumentVisitor$2: loaded 2 times (x 85B)
Class kotlin.reflect.jvm.internal.impl.metadata.jvm.deserialization.JvmNameResolverBase: loaded 2 times (x 80B)
Class kotlin.reflect.jvm.internal.impl.metadata.jvm.JvmProtoBuf$StringTableTypes$Record$Operation: loaded 2 times (x 82B)
Class kotlin.coroutines.CoroutineContext$Element$DefaultImpls                         : loaded 2 times (x 71B)
Class kotlinx.coroutines.Job$DefaultImpls                                             : loaded 2 times (x 71B)
Class com.google.wireless.android.sdk.stats.EditorCompletionStatsOrBuilder            : loaded 2 times (x 70B)
Class com.android.tools.lint.model.LintModelArtifactType                              : loaded 2 times (x 79B)
Class com.google.protobuf.Internal                                                    : loaded 2 times (x 71B)
Class com.google.common.collect.Maps$FilteredEntryMap$EntrySet                        : loaded 2 times (x 152B)
Class org.objectweb.asm.ByteVector                                                    : loaded 2 times (x 79B)
Class org.gradle.internal.classloader.VisitableURLClassLoader$Spec                    : loaded 2 times (x 74B)
Class org.gradle.internal.classpath.DefaultClassPath                                  : loaded 2 times (x 90B)
Class org.jetbrains.kotlin.metadata.ProtoBuf$EnumEntry                                : loaded 2 times (x 121B)
Class androidx.lint.kotlin.metadata.internal.metadata.ProtoBuf$MemberKind$1           : loaded 2 times (x 74B)
Class androidx.lint.kotlin.metadata.internal.metadata.ProtoBuf$VersionRequirement$VersionKind: loaded 2 times (x 82B)
Class org.jetbrains.kotlin.metadata.ProtoBuf$TypeAlias$1                              : loaded 2 times (x 144B)
Class org.jetbrains.kotlin.metadata.ProtoBuf$Annotation$Argument$ValueOrBuilder       : loaded 2 times (x 70B)
Class androidx.lint.kotlin.metadata.internal.protobuf.GeneratedMessageLite            : loaded 2 times (x 101B)
Class androidx.lint.kotlin.metadata.internal.extensions.MetadataExtensions            : loaded 2 times (x 70B)
Class androidx.lint.kotlin.metadata.internal.metadata.ProtoBuf$Effect$EffectType$1    : loaded 2 times (x 74B)
Class [Lorg.jetbrains.kotlin.build.report.metrics.GradleBuildTime;                    : loaded 2 times (x 69B)
Class com.google.protobuf.Utf8$Processor                                              : loaded 2 times (x 77B)
Class com.google.wireless.android.sdk.stats.AutoSyncSettingChangeEventOrBuilder       : loaded 2 times (x 70B)
Class com.google.wireless.android.sdk.stats.GcPauseEventOrBuilder                     : loaded 2 times (x 70B)
Class com.google.wireless.android.sdk.stats.GradleVersionCatalogDetectorEventOrBuilder: loaded 2 times (x 70B)
Class com.google.wireless.android.sdk.stats.TestScenarioEventOrBuilder                : loaded 2 times (x 70B)
Class com.google.wireless.android.sdk.stats.DeviceInfoOrBuilder                       : loaded 2 times (x 70B)
Class com.google.wireless.android.sdk.stats.OptInToMetricsOrBuilder                   : loaded 2 times (x 70B)
Class com.google.wireless.android.sdk.stats.StopEventOrBuilder                        : loaded 2 times (x 70B)
Class com.google.protobuf.Reader                                                      : loaded 2 times (x 70B)
Class [Lcom.google.wireless.android.sdk.stats.AndroidStudioEvent$IdeBrand;            : loaded 2 times (x 69B)
Class kotlin.reflect.jvm.internal.impl.types.checker.NewTypeVariableConstructor       : loaded 2 times (x 70B)
Class kotlin.reflect.jvm.internal.impl.descriptors.runtime.structure.ReflectJavaModifierListOwner: loaded 2 times (x 70B)
Class kotlin.reflect.jvm.internal.impl.load.kotlin.KotlinJvmBinaryClass$AnnotationArgumentVisitor: loaded 2 times (x 70B)
Class kotlin.reflect.jvm.internal.impl.types.TypeProjectionImpl                       : loaded 2 times (x 82B)
Class kotlin.reflect.jvm.internal.impl.protobuf.RopeByteString$RopeInputStream        : loaded 2 times (x 92B)
Class kotlin.reflect.jvm.internal.impl.protobuf.LazyStringList                        : loaded 2 times (x 70B)
Class kotlin.reflect.jvm.internal.impl.util.AttributeArrayOwner                       : loaded 2 times (x 82B)
Class kotlin.reflect.jvm.internal.impl.renderer.AnnotationArgumentsRenderingPolicy    : loaded 2 times (x 79B)
Class kotlin.reflect.jvm.internal.impl.types.TypeParameterUpperBoundEraser$Companion  : loaded 2 times (x 71B)
Class kotlin.reflect.jvm.internal.impl.load.kotlin.PackagePartProvider$Empty          : loaded 2 times (x 74B)
Class kotlin.reflect.jvm.internal.impl.descriptors.annotations.Annotations$Companion$EMPTY$1: loaded 2 times (x 84B)
Class kotlin.reflect.jvm.internal.impl.descriptors.runtime.components.RuntimeModuleData: loaded 2 times (x 72B)
Class it.unimi.dsi.fastutil.ints.IntArrays                                            : loaded 2 times (x 71B)
Class androidx.lint.kotlin.metadata.internal.BooleanFlagDelegate                      : loaded 2 times (x 72B)
Class kotlin.io.FileTreeWalk$FileTreeWalkIterator                                     : loaded 2 times (x 83B)
Class it.unimi.dsi.fastutil.Hash$Strategy                                             : loaded 2 times (x 70B)
Class kotlin.text.MatchGroup                                                          : loaded 2 times (x 72B)
Class com.android.tools.lint.model.LintModelDependencies                              : loaded 2 times (x 70B)
Class [Ldagger.hilt.processor.internal.optionvalues.GradleProjectType;                : loaded 2 times (x 69B)
Class com.google.common.collect.Maps$FilteredEntryMap                                 : loaded 2 times (x 128B)
Class jdk.internal.jimage.decompressor.ZipDecompressorFactory                         : loaded 2 times (x 74B)
Class com.google.devtools.ksp.processing.KspGradleLogger                              : loaded 2 times (x 79B)
Class org.objectweb.asm.Symbol                                                        : loaded 2 times (x 73B)
Class androidx.lint.kotlin.metadata.jvm.JvmMetadataUtil$annotationImpl$kotlin_Metadata$0: loaded 2 times (x 88B)
Class [Lcom.android.ide.common.repository.AgpVersion$PreviewKind;                     : loaded 2 times (x 69B)
Class org.jetbrains.kotlin.metadata.ProtoBuf$Visibility                               : loaded 2 times (x 82B)
Class org.jetbrains.kotlin.metadata.ProtoBuf$ConstructorOrBuilder                     : loaded 2 times (x 70B)
Class org.jetbrains.kotlin.metadata.jvm.JvmProtoBuf                                   : loaded 2 times (x 71B)
Class org.jetbrains.kotlin.metadata.jvm.deserialization.JvmMemberSignature$Field      : loaded 2 times (x 75B)
Class kotlin.annotation.Repeatable                                                    : loaded 2 times (x 70B)
Class com.google.wireless.android.sdk.stats.AndroidTestRetentionEvent                 : loaded 2 times (x 197B)
Class com.google.protobuf.AbstractMessage$BuilderParent                               : loaded 2 times (x 70B)
Class [Lcom.google.gson.Strictness;                                                   : loaded 2 times (x 69B)
Class com.google.common.io.Java8Compatibility                                         : loaded 2 times (x 71B)
Class [Lkotlin.reflect.jvm.internal.impl.resolve.ExternalOverridabilityCondition$Contract;: loaded 2 times (x 69B)
Class kotlin.UInt                                                                     : loaded 2 times (x 74B)
Class kotlin.reflect.jvm.internal.impl.metadata.ProtoBuf$Class$Kind$1                 : loaded 2 times (x 74B)
Class kotlin.reflect.jvm.internal.impl.load.java.JavaClassFinder$Request              : loaded 2 times (x 72B)
Class kotlin.reflect.jvm.internal.impl.protobuf.LazyStringArrayList                   : loaded 2 times (x 261B)
Class kotlin.reflect.jvm.internal.impl.builtins.jvm.JvmBuiltInsCustomizer$createMockJavaIoSerializableType$mockJavaIoPackageFragment$1: loaded 2 times (x 105B)
Class kotlin.reflect.jvm.internal.impl.storage.LockBasedStorageManager$CacheWithNotNullValuesBasedOnMemoizedFunction: loaded 2 times (x 86B)
Class kotlin.reflect.jvm.internal.impl.incremental.components.LookupLocation          : loaded 2 times (x 70B)
Class kotlin.reflect.jvm.internal.KProperty1Impl                                      : loaded 2 times (x 128B)
Class kotlin.reflect.jvm.internal.impl.serialization.deserialization.AnnotationLoader : loaded 2 times (x 70B)
Class kotlin.reflect.jvm.internal.impl.load.kotlin.JavaFlexibleTypeDeserializer       : loaded 2 times (x 74B)
Class kotlin.reflect.jvm.internal.impl.types.error.ErrorType                          : loaded 2 times (x 92B)
Class kotlin.reflect.jvm.internal.impl.types.error.ErrorTypeConstructor               : loaded 2 times (x 80B)
Class com.google.common.collect.Sets$FilteredSet                                      : loaded 2 times (x 137B)
Class org.gradle.internal.classloader.ClassLoaderSpec                                 : loaded 2 times (x 71B)
Class androidx.lint.kotlin.metadata.internal.metadata.jvm.JvmProtoBuf$JvmPropertySignature$Builder: loaded 2 times (x 141B)
Class androidx.lint.kotlin.metadata.internal.metadata.ProtoBuf$Effect$InvocationKind  : loaded 2 times (x 82B)
Class [Lkotlin.reflect.jvm.internal.impl.protobuf.WireFormat$FieldType;               : loaded 2 times (x 69B)
Class org.jetbrains.kotlin.protobuf.SmallSortedMap                                    : loaded 2 times (x 130B)
Class kotlin.reflect.jvm.internal.impl.metadata.ProtoBuf$Function$1                   : loaded 2 times (x 87B)
Class com.google.protobuf.ByteString                                                  : loaded 2 times (x 101B)
Class com.google.wireless.android.sdk.stats.SigningWizardEvent                        : loaded 2 times (x 203B)
Class com.google.wireless.android.sdk.stats.AppQualityInsightsUsageEventOrBuilder     : loaded 2 times (x 70B)
Class com.android.tools.analytics.Environment                                         : loaded 2 times (x 73B)
Class kotlin.jvm.internal.LongCompanionObject                                         : loaded 2 times (x 71B)
Class com.google.common.collect.AbstractMapBasedMultimap$1                            : loaded 2 times (x 84B)
Class kotlin.collections.ReversedListReadOnly                                         : loaded 2 times (x 198B)
Class com.google.common.io.ByteSource$EmptyByteSource                                 : loaded 2 times (x 85B)
Class kotlin.reflect.jvm.internal.impl.descriptors.runtime.structure.Java16SealedRecordLoader$Cache: loaded 2 times (x 72B)
Class kotlin.reflect.jvm.internal.impl.serialization.deserialization.DeserializedPackageFragmentImpl: loaded 2 times (x 109B)
Class kotlin.reflect.jvm.internal.impl.metadata.ProtoBuf$EnumEntry$1                  : loaded 2 times (x 87B)
Class kotlin.reflect.jvm.internal.impl.types.AbstractTypeConstructor$$Lambda$0        : loaded 2 times (x 76B)
Class kotlin.reflect.jvm.internal.impl.load.java.FieldOverridabilityCondition         : loaded 2 times (x 75B)
Class kotlin.reflect.jvm.internal.impl.types.checker.NewKotlinTypeChecker             : loaded 2 times (x 70B)
Class [Lkotlin.reflect.jvm.internal.impl.load.java.AnnotationQualifierApplicabilityType;: loaded 2 times (x 69B)
Class kotlin.reflect.jvm.internal.impl.load.java.NullabilityAnnotationStates          : loaded 2 times (x 70B)
Class kotlin.reflect.jvm.internal.impl.descriptors.impl.PackageViewDescriptorFactory  : loaded 2 times (x 70B)
Class it.unimi.dsi.fastutil.ints.IntArrays$ForkJoinQuickSortComp                      : loaded 2 times (x 96B)
Class kotlin.reflect.jvm.internal.impl.metadata.ProtoBuf$EnumEntry                    : loaded 2 times (x 104B)
Class kotlin.reflect.jvm.internal.impl.load.java.structure.JavaElement                : loaded 2 times (x 70B)
Class com.android.tools.lint.model.LintModelSerialization$LintModelSerializationFileAdapter: loaded 2 times (x 87B)
Class com.android.prefs.VariableType                                                  : loaded 2 times (x 79B)
Class kotlin.reflect.jvm.internal.impl.types.TypeAttributesKt                         : loaded 2 times (x 71B)
Class org.objectweb.asm.AnnotationWriter                                              : loaded 2 times (x 79B)
Class androidx.lint.kotlin.metadata.internal.metadata.ProtoBuf$Modality$1             : loaded 2 times (x 74B)
Class androidx.lint.kotlin.metadata.internal.metadata.ProtoBuf$ExpressionOrBuilder    : loaded 2 times (x 70B)
Class [Lkotlin.reflect.jvm.internal.impl.types.model.TypeParameterMarker;             : loaded 2 times (x 69B)
Class org.jetbrains.kotlin.protobuf.SmallSortedMap$EmptySet                           : loaded 2 times (x 71B)
Class org.jetbrains.kotlin.protobuf.MessageLite                                       : loaded 2 times (x 70B)
Class kotlin.reflect.jvm.internal.impl.load.kotlin.header.ReadKotlinClassHeaderAnnotationVisitor$KotlinMetadataArgumentVisitor$1: loaded 2 times (x 85B)
Class org.jetbrains.kotlin.load.kotlin.header.KotlinClassHeader$Kind$Companion        : loaded 2 times (x 71B)
Class com.android.sdklib.SdkVersionInfo                                               : loaded 2 times (x 71B)
Class com.android.tools.analytics.CommonMetricsData$GarbageCollectionStatsDiffs       : loaded 2 times (x 71B)
Class com.google.wireless.android.sdk.stats.AndroidStudioEvent$EventKind              : loaded 2 times (x 87B)
Class com.google.wireless.android.sdk.stats.ProductDetails                            : loaded 2 times (x 223B)
Class com.google.protobuf.Internal$ListAdapter$Converter                              : loaded 2 times (x 70B)
Class com.google.wireless.android.sdk.stats.AssetStudioWizardEventOrBuilder           : loaded 2 times (x 70B)
Class com.google.common.collect.MapMakerInternalMap$WeakKeyStrongValueEntry$LinkedWeakKeyStrongValueEntry: loaded 2 times (x 90B)
Class com.google.protobuf.UnknownFieldSet                                             : loaded 2 times (x 87B)
Class it.unimi.dsi.fastutil.objects.AbstractObject2IntMap                             : loaded 2 times (x 239B)
Class kotlin.reflect.jvm.internal.impl.load.java.BuiltinSpecialProperties             : loaded 2 times (x 71B)
Class kotlin.reflect.jvm.internal.impl.metadata.deserialization.VersionRequirementTable: loaded 2 times (x 72B)
Class kotlin.reflect.jvm.internal.impl.descriptors.impl.LazyPackageViewDescriptorImpl$$Lambda$0: loaded 2 times (x 76B)
Class kotlin.reflect.jvm.internal.impl.utils.WrappedValues$ThrowableWrapper           : loaded 2 times (x 72B)
Class kotlin.reflect.jvm.internal.impl.types.AbstractTypeConstructor$$Lambda$1        : loaded 2 times (x 75B)
Class [Lkotlin.reflect.jvm.internal.impl.renderer.OverrideRenderingPolicy;            : loaded 2 times (x 69B)
Class com.google.wireless.android.sdk.stats.PromptLibraryEventOrBuilder               : loaded 2 times (x 70B)
Class com.google.wireless.android.sdk.stats.SuppressedSyncEventOrBuilder              : loaded 2 times (x 70B)
Class com.google.common.io.LineProcessor                                              : loaded 2 times (x 70B)
Class kotlinx.coroutines.scheduling.CoroutineScheduler$Worker                         : loaded 2 times (x 110B)
Class kotlinx.coroutines.CoroutineStart$WhenMappings                                  : loaded 2 times (x 71B)
Class com.google.wireless.android.sdk.stats.PreviewRefreshEventOrBuilder              : loaded 2 times (x 70B)
Class com.android.tools.lint.model.PathVariables                                      : loaded 2 times (x 72B)
Class com.google.wireless.android.sdk.stats.WearPairingEvent                          : loaded 2 times (x 195B)
Class org.jetbrains.kotlin.metadata.jvm.JvmProtoBuf$StringTableTypesOrBuilder         : loaded 2 times (x 70B)
Class org.jetbrains.kotlin.metadata.deserialization.Flags$EnumLiteFlagField           : loaded 2 times (x 76B)
Class org.objectweb.asm.RecordComponentWriter                                         : loaded 2 times (x 78B)
Class com.google.common.util.concurrent.AbstractFuture$Listener                       : loaded 2 times (x 72B)
Class Settings_gradle$1$1                                                             : loaded 2 times (x 75B)
Class org.gradle.api.internal.classpath.Module$ModuleAlias                            : loaded 2 times (x 70B)
Class androidx.lint.kotlin.metadata.internal.metadata.deserialization.VersionRequirementTable: loaded 2 times (x 72B)
Class androidx.lint.kotlin.metadata.internal.protobuf.ExtensionRegistryLite$ObjectIntPair: loaded 2 times (x 72B)
Class org.jetbrains.kotlin.metadata.ProtoBuf$Type$Argument$1                          : loaded 2 times (x 144B)
Class com.google.protobuf.CodedOutputStream$UnsafeDirectNioEncoder                    : loaded 2 times (x 110B)
Class com.android.tools.analytics.HostData$memoryBean$2                               : loaded 2 times (x 78B)
Class com.google.wireless.android.sdk.stats.OptInToMetrics                            : loaded 2 times (x 193B)
Class com.google.wireless.android.sdk.stats.JourneyEngineErrorEvent                   : loaded 2 times (x 195B)
Class com.google.wireless.android.sdk.stats.DynamicLayoutInspectorEventOrBuilder      : loaded 2 times (x 70B)
Class com.google.wireless.android.sdk.stats.AdbUsageEventOrBuilder                    : loaded 2 times (x 70B)
Class androidx.lint.kotlin.metadata.internal.metadata.ProtoBuf$Type$Argument$Projection: loaded 2 times (x 82B)
Class kotlin.reflect.jvm.internal.impl.descriptors.impl.ValueParameterDescriptorImpl$WithDestructuringDeclaration: loaded 2 times (x 169B)
Class kotlin.reflect.jvm.internal.impl.descriptors.impl.LazyPackageViewDescriptorImpl$$Lambda$1: loaded 2 times (x 76B)
Class kotlin.reflect.jvm.internal.impl.protobuf.Parser                                : loaded 2 times (x 70B)
Class kotlin.reflect.jvm.internal.impl.protobuf.MessageLite                           : loaded 2 times (x 70B)
Class kotlin.reflect.jvm.internal.impl.types.KotlinTypeFactory                        : loaded 2 times (x 71B)
Class kotlin.reflect.jvm.internal.impl.types.AbstractTypeConstructor$$Lambda$2        : loaded 2 times (x 76B)
Class kotlin.reflect.jvm.internal.impl.load.kotlin.BinaryClassAnnotationAndConstantLoaderImplKt: loaded 2 times (x 71B)
Class kotlin.reflect.jvm.internal.impl.descriptors.PackageFragmentProviderOptimized   : loaded 2 times (x 70B)
Class kotlin.reflect.jvm.internal.impl.resolve.jvm.CompositeSyntheticJavaPartsProvider: loaded 2 times (x 82B)
Class kotlin.reflect.jvm.internal.impl.load.java.components.JavaResolverCache         : loaded 2 times (x 70B)
Class androidx.lint.kotlin.metadata.internal.extensions.KmTypeParameterExtension      : loaded 2 times (x 70B)
Class [Landroidx.lint.kotlin.metadata.internal.metadata.ProtoBuf$Visibility;          : loaded 2 times (x 69B)
Class kotlin.collections.AbstractSet$Companion                                        : loaded 2 times (x 71B)
Class com.android.ide.common.gradle.Version$Companion$ParseState                      : loaded 2 times (x 70B)
Class com.google.common.collect.MultimapBuilder$SortedSetMultimapBuilder              : loaded 2 times (x 77B)
Class com.google.common.collect.ForwardingSet                                         : loaded 2 times (x 151B)
Class kotlin.io.FileTreeWalk$DirectoryState                                           : loaded 2 times (x 73B)
Class org.gradle.internal.classloader.VisitableURLClassLoader                         : loaded 2 times (x 117B)
Class [Lcom.google.common.collect.AbstractIterator$State;                             : loaded 2 times (x 69B)
Class com.google.common.collect.ReverseNaturalOrdering                                : loaded 2 times (x 114B)
Class com.google.wireless.android.sdk.stats.DaemonCodeAnalyzerFinishedEvent           : loaded 2 times (x 211B)
Class com.google.wireless.android.sdk.stats.GradlePluginUpgradeDialogStats            : loaded 2 times (x 208B)
Class com.google.wireless.android.sdk.stats.DefaultActivityLocatorStats               : loaded 2 times (x 201B)
Class com.google.wireless.android.sdk.stats.LayoutInspectorEvent                      : loaded 2 times (x 201B)
Class com.google.wireless.android.sdk.stats.FirebaseErrorDetails                      : loaded 2 times (x 197B)
Class com.google.wireless.android.sdk.stats.SentimentSurveyEvent                      : loaded 2 times (x 201B)
Class com.google.wireless.android.sdk.stats.StudioToolWindowActionStatsOrBuilder      : loaded 2 times (x 70B)
Class com.google.wireless.android.sdk.stats.ProductDetailsOrBuilder                   : loaded 2 times (x 70B)
Class com.google.protobuf.ExtensionRegistryLite                                       : loaded 2 times (x 74B)
Class com.google.wireless.android.sdk.stats.LintSessionOrBuilder                      : loaded 2 times (x 70B)
Class it.unimi.dsi.fastutil.objects.Object2IntMap                                     : loaded 2 times (x 70B)
Class com.google.common.io.CharSource$AsByteSource                                    : loaded 2 times (x 85B)
Class kotlin.reflect.jvm.internal.impl.resolve.scopes.ResolutionScope$DefaultImpls    : loaded 2 times (x 71B)
Class com.android.utils.EnvironmentProvider$DirectEnvironmentProvider                 : loaded 2 times (x 80B)
Class [Lkotlin.reflect.jvm.internal.impl.serialization.deserialization.AnnotatedCallableKind;: loaded 2 times (x 69B)
Class kotlin.reflect.jvm.internal.impl.types.AbstractTypeConstructor$$Lambda$3        : loaded 2 times (x 76B)
Class kotlin.reflect.jvm.internal.impl.metadata.ProtoBuf$Type$ArgumentOrBuilder       : loaded 2 times (x 70B)
Class kotlin.reflect.jvm.internal.impl.descriptors.impl.LazyPackageViewDescriptorImpl$$Lambda$2: loaded 2 times (x 76B)
Class kotlin.reflect.jvm.internal.impl.builtins.functions.BuiltInFictitiousFunctionClassFactory: loaded 2 times (x 77B)
Class kotlin.reflect.jvm.internal.impl.metadata.ProtoBuf$AnnotationOrBuilder          : loaded 2 times (x 70B)
Class kotlin.reflect.jvm.internal.impl.protobuf.GeneratedMessageLite$GeneratedExtension: loaded 2 times (x 79B)
Class kotlin.reflect.jvm.internal.impl.load.kotlin.DeserializationComponentsForJava   : loaded 2 times (x 72B)
Class org.jetbrains.kotlin.cli.jvm.compiler.KotlinCoreEnvironment$Companion           : loaded 2 times (x 71B)
Class kotlinx.coroutines.CopyableThreadContextElement                                 : loaded 2 times (x 70B)
Class com.android.ide.common.repository.AgpVersion$Companion                          : loaded 2 times (x 71B)
Class kotlin.reflect.jvm.internal.impl.builtins.jvm.JvmBuiltIns$Kind                  : loaded 2 times (x 79B)
Class com.android.prefs.AbstractAndroidLocations                                      : loaded 2 times (x 82B)
Class com.google.common.base.Verify                                                   : loaded 2 times (x 71B)
Class Settings_gradle                                                                 : loaded 2 times (x 124B)
Class org.gradle.internal.Cast                                                        : loaded 2 times (x 71B)
Class org.gradle.api.Action                                                           : loaded 2 times (x 70B)
Class androidx.lint.kotlin.metadata.internal.metadata.ProtoBuf$Property               : loaded 2 times (x 151B)
Class androidx.lint.kotlin.metadata.internal.protobuf.GeneratedMessageLite$GeneratedExtension: loaded 2 times (x 79B)
Class androidx.lint.kotlin.metadata.internal.protobuf.LazyField                       : loaded 2 times (x 83B)
Class [Lorg.jetbrains.kotlin.metadata.ProtoBuf$VersionRequirement$VersionKind;        : loaded 2 times (x 69B)
Class org.jetbrains.kotlin.protobuf.CodedOutputStream                                 : loaded 2 times (x 72B)
Class org.jetbrains.kotlin.metadata.ProtoBuf$Annotation                               : loaded 2 times (x 109B)
Class kotlin.reflect.jvm.internal.impl.types.checker.KotlinTypeChecker$TypeConstructorEquality: loaded 2 times (x 70B)
Class kotlin.sequences.TransformingIndexedSequence$iterator$1                         : loaded 2 times (x 79B)
Class com.google.wireless.android.sdk.stats.NavEditorEventOrBuilder                   : loaded 2 times (x 70B)
Class com.google.wireless.android.sdk.stats.InstantRunOrBuilder                       : loaded 2 times (x 70B)
Class com.android.tools.analytics.AnalyticsSettingsData$Companion                     : loaded 2 times (x 71B)
Class [Lkotlin.reflect.jvm.internal.impl.renderer.DescriptorRendererModifier;         : loaded 2 times (x 69B)
Class kotlin.reflect.jvm.internal.impl.types.TypeUtils                                : loaded 2 times (x 71B)
Class com.google.common.collect.MapMakerInternalMap                                   : loaded 2 times (x 161B)
Class [Lkotlin.reflect.jvm.internal.impl.serialization.deserialization.descriptors.DeserializedContainerAbiStability;: loaded 2 times (x 69B)
Class kotlin.reflect.jvm.internal.impl.load.java.lazy.descriptors.LazyJavaStaticClassScope: loaded 2 times (x 104B)
Class kotlin.reflect.jvm.internal.impl.load.java.lazy.LazyJavaTypeParameterResolver$$Lambda$0: loaded 2 times (x 76B)
Class kotlin.reflect.jvm.internal.impl.types.AbstractTypeConstructor$$Lambda$4        : loaded 2 times (x 76B)
Class kotlin.reflect.jvm.internal.impl.metadata.ProtoBuf$MemberKind                   : loaded 2 times (x 82B)
Class kotlin.reflect.jvm.internal.impl.load.java.lazy.descriptors.LazyJavaPackageScope$KotlinClassLookupResult$Found: loaded 2 times (x 72B)
Class kotlin.reflect.jvm.internal.impl.protobuf.Utf8                                  : loaded 2 times (x 71B)
Class kotlin.reflect.jvm.internal.impl.metadata.builtins.BuiltInsBinaryVersion        : loaded 2 times (x 72B)
Class kotlin.reflect.jvm.internal.impl.protobuf.SmallSortedMap$1                      : loaded 2 times (x 129B)
Class kotlin.reflect.jvm.internal.impl.resolve.descriptorUtil.DescriptorUtilsKt       : loaded 2 times (x 71B)
Class kotlin.reflect.jvm.internal.impl.renderer.ClassifierNamePolicy$FULLY_QUALIFIED  : loaded 2 times (x 74B)
Class kotlin.reflect.jvm.internal.impl.types.TypeProjection                           : loaded 2 times (x 70B)
Class it.unimi.dsi.fastutil.ints.IntArrays$ArrayHashStrategy                          : loaded 2 times (x 75B)
Class [Lkotlin.reflect.jvm.internal.impl.descriptors.annotations.Annotated;           : loaded 2 times (x 69B)
Class kotlin.reflect.jvm.internal.impl.name.ClassId$Companion                         : loaded 2 times (x 71B)
Class kotlin.reflect.jvm.internal.impl.load.java.JvmAnnotationNames                   : loaded 2 times (x 71B)
Class kotlinx.coroutines.CompletedExceptionally                                       : loaded 2 times (x 72B)
Class kotlin.coroutines.AbstractCoroutineContextKey                                   : loaded 2 times (x 72B)
Class org.jetbrains.kotlin.cli.common.messages.GradleStyleMessageRenderer             : loaded 2 times (x 78B)
Class com.android.ide.common.gradle.Version$Companion                                 : loaded 2 times (x 71B)
Class com.android.tools.lint.model.DefaultLintModelMavenName                          : loaded 2 times (x 85B)
Class kotlin.reflect.jvm.internal.impl.descriptors.runtime.structure.Java16SealedRecordLoader: loaded 2 times (x 71B)
Class kotlin.reflect.jvm.internal.impl.load.java.lazy.descriptors.LazyJavaClassDescriptor$$Lambda$2: loaded 2 times (x 76B)
Class kotlin.reflect.jvm.internal.impl.types.model.TypeSystemTypeFactoryContext       : loaded 2 times (x 70B)
Class jdk.internal.jimage.decompressor.ZipDecompressor                                : loaded 2 times (x 75B)
Class org.objectweb.asm.Handler                                                       : loaded 2 times (x 72B)
Class androidx.lint.kotlin.metadata.jvm.internal.JvmTypeParameterExtension$Companion  : loaded 2 times (x 71B)
Class androidx.lint.kotlin.metadata.jvm.JvmMetadataVersion$Companion                  : loaded 2 times (x 71B)
Class androidx.lint.kotlin.metadata.internal.metadata.ProtoBuf$Type$Argument$1        : loaded 2 times (x 144B)
Class androidx.lint.kotlin.metadata.internal.metadata.ProtoBuf$Class                  : loaded 2 times (x 183B)
Class androidx.lint.kotlin.metadata.internal.metadata.jvm.JvmProtoBuf$JvmFieldSignature$1: loaded 2 times (x 144B)
Class androidx.lint.kotlin.metadata.internal.metadata.jvm.JvmProtoBuf$JvmMethodSignature: loaded 2 times (x 108B)
Class [Lorg.jetbrains.kotlin.metadata.jvm.JvmProtoBuf$StringTableTypes$Record$Operation;: loaded 2 times (x 69B)
Class [Lorg.jetbrains.kotlin.load.kotlin.header.KotlinClassHeader$Kind;               : loaded 2 times (x 69B)
Class kotlin.reflect.jvm.internal.impl.types.TypeSubstitution$Companion$EMPTY$1       : loaded 2 times (x 77B)
Class com.google.protobuf.Utf8$SafeProcessor                                          : loaded 2 times (x 77B)
Class com.google.wireless.android.sdk.stats.EmulatorHostOrBuilder                     : loaded 2 times (x 70B)
Class [Lcom.android.tools.analytics.Environment$EnvironmentVariable;                  : loaded 2 times (x 69B)
Class kotlin.reflect.jvm.internal.impl.load.java.JavaDescriptorVisibilities           : loaded 2 times (x 71B)
Class kotlin.reflect.jvm.internal.impl.types.KotlinTypeKt                             : loaded 2 times (x 71B)
Class kotlin.reflect.jvm.internal.impl.load.java.lazy.descriptors.LazyJavaPackageScope$KotlinClassLookupResult$SyntheticClass: loaded 2 times (x 71B)
Class kotlin.reflect.jvm.internal.impl.descriptors.VariableDescriptorWithAccessors    : loaded 2 times (x 70B)
Class kotlin.reflect.jvm.internal.impl.resolve.constants.ULongValue                   : loaded 2 times (x 74B)
Class kotlin.reflect.jvm.internal.impl.resolve.constants.UByteValue                   : loaded 2 times (x 74B)
Class kotlin.reflect.jvm.internal.impl.load.kotlin.BinaryClassAnnotationAndConstantLoaderImpl: loaded 2 times (x 107B)
Class kotlin.reflect.jvm.internal.impl.builtins.jvm.JvmBuiltIns$$Lambda$0             : loaded 2 times (x 76B)
Class kotlin.reflect.jvm.internal.impl.metadata.ProtoBuf$Effect$InvocationKind$1      : loaded 2 times (x 74B)
Class com.android.SdkConstants                                                        : loaded 2 times (x 71B)
Class kotlin.reflect.jvm.internal.KClassImpl$Data$$Lambda$10                          : loaded 2 times (x 76B)
Class kotlin.reflect.jvm.internal.KDeclarationContainerImpl$Data$$Lambda$0            : loaded 2 times (x 76B)
Class kotlin.reflect.jvm.internal.impl.name.CallableId                                : loaded 2 times (x 72B)
Class com.google.common.io.ByteSource$ConcatenatedByteSource                          : loaded 2 times (x 85B)
Class kotlin.jvm.internal.FloatCompanionObject                                        : loaded 2 times (x 71B)
Class com.google.common.collect.MultimapBuilder$SetMultimapBuilder                    : loaded 2 times (x 75B)
Class com.google.common.hash.AbstractHasher                                           : loaded 2 times (x 142B)
Class com.google.wireless.android.sdk.stats.KotlinSupportDeclinedOrBuilder            : loaded 2 times (x 70B)
Class com.google.wireless.android.sdk.stats.StudioBotToolWindowAutoOpenEventOrBuilder : loaded 2 times (x 70B)
Class com.google.common.collect.ImmutableSortedSet$Builder                            : loaded 2 times (x 86B)
Class com.google.common.base.Functions                                                : loaded 2 times (x 71B)
Class com.google.devtools.ksp.processing.KSPConfig                                    : loaded 2 times (x 72B)
Class org.gradle.internal.classpath.DefaultClassPath$ImmutableUniqueList$Builder      : loaded 2 times (x 75B)
Class androidx.lint.kotlin.metadata.internal.protobuf.MessageLite$Builder             : loaded 2 times (x 70B)
Class org.jetbrains.kotlin.serialization.deserialization.ProtoEnumFlags               : loaded 2 times (x 71B)
Class org.jetbrains.kotlin.protobuf.Internal$EnumLite                                 : loaded 2 times (x 70B)
Class com.google.wireless.android.sdk.stats.EditorHighlightingStats                   : loaded 2 times (x 199B)
Class com.google.wireless.android.sdk.stats.RenderToolEvent                           : loaded 2 times (x 207B)
Class com.google.wireless.android.sdk.stats.ComposePreviewCanvasEventOrBuilder        : loaded 2 times (x 70B)
Class com.google.wireless.android.sdk.stats.GlassesPairingEventOrBuilder              : loaded 2 times (x 70B)
Class com.google.wireless.android.sdk.stats.UserSentimentOrBuilder                    : loaded 2 times (x 70B)
Class com.google.wireless.android.sdk.stats.TSdkUAEventOrBuilder                      : loaded 2 times (x 70B)
Class com.google.common.collect.MapMakerInternalMap$WeakValueReference                : loaded 2 times (x 70B)
Class kotlin.reflect.jvm.internal.JvmFunctionSignature$KotlinConstructor              : loaded 2 times (x 73B)
Class kotlin.reflect.jvm.internal.impl.load.java.structure.JavaMethod                 : loaded 2 times (x 70B)
Class kotlin.reflect.jvm.internal.impl.serialization.deserialization.descriptors.DeserializedClassDescriptor$$Lambda$0: loaded 2 times (x 76B)
Class kotlin.reflect.jvm.internal.impl.metadata.jvm.JvmProtoBuf$JvmPropertySignatureOrBuilder: loaded 2 times (x 70B)
Class kotlin.reflect.jvm.internal.impl.types.error.ErrorClassDescriptor               : loaded 2 times (x 175B)
Class kotlin.reflect.jvm.internal.impl.descriptors.ValueDescriptor                    : loaded 2 times (x 70B)
Class kotlin.reflect.jvm.internal.impl.renderer.DescriptorRendererOptionsImpl$property$$inlined$vetoable$1: loaded 2 times (x 83B)
Class kotlin.reflect.jvm.internal.impl.builtins.jvm.JvmBuiltIns$$Lambda$1             : loaded 2 times (x 76B)
Class kotlin.collections.GroupingKt                                                   : loaded 2 times (x 71B)
Class kotlin.reflect.jvm.internal.KClassImpl$Data$$Lambda$11                          : loaded 2 times (x 76B)
Class com.google.wireless.android.sdk.stats.IntellijIndexingStats                     : loaded 2 times (x 205B)
Class kotlinx.coroutines.CoroutineStart                                               : loaded 2 times (x 79B)
Class org.jetbrains.kotlin.utils.exceptions.KotlinExceptionWithAttachments            : loaded 2 times (x 70B)
Class [Lcom.android.prefs.LocationValue;                                              : loaded 2 times (x 69B)
Class com.google.wireless.android.sdk.stats.IntellijProjectSizeStatsOrBuilder         : loaded 2 times (x 70B)
Class com.google.common.collect.LinkedListMultimap$ValueForKeyIterator                : loaded 2 times (x 99B)
Class com.google.wireless.android.sdk.stats.GarbageCollectionStatsOrBuilder           : loaded 2 times (x 70B)
Class org.jetbrains.kotlin.metadata.jvm.deserialization.JvmNameResolver               : loaded 2 times (x 80B)
Class kotlin.io.FileTreeWalk$WalkState                                                : loaded 2 times (x 73B)
Class androidx.lint.kotlin.metadata.internal.protobuf.FieldSet$1                      : loaded 2 times (x 71B)
Class org.jetbrains.kotlin.protobuf.RopeByteString                                    : loaded 2 times (x 110B)
Class androidx.lint.kotlin.metadata.internal.metadata.jvm.JvmProtoBuf$JvmMethodSignature$1: loaded 2 times (x 144B)
Class org.jetbrains.kotlin.metadata.jvm.deserialization.JvmNameResolverBase           : loaded 2 times (x 80B)
Class androidx.lint.kotlin.metadata.internal.protobuf.WireFormat$JavaType             : loaded 2 times (x 79B)
Class org.jetbrains.kotlin.cli.common.arguments.K2JVMCompilerArguments                : loaded 2 times (x 76B)
Class com.google.wireless.android.sdk.stats.AndroidProfilerDbStats                    : loaded 2 times (x 203B)
Class com.google.wireless.android.sdk.stats.IdePluginInfoOrBuilder                    : loaded 2 times (x 70B)
Class com.google.wireless.android.sdk.stats.AndroidStudioEvent                        : loaded 2 times (x 947B)
Class com.google.gson.TypeAdapter$1                                                   : loaded 2 times (x 74B)
Class it.unimi.dsi.fastutil.objects.AbstractObject2IntFunction                        : loaded 2 times (x 119B)
Class org.gradle.internal.classloader.DefaultClassLoaderFactory                       : loaded 2 times (x 82B)
Class kotlin.reflect.jvm.internal.impl.load.kotlin.KotlinJvmBinaryClass$AnnotationArrayArgumentVisitor: loaded 2 times (x 70B)
Class kotlin.reflect.jvm.internal.impl.load.java.structure.JavaMember                 : loaded 2 times (x 70B)
Class kotlin.reflect.jvm.internal.impl.descriptors.runtime.structure.ReflectJavaClassifierType: loaded 2 times (x 92B)
Class kotlin.reflect.jvm.internal.impl.serialization.deserialization.descriptors.DeserializedClassDescriptor$$Lambda$1: loaded 2 times (x 76B)
Class kotlin.reflect.jvm.internal.impl.serialization.deserialization.descriptors.DeserializedClassDescriptor: loaded 2 times (x 177B)
Class kotlin.reflect.jvm.internal.impl.load.java.structure.JavaAnnotationOwner        : loaded 2 times (x 70B)
Class [Lkotlin.reflect.jvm.internal.impl.protobuf.WireFormat$JavaType;                : loaded 2 times (x 69B)
Class kotlin.reflect.jvm.internal.impl.types.error.ErrorScope                         : loaded 2 times (x 95B)
Class kotlin.reflect.jvm.internal.impl.types.model.TypeArgumentMarker                 : loaded 2 times (x 70B)
Class kotlin.reflect.jvm.internal.impl.renderer.RenderingFormat$HTML                  : loaded 2 times (x 80B)
Class kotlin.reflect.jvm.internal.impl.builtins.jvm.JvmBuiltIns$$Lambda$2             : loaded 2 times (x 76B)
Class kotlin.reflect.jvm.internal.impl.load.java.lazy.types.RawProjectionComputer     : loaded 2 times (x 72B)
Class kotlin.reflect.jvm.internal.impl.descriptors.DeclarationDescriptorWithVisibility: loaded 2 times (x 70B)
Class kotlin.reflect.jvm.internal.impl.storage.EmptySimpleLock                        : loaded 2 times (x 75B)
Class org.objectweb.asm.MethodTooLargeException                                       : loaded 2 times (x 83B)
Class com.android.tools.lint.model.LintModelModule                                    : loaded 2 times (x 70B)
Class com.google.gson.JsonSyntaxException                                             : loaded 2 times (x 82B)
Class kotlinx.coroutines.scheduling.SchedulerTimeSource                               : loaded 2 times (x 72B)
Class kotlinx.coroutines.scheduling.CoroutineScheduler                                : loaded 2 times (x 81B)
Class kotlin.reflect.jvm.internal.KClassImpl$Data$$Lambda$12                          : loaded 2 times (x 76B)
Class kotlin.io.LinesSequence                                                         : loaded 2 times (x 75B)
Class kotlinx.coroutines.CoroutineId                                                  : loaded 2 times (x 93B)
Class kotlin.reflect.jvm.internal.impl.serialization.deserialization.FlexibleTypeDeserializer: loaded 2 times (x 70B)
Class org.gradle.api.GradleException                                                  : loaded 2 times (x 82B)
Class androidx.lint.kotlin.metadata.jvm.internal.JvmExceptionUtilsKt                  : loaded 2 times (x 71B)
Class kotlin.reflect.jvm.internal.impl.utils.DFS$Neighbors                            : loaded 2 times (x 70B)
Class org.jetbrains.org.objectweb.asm.SymbolTable$Entry                               : loaded 2 times (x 74B)
Class org.jetbrains.kotlin.metadata.deserialization.BinaryVersion                     : loaded 2 times (x 74B)
Class kotlin.reflect.jvm.internal.impl.descriptors.impl.AbstractClassDescriptor       : loaded 2 times (x 174B)
Class com.google.wireless.android.sdk.stats.VsPluginEvent                             : loaded 2 times (x 202B)
Class com.google.wireless.android.sdk.stats.KotlinSupport                             : loaded 2 times (x 202B)
Class com.google.wireless.android.sdk.stats.DesignEditorHelpPanelEvent                : loaded 2 times (x 199B)
Class com.google.wireless.android.sdk.stats.NextEditPredictionEventOrBuilder          : loaded 2 times (x 70B)
Class com.google.wireless.android.sdk.stats.CommitMetricsEventOrBuilder               : loaded 2 times (x 70B)
Class kotlin.collections.AbstractMutableCollection                                    : loaded 2 times (x 122B)
Class com.google.common.collect.HashBasedTable                                        : loaded 2 times (x 124B)
Class com.google.common.io.CharSource$EmptyCharSource                                 : loaded 2 times (x 86B)
Class kotlin.reflect.jvm.internal.impl.types.TypeConstructorSubstitution$Companion    : loaded 2 times (x 71B)
Class kotlin.reflect.jvm.internal.impl.load.java.structure.JavaNamedElement           : loaded 2 times (x 70B)
Class kotlin.reflect.jvm.internal.impl.serialization.deserialization.descriptors.DeserializedClassDescriptor$$Lambda$2: loaded 2 times (x 76B)
Class kotlin.reflect.jvm.internal.impl.descriptors.ScopesHolderForClass$Companion     : loaded 2 times (x 71B)
Class kotlin.reflect.jvm.internal.impl.metadata.ProtoBuf$Annotation$Builder           : loaded 2 times (x 92B)
Class kotlin.reflect.jvm.internal.impl.metadata.ProtoBuf$PackageFragmentOrBuilder     : loaded 2 times (x 70B)
Class [Lkotlin.reflect.jvm.internal.impl.metadata.ProtoBuf$TypeParameter$Variance;    : loaded 2 times (x 69B)
Class kotlin.reflect.jvm.internal.impl.types.checker.KotlinTypeRefiner                : loaded 2 times (x 79B)
Class kotlin.reflect.jvm.internal.impl.descriptors.DeclarationDescriptorWithSource    : loaded 2 times (x 70B)
Class kotlin.collections.AbstractMap$Companion                                        : loaded 2 times (x 71B)
Class kotlin.reflect.jvm.internal.impl.protobuf.LiteralByteString                     : loaded 2 times (x 102B)
Class kotlin.reflect.jvm.internal.impl.metadata.ProtoBuf$Contract$1                   : loaded 2 times (x 87B)
Class kotlin.reflect.jvm.internal.KClassImpl$Data$$Lambda$13                          : loaded 2 times (x 76B)
Class kotlin.reflect.jvm.internal.impl.metadata.ProtoBuf$PropertyOrBuilder            : loaded 2 times (x 70B)
Class com.android.ide.common.gradle.Version                                           : loaded 2 times (x 75B)
Class com.google.common.base.Suppliers$MemoizingSupplier                              : loaded 2 times (x 79B)
Class jdk.internal.jimage.ImageStrings                                                : loaded 2 times (x 70B)
Class androidx.lint.kotlin.metadata.internal.protobuf.CodedInputStream                : loaded 2 times (x 72B)
Class androidx.lint.kotlin.metadata.internal.protobuf.AbstractMessageLite             : loaded 2 times (x 98B)
Class org.jetbrains.kotlin.metadata.ProtoBuf$EnumEntry$1                              : loaded 2 times (x 144B)
Class org.jetbrains.kotlin.metadata.ProtoBuf$Type$Argument$Projection                 : loaded 2 times (x 82B)
Class kotlin.reflect.jvm.internal.impl.builtins.jvm.JvmBuiltInsPackageFragmentProvider: loaded 2 times (x 85B)
Class kotlin.reflect.jvm.internal.impl.load.java.lazy.descriptors.LazyJavaScope$$Lambda$8: loaded 2 times (x 76B)
Class kotlin.reflect.jvm.internal.impl.load.java.lazy.descriptors.LazyJavaClassDescriptor$$Lambda$1: loaded 2 times (x 76B)
Class com.google.wireless.android.sdk.stats.RenderSecurityManagerEvent                : loaded 2 times (x 199B)
Class com.google.wireless.android.sdk.stats.VirtualizationEventOrBuilder              : loaded 2 times (x 70B)
Class com.google.wireless.android.sdk.stats.JniInspectionEventOrBuilder               : loaded 2 times (x 70B)
Class com.google.wireless.android.sdk.stats.TestRunOrBuilder                          : loaded 2 times (x 70B)
Class com.google.protobuf.Internal$EnumLiteMap                                        : loaded 2 times (x 70B)
Class com.android.tools.analytics.NullUsageTracker                                    : loaded 2 times (x 82B)
Class [Lcom.google.common.collect.MapMakerInternalMap$Strength;                       : loaded 2 times (x 69B)
Class kotlin.reflect.jvm.internal.impl.serialization.deserialization.descriptors.PreReleaseInfo$Companion: loaded 2 times (x 71B)
Class kotlin.reflect.jvm.internal.impl.types.TypeSubstitutor$SubstitutionException    : loaded 2 times (x 82B)
Class [Lkotlin.reflect.jvm.internal.impl.load.java.typeEnhancement.NullabilityQualifier;: loaded 2 times (x 69B)
Class kotlin.reflect.jvm.internal.impl.descriptors.runtime.structure.ReflectJavaAnnotationOwnerKt: loaded 2 times (x 71B)
Class kotlin.reflect.jvm.internal.impl.load.java.lazy.descriptors.LazyJavaClassDescriptor: loaded 2 times (x 177B)
Class kotlin.reflect.jvm.internal.impl.serialization.deserialization.descriptors.DeserializedClassDescriptor$$Lambda$3: loaded 2 times (x 76B)
Class kotlin.reflect.jvm.internal.impl.serialization.deserialization.DeserializationContext: loaded 2 times (x 72B)
Class kotlin.reflect.jvm.internal.impl.metadata.ProtoBuf$Type$Argument                : loaded 2 times (x 98B)
Class kotlin.reflect.jvm.internal.impl.metadata.ProtoBuf$StringTableOrBuilder         : loaded 2 times (x 70B)
Class kotlin.reflect.jvm.internal.impl.load.java.lazy.LazyJavaAnnotationsKt           : loaded 2 times (x 71B)
Class kotlin.reflect.jvm.internal.impl.resolve.ResolutionAnchorProviderKt             : loaded 2 times (x 71B)
Class kotlin.reflect.jvm.internal.impl.serialization.deserialization.AbstractAnnotationLoader: loaded 2 times (x 94B)
Class kotlin.reflect.jvm.internal.impl.protobuf.ByteString$Output                     : loaded 2 times (x 86B)
Class kotlin.reflect.jvm.internal.impl.descriptors.Visibilities$Private               : loaded 2 times (x 75B)
Class kotlin.reflect.jvm.internal.impl.renderer.ClassifierNamePolicy                  : loaded 2 times (x 70B)
Class kotlin.reflect.jvm.internal.impl.load.java.AbstractAnnotationTypeQualifierResolver: loaded 2 times (x 77B)
Class kotlin.reflect.jvm.internal.impl.load.java.JavaNullabilityAnnotationsStatus$Companion: loaded 2 times (x 71B)
Class kotlin.reflect.jvm.internal.impl.types.model.TypeArgumentListMarker             : loaded 2 times (x 70B)
Class kotlin.reflect.jvm.internal.impl.storage.NullableLazyValue                      : loaded 2 times (x 70B)
Class kotlin.reflect.jvm.internal.impl.load.kotlin.KotlinClassFinder$Result           : loaded 2 times (x 71B)
Class kotlin.reflect.jvm.internal.KClassImpl$Data$$Lambda$14                          : loaded 2 times (x 76B)
Class kotlin.reflect.jvm.internal.impl.resolve.OverridingUtilTypeSystemContext        : loaded 2 times (x 186B)
Class kotlinx.coroutines.Unconfined                                                   : loaded 2 times (x 100B)
Class kotlinx.coroutines.GlobalScope                                                  : loaded 2 times (x 74B)
Class kotlin.reflect.jvm.internal.impl.resolve.OverridingUtil$8                       : loaded 2 times (x 71B)
Class com.google.common.collect.Maps$AbstractFilteredMap                              : loaded 2 times (x 127B)
Class androidx.lint.kotlin.metadata.internal.metadata.ProtoBuf$Visibility$1           : loaded 2 times (x 74B)
Class androidx.lint.kotlin.metadata.internal.metadata.ProtoBuf$VersionRequirement$Level: loaded 2 times (x 82B)
Class org.jetbrains.kotlin.metadata.jvm.JvmProtoBuf$JvmPropertySignature$Builder      : loaded 2 times (x 141B)
Class [Lorg.jetbrains.org.objectweb.asm.Symbol;                                       : loaded 2 times (x 69B)
Class com.google.common.collect.MapMakerInternalMap$Strength                          : loaded 2 times (x 80B)
Class org.jetbrains.kotlin.cli.common.arguments.CommonCompilerArguments               : loaded 2 times (x 75B)
Class com.google.protobuf.GeneratedMessageV3$BuilderParent                            : loaded 2 times (x 70B)
Class com.google.wireless.android.sdk.stats.GradleVersionCatalogDetectorEvent         : loaded 2 times (x 195B)
Class com.google.wireless.android.sdk.stats.WhatsNewAssistantUpdateEvent              : loaded 2 times (x 213B)
Class com.google.wireless.android.sdk.stats.AdvertiserNotificationEvent               : loaded 2 times (x 197B)
Class com.google.protobuf.LazyStringList                                              : loaded 2 times (x 70B)
Class com.google.wireless.android.sdk.stats.NonTransitiveRClassMigrationEventOrBuilder: loaded 2 times (x 70B)
Class com.google.protobuf.Internal$IntList                                            : loaded 2 times (x 70B)
Class kotlin.collections.builders.MapBuilder$KeysItr                                  : loaded 2 times (x 81B)
Class kotlin.reflect.jvm.internal.impl.load.java.lazy.descriptors.ClassDeclaredMemberIndex: loaded 2 times (x 86B)
Class kotlin.reflect.jvm.internal.impl.serialization.deserialization.descriptors.DeserializedClassDescriptor$$Lambda$4: loaded 2 times (x 76B)
Class kotlin.reflect.jvm.internal.impl.resolve.jvm.JavaDescriptorResolver             : loaded 2 times (x 72B)
Class kotlin.reflect.jvm.internal.impl.metadata.ProtoBuf$TypeTableOrBuilder           : loaded 2 times (x 70B)
Class kotlin.reflect.jvm.internal.impl.descriptors.DescriptorVisibilities$10          : loaded 2 times (x 74B)
Class kotlin.reflect.jvm.internal.FunctionWithAllInvokes                              : loaded 2 times (x 70B)
Class com.google.wireless.android.sdk.stats.LldbPerformanceStatsOrBuilder             : loaded 2 times (x 70B)
Class com.google.common.io.Files                                                      : loaded 2 times (x 71B)
Class com.google.wireless.android.sdk.stats.ApkAnalyzerStatsOrBuilder                 : loaded 2 times (x 70B)
Class kotlin.reflect.jvm.internal.KClassImpl$Data$$Lambda$15                          : loaded 2 times (x 76B)
Class [Landroidx.lint.kotlin.metadata.KmVersionRequirementVersionKind;                : loaded 2 times (x 69B)
Class kotlin.reflect.jvm.internal.KPropertyImpl$Companion                             : loaded 2 times (x 71B)
Class kotlinx.coroutines.AbstractCoroutine                                            : loaded 2 times (x 143B)
Class it.unimi.dsi.fastutil.objects.ObjectSet                                         : loaded 2 times (x 70B)
Class com.android.tools.lint.model.DefaultLintModelSourceProvider                     : loaded 2 times (x 85B)
Class [Lcom.android.prefs.VariableType;                                               : loaded 2 times (x 69B)
Class androidx.lint.kotlin.metadata.internal.FlagImpl                                 : loaded 2 times (x 71B)
Class androidx.lint.kotlin.metadata.KmEffect                                          : loaded 2 times (x 72B)
Class androidx.lint.kotlin.metadata.internal.metadata.ProtoBuf$ClassOrBuilder         : loaded 2 times (x 70B)
Class androidx.lint.kotlin.metadata.internal.metadata.ProtoBuf$ValueParameter         : loaded 2 times (x 128B)
Class androidx.lint.kotlin.metadata.internal.metadata.ProtoBuf$Function               : loaded 2 times (x 152B)
Class androidx.lint.kotlin.metadata.internal.protobuf.AbstractParser                  : loaded 2 times (x 144B)
Class androidx.lint.kotlin.metadata.internal.protobuf.GeneratedMessageLite$ExtendableMessage: loaded 2 times (x 113B)
Class org.jetbrains.kotlin.metadata.ProtoBuf$VersionRequirementTable$1                : loaded 2 times (x 144B)
Class org.jetbrains.kotlin.metadata.ProtoBuf$Contract                                 : loaded 2 times (x 107B)
Class [Lorg.objectweb.asm.Symbol;                                                     : loaded 2 times (x 69B)
Class com.google.common.reflect.TypeCapture                                           : loaded 2 times (x 71B)
Class jdk.internal.jimage.decompressor.StringSharingDecompressorFactory               : loaded 2 times (x 74B)
Class org.jetbrains.kotlin.cli.common.arguments.CommonCompilerArgumentsConfigurator   : loaded 2 times (x 74B)
Class com.android.tools.analytics.HostData$runtimeBean$2                              : loaded 2 times (x 78B)
Class com.google.wireless.android.sdk.stats.OomDialogEvent                            : loaded 2 times (x 211B)
Class com.google.wireless.android.sdk.stats.Align16kbEvent                            : loaded 2 times (x 202B)
Class com.google.wireless.android.sdk.stats.WearHealthServicesEvent                   : loaded 2 times (x 195B)
Class com.google.wireless.android.sdk.stats.GradleBuildDetailsOrBuilder               : loaded 2 times (x 70B)
Class com.google.protobuf.GeneratedMessageV3$Builder                                  : loaded 2 times (x 278B)
Class com.google.protobuf.MutabilityOracle                                            : loaded 2 times (x 70B)
Class com.android.utils.ILogger                                                       : loaded 2 times (x 70B)
Class com.android.utils.NullLogger                                                    : loaded 2 times (x 85B)
Class it.unimi.dsi.fastutil.objects.ReferenceSet                                      : loaded 2 times (x 70B)
Class kotlin.reflect.jvm.internal.impl.serialization.deserialization.descriptors.DeserializedClassDescriptor$$Lambda$5: loaded 2 times (x 76B)
Class kotlin.reflect.jvm.internal.impl.serialization.deserialization.MemberDeserializer$$Lambda$2: loaded 2 times (x 76B)
Class kotlin.reflect.jvm.internal.impl.types.TypeSubstitution$replaceWithNonApproximating$1: loaded 2 times (x 78B)
Class [Lkotlin.reflect.jvm.internal.impl.load.java.SpecialGenericSignatures$TypeSafeBarrierDescription;: loaded 2 times (x 69B)
Class kotlin.reflect.jvm.internal.impl.util.NullableArrayMapAccessor                  : loaded 2 times (x 74B)
Class kotlin.reflect.jvm.internal.impl.resolve.scopes.LazyScopeAdapter$$Lambda$0      : loaded 2 times (x 76B)
Class kotlin.reflect.jvm.internal.impl.descriptors.DescriptorVisibilities$11          : loaded 2 times (x 74B)
Class kotlin.reflect.jvm.internal.impl.load.java.AnnotationTypeQualifierResolver      : loaded 2 times (x 77B)
Class kotlin.reflect.jvm.internal.impl.storage.LockBasedStorageManager$CacheWithNullableValuesBasedOnMemoizedFunction$1: loaded 2 times (x 76B)
Class kotlin.reflect.jvm.internal.impl.descriptors.DeclarationDescriptor              : loaded 2 times (x 70B)
Class kotlin.reflect.jvm.internal.impl.storage.LockBasedStorageManager                : loaded 2 times (x 95B)
Class it.unimi.dsi.fastutil.ints.IntArrays$ForkJoinQuickSortIndirect                  : loaded 2 times (x 96B)
Class kotlinx.coroutines.ChildHandle                                                  : loaded 2 times (x 70B)
Class kotlin.reflect.jvm.internal.KClassImpl$Data$$Lambda$16                          : loaded 2 times (x 76B)
Class kotlinx.coroutines.CoroutineScope                                               : loaded 2 times (x 70B)
Class [Lcom.android.ide.common.gradle.Separator;                                      : loaded 2 times (x 69B)
Class com.android.prefs.QueryResult                                                   : loaded 2 times (x 82B)
Class com.google.common.base.CharMatcher$Whitespace                                   : loaded 2 times (x 112B)
Class com.google.common.base.Splitter$1$1                                             : loaded 2 times (x 86B)
Class com.google.common.collect.Iterables$5                                           : loaded 2 times (x 81B)
Class com.google.common.reflect.TypeParameter                                         : loaded 2 times (x 72B)
Class com.google.common.cache.LocalCache$AbstractReferenceEntry                       : loaded 2 times (x 107B)
Class org.gradle.internal.IoActions                                                   : loaded 2 times (x 71B)
Class androidx.lint.kotlin.metadata.KmContract                                        : loaded 2 times (x 72B)
Class androidx.lint.kotlin.metadata.internal.metadata.ProtoBuf$Effect                 : loaded 2 times (x 113B)
Class androidx.lint.kotlin.metadata.internal.metadata.ProtoBuf$VersionRequirementTable: loaded 2 times (x 107B)
Class org.jetbrains.kotlin.metadata.jvm.deserialization.JvmNameResolverBase$WhenMappings: loaded 2 times (x 71B)
Class org.jetbrains.kotlin.descriptors.Visibilities$Local                             : loaded 2 times (x 79B)
Class org.jetbrains.kotlin.protobuf.WireFormat                                        : loaded 2 times (x 71B)
Class org.jetbrains.kotlin.metadata.jvm.deserialization.BitEncoding                   : loaded 2 times (x 71B)
Class kotlin.reflect.jvm.internal.impl.storage.CacheWithNullableValues                : loaded 2 times (x 70B)
Class kotlin.reflect.jvm.internal.impl.storage.SimpleLock$Companion                   : loaded 2 times (x 71B)
Class com.google.protobuf.Android                                                     : loaded 2 times (x 71B)
Class com.google.wireless.android.sdk.stats.InstantRun                                : loaded 2 times (x 207B)
Class com.google.wireless.android.sdk.stats.ComposeAnimationToolingEvent              : loaded 2 times (x 197B)
Class com.google.wireless.android.sdk.stats.SmlAiExcludeEventOrBuilder                : loaded 2 times (x 70B)
Class com.google.wireless.android.sdk.stats.ApkDebugProjectOrBuilder                  : loaded 2 times (x 70B)
Class kotlin.reflect.jvm.internal.impl.builtins.ReflectionTypes                       : loaded 2 times (x 72B)
Class kotlin.reflect.jvm.internal.impl.resolve.constants.ByteValue                    : loaded 2 times (x 74B)
Class kotlin.reflect.jvm.internal.impl.descriptors.java.JavaVisibilities$PackageVisibility: loaded 2 times (x 75B)
Class kotlin.reflect.jvm.internal.impl.load.java.lazy.descriptors.LazyJavaClassDescriptor$LazyJavaClassTypeConstructor$$Lambda$0: loaded 2 times (x 76B)
Class kotlin.reflect.jvm.internal.impl.load.java.lazy.descriptors.LazyJavaPackageScope$FindClassRequest: loaded 2 times (x 72B)
Class kotlin.reflect.jvm.internal.impl.metadata.builtins.BuiltInsBinaryVersion$Companion: loaded 2 times (x 71B)
Class kotlin.reflect.jvm.internal.impl.resolve.scopes.LazyScopeAdapter                : loaded 2 times (x 94B)
Class kotlin.reflect.jvm.internal.impl.descriptors.DescriptorVisibilities$12          : loaded 2 times (x 74B)
Class kotlin.reflect.jvm.internal.impl.renderer.DescriptorRendererModifier$Companion  : loaded 2 times (x 71B)
Class kotlin.reflect.jvm.internal.impl.descriptors.SourceElement$1                    : loaded 2 times (x 74B)
Class kotlin.reflect.jvm.internal.impl.load.kotlin.DeserializationComponentsForJavaKt$makeLazyJavaPackageFragmentProvider$javaResolverComponents$1: loaded 2 times (x 74B)
Class kotlin.reflect.jvm.internal.impl.descriptors.annotations.Annotations$Companion  : loaded 2 times (x 71B)
Class org.jetbrains.kotlin.utils.KotlinExceptionWithAttachments                       : loaded 2 times (x 94B)
Class kotlin.reflect.jvm.internal.impl.resolve.constants.LongValue                    : loaded 2 times (x 74B)
Class kotlin.reflect.jvm.internal.impl.descriptors.ClassOrPackageFragmentDescriptor   : loaded 2 times (x 70B)
Class kotlin.reflect.jvm.internal.impl.util.ModuleVisibilityHelper                    : loaded 2 times (x 70B)
Class kotlin.reflect.jvm.internal.impl.util.EmptyArrayMap                             : loaded 2 times (x 82B)
Class kotlin.reflect.jvm.internal.KClassImpl$Data$$Lambda$17                          : loaded 2 times (x 76B)
Class kotlin.reflect.jvm.internal.impl.protobuf.AbstractParser                        : loaded 2 times (x 87B)
Class kotlin.reflect.jvm.internal.impl.load.java.lazy.descriptors.LazyJavaScope$$Lambda$7: loaded 2 times (x 76B)
Class it.unimi.dsi.fastutil.objects.AbstractObjectSet                                 : loaded 2 times (x 179B)
Class kotlin.reflect.jvm.internal.impl.serialization.deserialization.ProtoEnumFlagsUtilsKt$WhenMappings: loaded 2 times (x 71B)
Class kotlin.reflect.jvm.internal.impl.descriptors.impl.AbstractTypeParameterDescriptor: loaded 2 times (x 124B)
Class com.google.common.collect.MultimapBuilder$MultimapBuilderWithKeys$1             : loaded 2 times (x 76B)
Class kotlin.reflect.jvm.internal.impl.descriptors.ScopesHolderForClass               : loaded 2 times (x 72B)
Class com.google.common.base.VerifyException                                          : loaded 2 times (x 82B)
Class com.google.devtools.ksp.symbol.KSAnnotated                                      : loaded 2 times (x 70B)
Class org.objectweb.asm.SymbolTable                                                   : loaded 2 times (x 72B)
Class androidx.lint.kotlin.metadata.jvm.internal.JvmPropertyExtension$Companion       : loaded 2 times (x 71B)
Class androidx.lint.kotlin.metadata.internal.metadata.ProtoBuf$Expression$ConstantValue$1: loaded 2 times (x 74B)
Class androidx.lint.kotlin.metadata.internal.metadata.jvm.JvmProtoBuf$StringTableTypes$Record$Operation: loaded 2 times (x 82B)
Class androidx.lint.kotlin.metadata.internal.protobuf.FieldSet$FieldDescriptorLite    : loaded 2 times (x 70B)
Class androidx.lint.kotlin.metadata.jvm.KotlinClassMetadata$Companion                 : loaded 2 times (x 71B)
Class kotlin.reflect.jvm.internal.impl.load.java.lazy.descriptors.LazyJavaClassDescriptor$$Lambda$0: loaded 2 times (x 76B)
Class org.jetbrains.org.objectweb.asm.Frame                                           : loaded 2 times (x 73B)
Class kotlin.reflect.jvm.internal.impl.load.java.typeEnhancement.TypeEnhancementUtilsKt: loaded 2 times (x 71B)
Class com.google.wireless.android.sdk.stats.StudioToolWindowActionStats               : loaded 2 times (x 201B)
Class com.google.wireless.android.sdk.stats.GradleBuildDetails                        : loaded 2 times (x 233B)
Class com.google.wireless.android.sdk.stats.PromptLibraryEvent                        : loaded 2 times (x 200B)
Class com.google.wireless.android.sdk.stats.MlModelBindingEvent                       : loaded 2 times (x 203B)
Class kotlin.reflect.jvm.internal.impl.types.DisjointKeysUnionTypeSubstitution$Companion: loaded 2 times (x 71B)
Class kotlin.reflect.jvm.internal.impl.types.model.TypeCheckerProviderContext         : loaded 2 times (x 70B)
Class kotlin.reflect.jvm.internal.impl.types.ErasureTypeAttributes                    : loaded 2 times (x 76B)
Class kotlin.reflect.jvm.internal.impl.load.java.lazy.descriptors.LazyJavaClassDescriptor$Companion: loaded 2 times (x 71B)
Class kotlin.reflect.jvm.internal.impl.types.error.ErrorPropertyDescriptor            : loaded 2 times (x 145B)
Class kotlin.reflect.jvm.internal.impl.descriptors.impl.ClassConstructorDescriptorImpl: loaded 2 times (x 218B)
Class kotlin.reflect.jvm.internal.impl.resolve.scopes.MemberScopeImpl                 : loaded 2 times (x 92B)
Class kotlin.reflect.jvm.internal.impl.resolve.constants.UShortValue                  : loaded 2 times (x 74B)
Class kotlin.reflect.jvm.internal.impl.types.checker.KotlinTypeRefiner$Default        : loaded 2 times (x 79B)
Class kotlin.reflect.jvm.internal.impl.resolve.scopes.SubstitutingScope               : loaded 2 times (x 85B)
Class kotlin.reflect.jvm.internal.impl.resolve.scopes.MemberScope$Companion$$Lambda$0 : loaded 2 times (x 75B)
Class com.android.utils.FileUtils                                                     : loaded 2 times (x 71B)
Class kotlin.reflect.jvm.internal.KClassImpl$Data$$Lambda$18                          : loaded 2 times (x 76B)
Class kotlin.ranges.LongProgression                                                   : loaded 2 times (x 81B)
Class kotlin.coroutines.CoroutineContext$DefaultImpls                                 : loaded 2 times (x 71B)
Class kotlinx.coroutines.internal.LockFreeLinkedListNode                              : loaded 2 times (x 74B)
Class com.google.gson.internal.bind.JsonTreeReader                                    : loaded 2 times (x 98B)
Class com.google.wireless.android.sdk.stats.SetupWizardEventOrBuilder                 : loaded 2 times (x 70B)
Class com.google.wireless.android.sdk.stats.SmlConfigurationEventOrBuilder            : loaded 2 times (x 70B)
Class com.google.common.collect.MultimapBuilder$MultimapBuilderWithKeys$2             : loaded 2 times (x 76B)
Class com.google.wireless.android.sdk.stats.DirectAccessUsageEvent                    : loaded 2 times (x 225B)
Class com.google.common.collect.FluentIterable                                        : loaded 2 times (x 81B)
Class com.google.common.base.CaseFormat                                               : loaded 2 times (x 83B)
Class com.google.common.cache.LocalCache$StrongEntry                                  : loaded 2 times (x 108B)
Class com.google.common.util.concurrent.AbstractFuture$TrustedFuture                  : loaded 2 times (x 114B)
Class androidx.lint.kotlin.metadata.jvm.KotlinClassMetadata$SyntheticClass            : loaded 2 times (x 77B)
Class org.jetbrains.kotlin.metadata.ProtoBuf$Type$Argument                            : loaded 2 times (x 110B)
Class org.jetbrains.kotlin.load.kotlin.FileBasedKotlinClass$InnerClassesInfo          : loaded 2 times (x 74B)
Class com.google.wireless.android.sdk.stats.EssentialsModeEvent                       : loaded 2 times (x 195B)
Class com.google.wireless.android.sdk.stats.ProductDetails$Builder                    : loaded 2 times (x 323B)
Class com.google.wireless.android.sdk.stats.IntellijProjectSizeStats                  : loaded 2 times (x 199B)
Class com.google.wireless.android.sdk.stats.EmulatorConsoleEventOrBuilder             : loaded 2 times (x 70B)
Class com.google.wireless.android.sdk.stats.JourneyFinishedEvent                      : loaded 2 times (x 195B)
Class com.google.protobuf.AbstractProtobufList                                        : loaded 2 times (x 229B)
Class com.google.wireless.android.sdk.stats.WhatsNewAssistantUpdateEventOrBuilder     : loaded 2 times (x 70B)
Class com.google.wireless.android.sdk.stats.EditorNotificationOrBuilder               : loaded 2 times (x 70B)
Class com.google.wireless.android.sdk.stats.VfsRefreshOrBuilder                       : loaded 2 times (x 70B)
Class kotlin.sequences.TakeWhileSequence                                              : loaded 2 times (x 75B)
Class com.google.protobuf.GeneratedMessageV3$Builder$BuilderParentImpl                : loaded 2 times (x 78B)
Class kotlin.reflect.jvm.internal.impl.types.DescriptorSubstitutor                    : loaded 2 times (x 71B)
Class kotlin.reflect.jvm.internal.impl.types.DefinitelyNotNullType                    : loaded 2 times (x 101B)
Class kotlin.reflect.jvm.internal.impl.load.java.structure.JavaClassifier             : loaded 2 times (x 70B)
Class kotlin.reflect.jvm.internal.impl.load.java.lazy.ContextKt                       : loaded 2 times (x 71B)
Class kotlin.reflect.jvm.internal.impl.metadata.ProtoBuf$Annotation$Argument$Value$1  : loaded 2 times (x 87B)
Class kotlin.reflect.jvm.internal.impl.renderer.DescriptorRendererImpl$RenderDeclarationDescriptorVisitor: loaded 2 times (x 87B)
Class com.google.common.collect.TransformedListIterator                               : loaded 2 times (x 93B)
Class org.jetbrains.kotlin.protobuf.ByteString$Output                                 : loaded 2 times (x 86B)
Class it.unimi.dsi.fastutil.BidirectionalIterator                                     : loaded 2 times (x 70B)
Class androidx.lint.kotlin.metadata.internal.metadata.ProtoBuf$ValueParameter$1       : loaded 2 times (x 144B)
Class androidx.lint.kotlin.metadata.internal.ReadersKt                                : loaded 2 times (x 71B)
Class it.unimi.dsi.fastutil.objects.ObjectCollection                                  : loaded 2 times (x 70B)
Class com.android.tools.lint.model.DefaultLintModelModule                             : loaded 2 times (x 95B)
Class com.google.common.collect.MultimapBuilder$MultimapBuilderWithKeys$3             : loaded 2 times (x 76B)
Class androidx.lint.kotlin.metadata.jvm.internal.JvmMetadataExtensions                : loaded 2 times (x 103B)
Class com.google.common.base.Suppliers$NonSerializableMemoizingSupplier               : loaded 2 times (x 79B)
Class jdk.internal.jrtfs.JrtFileSystem                                                : loaded 2 times (x 102B)
Class kotlin.io.FileTreeWalk$FileTreeWalkIterator$TopDownDirectoryState               : loaded 2 times (x 74B)
Class [Landroidx.lint.kotlin.metadata.internal.metadata.ProtoBuf$Effect$EffectType;   : loaded 2 times (x 69B)
Class androidx.lint.kotlin.metadata.internal.ReadersKt$WhenMappings                   : loaded 2 times (x 71B)
Class [Landroidx.lint.kotlin.metadata.internal.metadata.jvm.JvmProtoBuf$StringTableTypes$Record$Operation;: loaded 2 times (x 69B)
Class androidx.lint.kotlin.metadata.internal.metadata.ProtoBuf$Package                : loaded 2 times (x 129B)
Class androidx.lint.kotlin.metadata.internal.protobuf.SmallSortedMap$EmptySet         : loaded 2 times (x 71B)
Class org.jetbrains.kotlin.metadata.ProtoBuf$Modality$1                               : loaded 2 times (x 74B)
Class androidx.lint.kotlin.metadata.internal.metadata.deserialization.VersionRequirement$Version: loaded 2 times (x 71B)
Class com.android.tools.analytics.HostData$graphicsEnvironment$2                      : loaded 2 times (x 78B)
Class com.google.wireless.android.sdk.stats.DebuggerEvent                             : loaded 2 times (x 205B)
Class com.google.wireless.android.sdk.stats.FileUsage                                 : loaded 2 times (x 208B)
Class com.google.wireless.android.sdk.stats.CoroutineDebuggerEvent                    : loaded 2 times (x 197B)
Class com.google.wireless.android.sdk.stats.AppInspectionEvent                        : loaded 2 times (x 214B)
Class com.google.wireless.android.sdk.stats.EmulatorUiEvent                           : loaded 2 times (x 203B)
Class com.google.wireless.android.sdk.stats.MlModelBindingEventOrBuilder              : loaded 2 times (x 70B)
Class com.google.wireless.android.sdk.stats.SurveyResponseOrBuilder                   : loaded 2 times (x 70B)
Class com.google.protobuf.Message$Builder                                             : loaded 2 times (x 70B)
Class com.android.tools.analytics.Environment$EnvironmentVariable                     : loaded 2 times (x 79B)
Class com.google.common.collect.ImmutableListMultimap$Builder                         : loaded 2 times (x 83B)
Class kotlin.reflect.jvm.ReflectJvmMapping                                            : loaded 2 times (x 71B)
Class kotlin.reflect.jvm.internal.impl.load.java.PropertiesConventionUtilKt           : loaded 2 times (x 71B)
Class kotlin.reflect.jvm.internal.impl.load.java.typeEnhancement.NullabilityQualifier : loaded 2 times (x 79B)
Class kotlin.reflect.jvm.internal.impl.types.TypeProjectionBase                       : loaded 2 times (x 81B)
Class kotlin.reflect.jvm.internal.impl.metadata.ProtoBuf$Modality                     : loaded 2 times (x 82B)
Class kotlin.reflect.jvm.internal.impl.protobuf.WireFormat                            : loaded 2 times (x 71B)
Class [Lkotlin.reflect.jvm.internal.impl.descriptors.ModuleDescriptor;                : loaded 2 times (x 69B)
Class kotlin.reflect.jvm.internal.impl.serialization.deserialization.JvmEnumEntriesDeserializationSupport: loaded 2 times (x 74B)
Class kotlin.reflect.jvm.internal.impl.metadata.ProtoBuf$TypeParameterOrBuilder       : loaded 2 times (x 70B)
Class kotlin.reflect.jvm.internal.impl.protobuf.ExtensionRegistryLite                 : loaded 2 times (x 73B)
Class kotlin.reflect.jvm.internal.impl.storage.LockBasedStorageManager$LockBasedNotNullLazyValueWithPostCompute: loaded 2 times (x 85B)
Class kotlin.reflect.jvm.internal.impl.resolve.scopes.ResolutionScope                 : loaded 2 times (x 70B)
Class kotlin.reflect.jvm.internal.impl.serialization.deserialization.ClassDataFinder  : loaded 2 times (x 70B)
Class kotlin.reflect.jvm.internal.impl.load.java.lazy.TypeParameterResolver           : loaded 2 times (x 70B)
Class com.android.tools.lint.model.DefaultLintModelAndroidArtifact                    : loaded 2 times (x 93B)
Class [Lcom.android.tools.lint.model.LintModelArtifact;                               : loaded 2 times (x 69B)
Class kotlinx.coroutines.internal.LockFreeTaskQueueCore$Companion                     : loaded 2 times (x 71B)
Class org.jetbrains.kotlin.cli.common.CompilerSystemProperties$Companion              : loaded 2 times (x 71B)
Class com.android.ide.common.gradle.Version$Companion$ParseState$EMPTY                : loaded 2 times (x 74B)
Class kotlin.reflect.jvm.internal.impl.serialization.deserialization.KotlinMetadataFinder: loaded 2 times (x 70B)
Class kotlin.reflect.jvm.internal.impl.protobuf.InvalidProtocolBufferException        : loaded 2 times (x 84B)
Class com.google.common.collect.MultimapBuilder$MultimapBuilderWithKeys$4             : loaded 2 times (x 76B)
Class [Lkotlin.reflect.jvm.internal.impl.descriptors.impl.ModuleDescriptorImpl;       : loaded 2 times (x 69B)
Class jdk.internal.jimage.decompressor.CompressedResourceHeader                       : loaded 2 times (x 71B)
Class androidx.lint.kotlin.metadata.internal.metadata.ProtoBuf$Expression$ConstantValue: loaded 2 times (x 82B)
Class androidx.lint.kotlin.metadata.internal.extensions.KmFunctionExtension           : loaded 2 times (x 70B)
Class androidx.lint.kotlin.metadata.internal.protobuf.SmallSortedMap$Entry            : loaded 2 times (x 88B)
Class org.jetbrains.kotlin.metadata.ProtoBuf$VersionRequirement                       : loaded 2 times (x 116B)
Class [Lkotlin.reflect.jvm.internal.impl.incremental.components.LookupLocation;       : loaded 2 times (x 69B)
Class com.android.repository.io.FileOpUtils                                           : loaded 2 times (x 71B)
Class com.google.wireless.android.sdk.stats.JvmDetails$1                              : loaded 2 times (x 151B)
Class com.google.wireless.android.sdk.stats.NavEditorEvent                            : loaded 2 times (x 215B)
Class com.google.wireless.android.sdk.stats.BackupAndSyncEvent                        : loaded 2 times (x 199B)
Class com.google.wireless.android.sdk.stats.ComposeSampleEvent                        : loaded 2 times (x 195B)
Class com.google.wireless.android.sdk.stats.EditorCompletionStats                     : loaded 2 times (x 199B)
Class com.google.wireless.android.sdk.stats.StudioLabsEventOrBuilder                  : loaded 2 times (x 70B)
Class com.google.wireless.android.sdk.stats.DirectAccessUsageEventOrBuilder           : loaded 2 times (x 70B)
Class com.google.wireless.android.sdk.stats.SdkIndexLoadingDetailsOrBuilder           : loaded 2 times (x 70B)
Class com.google.wireless.android.sdk.stats.DeviceScreenshotEventOrBuilder            : loaded 2 times (x 70B)
Class com.google.wireless.android.sdk.stats.VsPluginEventOrBuilder                    : loaded 2 times (x 70B)
Class kotlin.reflect.jvm.internal.impl.load.java.lazy.descriptors.LazyJavaScope$$Lambda$6: loaded 2 times (x 76B)
Class kotlin.reflect.full.KClasses                                                    : loaded 2 times (x 71B)
Class kotlin.reflect.jvm.internal.impl.descriptors.impl.DeclarationDescriptorVisitorEmptyBodies: loaded 2 times (x 101B)
Class kotlin.UByte                                                                    : loaded 2 times (x 74B)
Class kotlin.reflect.jvm.internal.impl.types.TypeConstructorSubstitution              : loaded 2 times (x 78B)
Class kotlin.reflect.jvm.internal.impl.descriptors.runtime.structure.ReflectJavaElement: loaded 2 times (x 71B)
Class kotlin.reflect.jvm.internal.impl.storage.SimpleLock                             : loaded 2 times (x 70B)
Class kotlin.reflect.jvm.internal.impl.protobuf.BoundedByteString                     : loaded 2 times (x 102B)
Class com.android.ide.common.repository.AgpVersion$Companion$WhenMappings             : loaded 2 times (x 71B)
Class kotlin.reflect.jvm.internal.impl.descriptors.ScopesHolderForClass$$Lambda$0     : loaded 2 times (x 76B)
Class kotlin.reflect.jvm.internal.impl.types.AnnotationsTypeAttribute                 : loaded 2 times (x 75B)
Class com.google.common.collect.MultimapBuilder$MultimapBuilderWithKeys$5             : loaded 2 times (x 78B)
Class kotlin.reflect.jvm.internal.impl.descriptors.runtime.components.ReflectKotlinClassKt: loaded 2 times (x 71B)
Class kotlin.reflect.jvm.internal.impl.metadata.jvm.deserialization.JvmNameResolverBase$WhenMappings: loaded 2 times (x 71B)
Class com.google.common.collect.AbstractIterator$State                                : loaded 2 times (x 79B)
Class androidx.lint.kotlin.metadata.internal.metadata.ProtoBuf$Annotation$Argument$Value$1: loaded 2 times (x 144B)
Class [Landroidx.lint.kotlin.metadata.KmEffectType;                                   : loaded 2 times (x 69B)
Class androidx.lint.kotlin.metadata.internal.metadata.ProtoBuf$Effect$1               : loaded 2 times (x 144B)
Class androidx.lint.kotlin.metadata.jvm.internal.JvmTypeParameterExtension            : loaded 2 times (x 77B)
Class androidx.lint.kotlin.metadata.internal.metadata.jvm.deserialization.UtfEncodingKt: loaded 2 times (x 71B)
Class [Lorg.jetbrains.org.objectweb.asm.AnnotationVisitor;                            : loaded 2 times (x 69B)
Class org.jetbrains.org.objectweb.asm.Opcodes                                         : loaded 2 times (x 70B)
Class org.jetbrains.kotlin.descriptors.SourceElement$1                                : loaded 2 times (x 74B)
Class org.jetbrains.kotlin.com.intellij.openapi.diagnostic.Attachment                 : loaded 2 times (x 72B)
Class kotlin.reflect.jvm.internal.calls.CallerImpl$Method                             : loaded 2 times (x 85B)
Class org.jetbrains.kotlin.cli.common.arguments.CommonToolArguments                   : loaded 2 times (x 73B)
Class com.google.wireless.android.sdk.stats.AndroidStudioEvent$TemplatesUsage         : loaded 2 times (x 206B)
Class com.google.wireless.android.sdk.stats.WifiPairingEvent                          : loaded 2 times (x 210B)
Class com.google.wireless.android.sdk.stats.SystemHealthEvent                         : loaded 2 times (x 210B)
Class com.google.wireless.android.sdk.stats.ImportSampleEvent                         : loaded 2 times (x 197B)
Class com.google.wireless.android.sdk.stats.DefaultActivityLocatorStatsOrBuilder      : loaded 2 times (x 70B)
Class com.google.wireless.android.sdk.stats.LintActionOrBuilder                       : loaded 2 times (x 70B)
Class com.google.wireless.android.sdk.stats.JvmDetailsOrBuilder                       : loaded 2 times (x 70B)
Class it.unimi.dsi.fastutil.Pair                                                      : loaded 2 times (x 70B)
Class com.google.gson.stream.MalformedJsonException                                   : loaded 2 times (x 82B)
Class com.google.wireless.android.sdk.stats.MachineDetailsOrBuilder                   : loaded 2 times (x 70B)
Class com.google.wireless.android.sdk.stats.AndroidViewShowBuildFilesInModuleEventOrBuilder: loaded 2 times (x 70B)
Class com.google.wireless.android.sdk.stats.SplittingTabsUsageEventOrBuilder          : loaded 2 times (x 70B)
Class kotlin.reflect.jvm.internal.impl.serialization.deserialization.descriptors.DeserializedClassConstructorDescriptor: loaded 2 times (x 231B)
Class kotlin.reflect.jvm.internal.impl.metadata.jvm.deserialization.JvmMemberSignature$Method: loaded 2 times (x 73B)
Class kotlin.reflect.jvm.internal.JvmFunctionSignature                                : loaded 2 times (x 72B)
Class kotlin.reflect.jvm.internal.impl.serialization.deserialization.descriptors.DeserializedMemberDescriptor: loaded 2 times (x 70B)
Class kotlin.reflect.jvm.internal.impl.types.TypeAttribute                            : loaded 2 times (x 74B)
Class [Lkotlin.reflect.jvm.internal.impl.resolve.scopes.ResolutionScope;              : loaded 2 times (x 69B)
Class kotlin.reflect.jvm.internal.impl.protobuf.WireFormat$JavaType                   : loaded 2 times (x 79B)
Class kotlin.reflect.jvm.internal.impl.types.AbstractTypeConstructor                  : loaded 2 times (x 96B)
Class kotlin.reflect.jvm.internal.impl.renderer.RenderingUtilsKt                      : loaded 2 times (x 71B)
Class kotlin.reflect.jvm.internal.impl.renderer.ParameterNameRenderingPolicy          : loaded 2 times (x 79B)
Class kotlin.reflect.jvm.internal.impl.descriptors.FunctionDescriptor                 : loaded 2 times (x 70B)
Class kotlin.reflect.jvm.internal.impl.descriptors.impl.PackageViewDescriptorFactory$Default: loaded 2 times (x 74B)
Class it.unimi.dsi.fastutil.ints.IntArrays$Segment                                    : loaded 2 times (x 71B)
Class it.unimi.dsi.fastutil.ints.IntBidirectionalIterator                             : loaded 2 times (x 70B)
Class com.google.wireless.android.sdk.stats.GradleJdkInvalidEvent                     : loaded 2 times (x 195B)
Class kotlin.coroutines.jvm.internal.Boxing                                           : loaded 2 times (x 71B)
Class com.google.wireless.android.sdk.stats.RunStartData                              : loaded 2 times (x 202B)
Class com.android.tools.lint.model.LintModelAndroidLibrary                            : loaded 2 times (x 70B)
Class com.android.tools.analytics.HostData$threadBean$2                               : loaded 2 times (x 78B)
Class com.google.protobuf.WireFormat                                                  : loaded 2 times (x 71B)
Class com.google.common.collect.LinkedListMultimap$1KeySetImpl                        : loaded 2 times (x 136B)
Class com.google.common.collect.MultimapBuilder$MultimapBuilderWithKeys$6             : loaded 2 times (x 76B)
Class com.google.common.util.concurrent.AbstractFuture$Failure                        : loaded 2 times (x 72B)
Class androidx.lint.kotlin.metadata.internal.FlagDelegatesImplKt                      : loaded 2 times (x 71B)
Class androidx.lint.kotlin.metadata.jvm.internal.JvmFunctionExtension                 : loaded 2 times (x 77B)
Class org.jetbrains.kotlin.cli.common.arguments.ArgumentField                         : loaded 2 times (x 72B)
Class org.jetbrains.kotlin.protobuf.GeneratedMessageLite$ExtendableMessageOrBuilder   : loaded 2 times (x 70B)
Class com.google.protobuf.PrimitiveNonBoxingCollection                                : loaded 2 times (x 70B)
Class com.google.wireless.android.sdk.stats.SkillsEvent                               : loaded 2 times (x 204B)
Class com.google.wireless.android.sdk.stats.DynamicLayoutInspectorEvent               : loaded 2 times (x 211B)
Class com.google.wireless.android.sdk.stats.GradleCppSyncStats                        : loaded 2 times (x 203B)
Class com.google.wireless.android.sdk.stats.IDeviceUsageEventOrBuilder                : loaded 2 times (x 70B)
Class com.google.wireless.android.sdk.stats.IntellijIndexingStatsOrBuilder            : loaded 2 times (x 70B)
Class com.google.wireless.android.sdk.stats.TypingLatencyStatsOrBuilder               : loaded 2 times (x 70B)
Class com.google.wireless.android.sdk.stats.JourneyFinishedEventOrBuilder             : loaded 2 times (x 70B)
Class com.google.wireless.android.sdk.stats.SoongSyncStatsOrBuilder                   : loaded 2 times (x 70B)
Class com.google.wireless.android.sdk.stats.AvdLaunchEventOrBuilder                   : loaded 2 times (x 70B)
Class com.google.gson.stream.JsonReader                                               : loaded 2 times (x 97B)
Class org.jetbrains.kotlin.metadata.ProtoBuf$FunctionOrBuilder                        : loaded 2 times (x 70B)
Class org.jetbrains.kotlin.protobuf.GeneratedMessageLite$1                            : loaded 2 times (x 71B)
Class androidx.lint.kotlin.metadata.internal.metadata.ProtoBuf$TypeOrBuilder          : loaded 2 times (x 70B)
Class kotlin.reflect.jvm.internal.impl.load.java.BuiltinSpecialPropertiesKt           : loaded 2 times (x 71B)
Class [Lkotlin.reflect.jvm.internal.impl.descriptors.ClassifierDescriptor;            : loaded 2 times (x 69B)
Class kotlin.reflect.jvm.internal.impl.serialization.deserialization.ProtoContainer$Class: loaded 2 times (x 74B)
Class [Lkotlin.reflect.jvm.internal.impl.types.Variance;                              : loaded 2 times (x 69B)
Class kotlin.reflect.jvm.internal.impl.metadata.ProtoBuf$Type$Argument$Projection     : loaded 2 times (x 82B)
Class kotlin.reflect.jvm.internal.impl.serialization.deserialization.AbstractDeserializedPackageFragmentProvider$$Lambda$0: loaded 2 times (x 76B)
Class kotlin.reflect.jvm.internal.impl.metadata.ProtoBuf$Annotation$Argument$Value$Type$1: loaded 2 times (x 74B)
Class kotlin.reflect.jvm.internal.impl.metadata.jvm.JvmProtoBuf$JvmMethodSignature    : loaded 2 times (x 98B)
Class kotlin.reflect.jvm.internal.impl.descriptors.DescriptorVisibilities$1           : loaded 2 times (x 76B)
Class kotlin.reflect.jvm.internal.impl.descriptors.impl.DeclarationDescriptorNonRootImpl: loaded 2 times (x 96B)
Class kotlin.reflect.jvm.internal.impl.types.ErasureProjectionComputer                : loaded 2 times (x 72B)
Class kotlin.reflect.jvm.internal.impl.utils.WrappedValues$WrappedProcessCanceledException: loaded 2 times (x 82B)
Class androidx.lint.kotlin.metadata.internal.ReadUtilsKt                              : loaded 2 times (x 71B)
Class [Landroidx.lint.kotlin.metadata.internal.metadata.ProtoBuf$MemberKind;          : loaded 2 times (x 69B)
Class com.android.tools.lint.model.DefaultLintModelVariant$mainArtifact$2             : loaded 2 times (x 79B)
Class com.android.sdklib.IAndroidTarget                                               : loaded 2 times (x 70B)
Class com.android.ide.common.blame.SourcePosition                                     : loaded 2 times (x 71B)
Class com.google.common.collect.HashMultiset                                          : loaded 2 times (x 163B)
Class com.google.common.collect.ImmutableSetMultimap                                  : loaded 2 times (x 180B)
Class org.objectweb.asm.CurrentFrame                                                  : loaded 2 times (x 73B)
Class org.objectweb.asm.ClassTooLargeException                                        : loaded 2 times (x 83B)
Class androidx.lint.kotlin.metadata.KmTypeProjection                                  : loaded 2 times (x 72B)
Class androidx.lint.kotlin.metadata.internal.metadata.ProtoBuf$VersionRequirement$VersionKind$1: loaded 2 times (x 74B)
Class androidx.lint.kotlin.metadata.internal.metadata.jvm.JvmProtoBuf$JvmPropertySignatureOrBuilder: loaded 2 times (x 70B)
Class [Lorg.jetbrains.kotlin.metadata.ProtoBuf$Type$Argument$Projection;              : loaded 2 times (x 69B)
Class org.jetbrains.org.objectweb.asm.RecordComponentWriter                           : loaded 2 times (x 78B)
Class kotlin.reflect.jvm.internal.impl.load.kotlin.AbstractBinaryClassAnnotationLoader: loaded 2 times (x 98B)
Class com.google.common.collect.RangeGwtSerializationDependencies                     : loaded 2 times (x 71B)
Class com.android.tools.analytics.CommonMetricsData                                   : loaded 2 times (x 71B)
Class com.google.wireless.android.sdk.stats.RenderSecurityManagerEventOrBuilder       : loaded 2 times (x 70B)
Class com.google.wireless.android.sdk.stats.StudioPatchUpdaterEventOrBuilder          : loaded 2 times (x 70B)
Class com.google.wireless.android.sdk.stats.GradleDaemonJvmCriteriaErrorEventOrBuilder: loaded 2 times (x 70B)
Class com.google.wireless.android.sdk.stats.DeviceManagerEventOrBuilder               : loaded 2 times (x 70B)
Class kotlin.reflect.jvm.internal.impl.metadata.ProtoBuf$TypeParameter$1              : loaded 2 times (x 87B)
Class kotlin.reflect.jvm.internal.impl.serialization.deserialization.EnumEntriesDeserializationSupport: loaded 2 times (x 70B)
Class [Lkotlin.reflect.jvm.internal.impl.descriptors.annotations.AnnotatedImpl;       : loaded 2 times (x 69B)
Class kotlin.reflect.jvm.internal.impl.load.java.lazy.descriptors.LazyJavaScope$$Lambda$5: loaded 2 times (x 76B)
Class com.google.common.collect.MapMakerInternalMap$InternalEntryHelper               : loaded 2 times (x 70B)
Class com.google.common.io.ByteSource$AsCharSource                                    : loaded 2 times (x 86B)
Class kotlin.reflect.jvm.internal.impl.load.java.descriptors.JavaClassDescriptor      : loaded 2 times (x 70B)
Class kotlin.reflect.jvm.internal.impl.metadata.ProtoBuf$Type$Argument$Projection$1   : loaded 2 times (x 74B)
Class kotlin.reflect.jvm.internal.impl.load.java.lazy.descriptors.LazyJavaPackageScope$$Lambda$0: loaded 2 times (x 76B)
Class kotlin.reflect.jvm.internal.impl.load.java.lazy.descriptors.JvmPackageScope     : loaded 2 times (x 85B)
Class kotlin.reflect.jvm.internal.impl.serialization.deserialization.AbstractDeserializedPackageFragmentProvider: loaded 2 times (x 85B)
Class kotlin.reflect.jvm.internal.impl.descriptors.Visibilities$Internal              : loaded 2 times (x 75B)
Class kotlin.reflect.jvm.internal.impl.descriptors.DescriptorVisibilities$2           : loaded 2 times (x 76B)
Class kotlin.reflect.jvm.internal.impl.metadata.ProtoBuf$Class$Kind                   : loaded 2 times (x 82B)
Class kotlin.reflect.jvm.internal.impl.metadata.deserialization.MetadataVersion$Companion: loaded 2 times (x 71B)
Class kotlin.reflect.jvm.internal.impl.load.kotlin.DeserializedDescriptorResolver     : loaded 2 times (x 72B)
Class kotlin.reflect.jvm.internal.impl.descriptors.impl.ModuleDescriptorImpl          : loaded 2 times (x 97B)
Class kotlin.reflect.jvm.internal.impl.types.model.KotlinTypeMarker                   : loaded 2 times (x 70B)
Class kotlin.reflect.jvm.internal.impl.serialization.deserialization.ProtoContainer   : loaded 2 times (x 73B)
Class org.jetbrains.kotlin.cli.common.messages.MessageCollector$Companion$NONE$1      : loaded 2 times (x 76B)
Class kotlin.reflect.jvm.internal.impl.resolve.NonReportingOverrideStrategy           : loaded 2 times (x 76B)
Class com.android.ide.common.gradle.Version$Companion$ParseState$NUMERIC              : loaded 2 times (x 74B)
Class com.android.ide.common.repository.AgpVersion$PreviewKind                        : loaded 2 times (x 79B)
Class [Lcom.android.tools.lint.model.LintModelModuleType;                             : loaded 2 times (x 69B)
Class com.android.tools.lint.model.LintModelSerialization$LintModelSerializationFileAdapter$WhenMappings: loaded 2 times (x 71B)
Class kotlin.reflect.jvm.internal.impl.builtins.functions.FunctionClassDescriptor     : loaded 2 times (x 175B)
Class kotlin.reflect.jvm.internal.impl.resolve.OverridingUtil$5                       : loaded 2 times (x 75B)
Class com.google.wireless.android.sdk.stats.BrowserSurveyEventOrBuilder               : loaded 2 times (x 70B)
Class com.google.wireless.android.sdk.stats.AppLinksAssistantEvent                    : loaded 2 times (x 231B)
Class org.objectweb.asm.Frame                                                         : loaded 2 times (x 73B)
Class androidx.lint.kotlin.metadata.jvm.internal.JvmClassExtension                    : loaded 2 times (x 77B)
Class androidx.lint.kotlin.metadata.internal.metadata.ProtoBuf$Type$Argument          : loaded 2 times (x 110B)
Class org.jetbrains.kotlin.metadata.ProtoBuf$EnumEntryOrBuilder                       : loaded 2 times (x 70B)
Class com.google.wireless.android.sdk.stats.KotlinGradlePerformance                   : loaded 2 times (x 227B)
Class org.jetbrains.kotlin.metadata.jvm.JvmProtoBuf$JvmPropertySignature$1            : loaded 2 times (x 144B)
Class com.google.wireless.android.sdk.stats.StudioBotToolWindowAutoOpenEvent          : loaded 2 times (x 195B)
Class com.google.wireless.android.sdk.stats.TSdkUAEvent                               : loaded 2 times (x 204B)
Class com.google.wireless.android.sdk.stats.HeapReportEvent                           : loaded 2 times (x 199B)
Class com.google.wireless.android.sdk.stats.LiveLiteralsEvent                         : loaded 2 times (x 203B)
Class com.google.wireless.android.sdk.stats.MetaMetricsOrBuilder                      : loaded 2 times (x 70B)
Class [Lcom.android.tools.analytics.JournalingUsageTracker$State;                     : loaded 2 times (x 69B)
Class com.google.common.collect.RegularImmutableBiMap$Inverse$InverseEntrySet         : loaded 2 times (x 152B)
Class kotlin.reflect.jvm.internal.impl.descriptors.runtime.structure.ReflectJavaClass$methods$2: loaded 2 times (x 125B)
Class kotlin.reflect.jvm.internal.impl.descriptors.TypeParameterDescriptor            : loaded 2 times (x 70B)
Class kotlin.reflect.jvm.internal.impl.metadata.deserialization.NameResolverImpl$WhenMappings: loaded 2 times (x 71B)
Class kotlin.reflect.jvm.internal.impl.serialization.deserialization.DeserializedPackageFragment: loaded 2 times (x 108B)
Class kotlin.reflect.jvm.internal.impl.load.java.lazy.descriptors.LazyJavaPackageScope$$Lambda$1: loaded 2 times (x 76B)
Class kotlin.reflect.jvm.internal.impl.load.java.lazy.descriptors.LazyJavaPackageFragment: loaded 2 times (x 105B)
Class kotlin.reflect.jvm.internal.impl.metadata.ProtoBuf$ContractOrBuilder            : loaded 2 times (x 70B)
Class kotlin.reflect.jvm.internal.impl.protobuf.GeneratedMessageLite$ExtendableMessageOrBuilder: loaded 2 times (x 70B)
Class kotlin.reflect.jvm.internal.impl.descriptors.DescriptorVisibilities$3           : loaded 2 times (x 76B)
Class kotlin.reflect.jvm.internal.impl.types.error.ErrorEntity                        : loaded 2 times (x 79B)
Class kotlin.reflect.jvm.internal.impl.types.error.ErrorUtils                         : loaded 2 times (x 71B)
Class [Lkotlin.reflect.jvm.internal.impl.renderer.RenderingFormat;                    : loaded 2 times (x 69B)
Class kotlin.reflect.jvm.internal.impl.storage.LockBasedStorageManager$1              : loaded 2 times (x 95B)
Class com.google.protobuf.CodedInputStream$StreamDecoder                              : loaded 2 times (x 120B)
Class org.jetbrains.kotlin.metadata.deserialization.MetadataVersion$Companion         : loaded 2 times (x 71B)
Class [Lorg.jetbrains.kotlin.metadata.ProtoBuf$Modality;                              : loaded 2 times (x 69B)
Class androidx.lint.kotlin.metadata.internal.protobuf.Parser                          : loaded 2 times (x 70B)
Class androidx.lint.kotlin.metadata.internal.metadata.deserialization.BinaryVersion$Companion: loaded 2 times (x 71B)
Class androidx.lint.kotlin.metadata.KmValueParameter                                  : loaded 2 times (x 72B)
Class com.google.common.collect.AbstractMapBasedMultimap$NavigableKeySet              : loaded 2 times (x 262B)
Class com.google.wireless.android.sdk.stats.StudioProjectChange                       : loaded 2 times (x 195B)
Class com.google.wireless.android.sdk.stats.IntelliJNewUISwitchOrBuilder              : loaded 2 times (x 70B)
Class com.google.wireless.android.sdk.stats.EmulatorUiEventOrBuilder                  : loaded 2 times (x 70B)
Class com.google.wireless.android.sdk.stats.LintSession                               : loaded 2 times (x 221B)
Class androidx.lint.kotlin.metadata.internal.metadata.ProtoBuf$VersionRequirementOrBuilder: loaded 2 times (x 70B)
Class kotlin.TypeCastException                                                        : loaded 2 times (x 82B)
Class kotlin.reflect.jvm.internal.impl.serialization.deserialization.descriptors.DeserializedSimpleFunctionDescriptor: loaded 2 times (x 213B)
Class kotlin.reflect.jvm.internal.impl.serialization.deserialization.descriptors.PreReleaseInfo: loaded 2 times (x 72B)
Class kotlin.reflect.jvm.internal.impl.load.kotlin.KotlinClassFinderKt                : loaded 2 times (x 71B)
Class kotlin.reflect.jvm.internal.UtilKt                                              : loaded 2 times (x 71B)
Class kotlin.reflect.jvm.internal.impl.load.java.BuiltinMethodsWithSpecialGenericSignature: loaded 2 times (x 71B)
Class kotlin.reflect.jvm.internal.impl.descriptors.impl.AbstractTypeParameterDescriptor$1: loaded 2 times (x 77B)
Class kotlin.reflect.jvm.internal.impl.metadata.deserialization.VersionRequirementTable$Companion: loaded 2 times (x 71B)
Class kotlin.reflect.jvm.internal.impl.protobuf.SmallSortedMap$Entry                  : loaded 2 times (x 88B)
Class kotlin.reflect.jvm.internal.impl.serialization.deserialization.builtins.BuiltInsPackageFragmentImpl$Companion: loaded 2 times (x 71B)
Class kotlin.reflect.jvm.internal.impl.serialization.deserialization.ClassDeserializer$$Lambda$0: loaded 2 times (x 76B)
Class kotlin.reflect.jvm.internal.impl.metadata.ProtoBuf$Package$1                    : loaded 2 times (x 87B)
Class kotlin.reflect.jvm.internal.impl.descriptors.DescriptorVisibilities$4           : loaded 2 times (x 76B)
Class [Lkotlin.reflect.jvm.internal.impl.descriptors.CallableMemberDescriptor$Kind;   : loaded 2 times (x 69B)
Class kotlin.reflect.jvm.internal.impl.types.checker.KotlinTypeRefinerKt              : loaded 2 times (x 71B)
Class kotlin.reflect.jvm.internal.impl.descriptors.ClassDescriptor                    : loaded 2 times (x 70B)
Class kotlin.reflect.jvm.internal.impl.load.kotlin.PackagePartProvider                : loaded 2 times (x 70B)
Class org.gradle.internal.classloader.ClassLoaderHierarchy                            : loaded 2 times (x 70B)
Class jdk.internal.jimage.BasicImageReader                                            : loaded 2 times (x 95B)
Class it.unimi.dsi.fastutil.ints.IntArrays$ForkJoinQuickSort                          : loaded 2 times (x 96B)
Class kotlinx.coroutines.BuildersKt                                                   : loaded 2 times (x 71B)
Class kotlin.reflect.jvm.internal.impl.resolve.jvm.JvmClassName                       : loaded 2 times (x 75B)
Class com.android.prefs.Global                                                        : loaded 2 times (x 80B)
Class kotlinx.coroutines.internal.ThreadContextKt                                     : loaded 2 times (x 71B)
Class it.unimi.dsi.fastutil.Stack                                                     : loaded 2 times (x 70B)
Class kotlin.sequences.DropWhileSequence$iterator$1                                   : loaded 2 times (x 79B)
Class org.objectweb.asm.ModuleWriter                                                  : loaded 2 times (x 82B)
Class [Landroidx.lint.kotlin.metadata.internal.metadata.ProtoBuf$Annotation$Argument$Value$Type;: loaded 2 times (x 69B)
Class androidx.lint.kotlin.metadata.internal.protobuf.CodedOutputStream               : loaded 2 times (x 72B)
Class androidx.lint.kotlin.metadata.internal.metadata.jvm.deserialization.BitEncoding : loaded 2 times (x 71B)
Class [Lkotlin.reflect.jvm.internal.impl.protobuf.Internal$EnumLite;                  : loaded 2 times (x 69B)
Class kotlin.reflect.jvm.internal.impl.load.java.lazy.descriptors.LazyJavaScope$$Lambda$4: loaded 2 times (x 76B)
Class com.google.wireless.android.sdk.stats.LiveEditEvent                             : loaded 2 times (x 209B)
Class com.google.wireless.android.sdk.stats.ProjectViewSelectionChangeEvent           : loaded 2 times (x 197B)
Class com.google.wireless.android.sdk.stats.KotlinSupportDeclined                     : loaded 2 times (x 195B)
Class com.google.wireless.android.sdk.stats.FirebaseManagementEvent                   : loaded 2 times (x 202B)
Class com.google.wireless.android.sdk.stats.DeclarativeWatchFaceEventOrBuilder        : loaded 2 times (x 70B)
Class com.google.wireless.android.sdk.stats.EmulatorPerformanceStatsOrBuilder         : loaded 2 times (x 70B)
Class com.google.wireless.android.sdk.stats.AdbServerStatusOrBuilder                  : loaded 2 times (x 70B)
Class com.google.wireless.android.sdk.stats.RenderToolEventOrBuilder                  : loaded 2 times (x 70B)
Class com.google.protobuf.Descriptors$Descriptor                                      : loaded 2 times (x 76B)
Class [Lcom.android.tools.analytics.Environment$SystemProperty;                       : loaded 2 times (x 69B)
Class com.android.tools.analytics.AnalyticsSettings                                   : loaded 2 times (x 71B)
Class kotlin.reflect.jvm.internal.impl.metadata.ProtoBuf$Visibility$1                 : loaded 2 times (x 74B)
Class kotlin.reflect.jvm.internal.impl.serialization.deserialization.descriptors.DeserializedTypeParameterDescriptor$$Lambda$0: loaded 2 times (x 76B)
Class kotlin.reflect.jvm.internal.calls.CallerImpl                                    : loaded 2 times (x 85B)
Class kotlin.reflect.jvm.internal.impl.types.FlexibleType                             : loaded 2 times (x 90B)
Class kotlin.reflect.jvm.internal.impl.descriptors.impl.AbstractTypeParameterDescriptor$2: loaded 2 times (x 77B)
Class kotlin.reflect.jvm.internal.impl.serialization.deserialization.descriptors.DeserializedTypeParameterDescriptor: loaded 2 times (x 124B)
Class [Lkotlin.reflect.jvm.internal.impl.metadata.ProtoBuf$Class$Kind;                : loaded 2 times (x 69B)
Class kotlin.reflect.jvm.internal.impl.serialization.deserialization.descriptors.DeserializedMemberScope: loaded 2 times (x 102B)
Class [Lkotlin.reflect.jvm.internal.impl.metadata.ProtoBuf$QualifiedNameTable$QualifiedName$Kind;: loaded 2 times (x 69B)
Class kotlin.reflect.jvm.internal.impl.resolve.scopes.AbstractScopeAdapter            : loaded 2 times (x 93B)
Class kotlin.reflect.jvm.internal.impl.metadata.builtins.BuiltInsProtoBuf             : loaded 2 times (x 71B)
Class kotlin.reflect.jvm.internal.impl.metadata.jvm.JvmProtoBuf$JvmPropertySignature  : loaded 2 times (x 98B)
Class kotlin.reflect.jvm.internal.impl.metadata.ProtoBuf$FunctionOrBuilder            : loaded 2 times (x 70B)
Class kotlin.reflect.jvm.internal.impl.types.TypeAttributes$Companion                 : loaded 2 times (x 73B)
Class kotlin.reflect.jvm.internal.impl.descriptors.DescriptorVisibilities$5           : loaded 2 times (x 76B)
Class kotlin.reflect.jvm.internal.impl.descriptors.Visibilities$PrivateToThis         : loaded 2 times (x 75B)
Class kotlin.reflect.jvm.internal.impl.load.kotlin.AbstractBinaryClassAnnotationLoader$Companion: loaded 2 times (x 71B)
Class kotlin.reflect.jvm.internal.impl.builtins.ReflectionTypes$ClassLookup           : loaded 2 times (x 71B)
Class kotlin.reflect.jvm.internal.impl.descriptors.SupertypeLoopChecker               : loaded 2 times (x 70B)
Class kotlin.reflect.jvm.internal.impl.resolve.sam.SamConversionResolverImpl          : loaded 2 times (x 72B)
Class kotlinx.coroutines.Incomplete                                                   : loaded 2 times (x 70B)
Class org.jetbrains.kotlin.cli.common.messages.MessageRenderer                        : loaded 2 times (x 70B)
Class kotlin.reflect.jvm.internal.impl.descriptors.TypeParameterUtilsKt               : loaded 2 times (x 71B)
Class com.google.common.collect.MultimapBuilder$1                                     : loaded 2 times (x 83B)
Class kotlin.reflect.jvm.internal.impl.types.AbstractTypeConstructor$Supertypes       : loaded 2 times (x 72B)
Class Settings_gradle$1$1$1                                                           : loaded 2 times (x 75B)
Class androidx.lint.kotlin.metadata.internal.metadata.jvm.JvmProtoBuf$JvmMethodSignatureOrBuilder: loaded 2 times (x 70B)
Class org.jetbrains.kotlin.descriptors.Visibility                                     : loaded 2 times (x 79B)
Class org.jetbrains.kotlin.protobuf.RopeByteString$RopeInputStream                    : loaded 2 times (x 92B)
Class org.jetbrains.kotlin.protobuf.CodedInputStream                                  : loaded 2 times (x 72B)
Class org.jetbrains.org.objectweb.asm.MethodTooLargeException                         : loaded 2 times (x 83B)
Class kotlin.reflect.jvm.internal.impl.load.kotlin.header.ReadKotlinClassHeaderAnnotationVisitor: loaded 2 times (x 80B)
Class [Lkotlin.reflect.jvm.internal.impl.types.model.TypeArgumentMarker;              : loaded 2 times (x 69B)
Class com.google.wireless.android.sdk.stats.DeviceMirroringSession                    : loaded 2 times (x 201B)
Class com.google.wireless.android.sdk.stats.UserTierUpgradeEventOrBuilder             : loaded 2 times (x 70B)
Class com.android.tools.analytics.AnalyticsPaths                                      : loaded 2 times (x 71B)
Class kotlin.concurrent.LocksKt                                                       : loaded 2 times (x 71B)
Class kotlin.reflect.jvm.internal.impl.descriptors.ValueParameterDescriptor           : loaded 2 times (x 70B)
Class kotlin.reflect.jvm.internal.impl.load.java.SpecialGenericSignatures             : loaded 2 times (x 71B)
Class kotlin.reflect.jvm.internal.impl.resolve.InlineClassesUtilsKt                   : loaded 2 times (x 71B)
Class kotlin.reflect.jvm.internal.impl.protobuf.UnmodifiableLazyStringList            : loaded 2 times (x 258B)
Class kotlin.reflect.jvm.internal.impl.storage.LockBasedStorageManager$4              : loaded 2 times (x 84B)
Class kotlin.reflect.jvm.internal.impl.descriptors.DescriptorVisibilities$6           : loaded 2 times (x 76B)
Class kotlin.reflect.jvm.internal.impl.descriptors.DeclarationDescriptorVisitor       : loaded 2 times (x 70B)
Class kotlin.reflect.jvm.internal.impl.renderer.DescriptorRenderer$ValueParametersHandler$DEFAULT: loaded 2 times (x 77B)
Class kotlin.reflect.jvm.internal.impl.load.java.components.JavaResolverCache$1       : loaded 2 times (x 78B)
Class kotlin.reflect.jvm.internal.impl.storage.CacheWithNotNullValues                 : loaded 2 times (x 70B)
Class kotlinx.coroutines.AbstractTimeSourceKt                                         : loaded 2 times (x 71B)
Class com.google.common.collect.MultimapBuilder$2                                     : loaded 2 times (x 83B)
Class com.google.common.collect.MultimapBuilder$MultimapBuilderWithKeys               : loaded 2 times (x 82B)
Class [Lkotlin.reflect.jvm.internal.impl.metadata.ProtoBuf$Effect$InvocationKind;     : loaded 2 times (x 69B)
Class androidx.lint.kotlin.metadata.internal.metadata.ProtoBuf$EffectOrBuilder        : loaded 2 times (x 70B)
Class androidx.lint.kotlin.metadata.jvm.KotlinClassMetadata$MultiFileClassFacade      : loaded 2 times (x 77B)
Class androidx.lint.kotlin.metadata.internal.extensions.MetadataExtensions$Companion  : loaded 2 times (x 71B)
Class androidx.lint.kotlin.metadata.internal.protobuf.Internal$EnumLite               : loaded 2 times (x 70B)
Class androidx.lint.kotlin.metadata.internal.protobuf.SmallSortedMap$EmptySet$1       : loaded 2 times (x 78B)
Class org.jetbrains.kotlin.metadata.ProtoBuf$1                                        : loaded 2 times (x 71B)
Class org.jetbrains.kotlin.mpp.DeclarationSymbolMarker                                : loaded 2 times (x 70B)
Class org.jetbrains.kotlin.protobuf.MessageLite$Builder                               : loaded 2 times (x 70B)
Class org.jetbrains.org.objectweb.asm.CurrentFrame                                    : loaded 2 times (x 73B)
Class kotlin.reflect.jvm.internal.impl.resolve.scopes.MemberScope$Companion           : loaded 2 times (x 71B)
Class com.google.wireless.android.sdk.stats.SetupWizardEvent                          : loaded 2 times (x 212B)
Class com.google.wireless.android.sdk.stats.SmlGeolocationEvent                       : loaded 2 times (x 201B)
Class com.google.wireless.android.sdk.stats.MemorySettingsEvent                       : loaded 2 times (x 205B)
Class com.google.wireless.android.sdk.stats.ConnectionAssistantEventOrBuilder         : loaded 2 times (x 70B)
Class com.google.wireless.android.sdk.stats.StartupPerformanceCodeLoadedAndVisibleInEditorOrBuilder: loaded 2 times (x 70B)
Class com.google.wireless.android.sdk.stats.SuggestedImportEventOrBuilder             : loaded 2 times (x 70B)
Class kotlin.jvm.internal.ByteCompanionObject                                         : loaded 2 times (x 71B)
Class com.google.common.collect.MapMakerInternalMap$WeakKeyStrongValueSegment         : loaded 2 times (x 142B)
Class kotlin.reflect.jvm.internal.impl.metadata.ProtoBuf$Effect$EffectType            : loaded 2 times (x 82B)
Class kotlin.reflect.jvm.internal.impl.load.java.typeEnhancement.MutabilityQualifier  : loaded 2 times (x 79B)
Class kotlin.reflect.jvm.internal.impl.types.TypeSystemCommonBackendContext           : loaded 2 times (x 70B)
Class kotlin.reflect.jvm.internal.impl.descriptors.runtime.structure.ReflectJavaAnnotationOwner: loaded 2 times (x 70B)
Class kotlin.reflect.jvm.internal.impl.protobuf.UninitializedMessageException         : loaded 2 times (x 83B)
Class kotlin.reflect.jvm.internal.impl.serialization.deserialization.builtins.BuiltInSerializerProtocol: loaded 2 times (x 72B)
Class kotlin.reflect.jvm.internal.impl.metadata.ProtoBuf$TypeOrBuilder                : loaded 2 times (x 70B)
Class kotlin.reflect.jvm.internal.impl.descriptors.Visibilities$InvisibleFake         : loaded 2 times (x 75B)
Class kotlin.reflect.jvm.internal.impl.descriptors.DescriptorVisibilities$7           : loaded 2 times (x 76B)
Class kotlin.reflect.jvm.internal.impl.storage.LockBasedStorageManager$5              : loaded 2 times (x 85B)
Class kotlin.reflect.jvm.internal.impl.builtins.jvm.JavaToKotlinClassMapper           : loaded 2 times (x 71B)
Class kotlin.reflect.jvm.internal.impl.load.java.components.JavaPropertyInitializerEvaluator: loaded 2 times (x 70B)
Class kotlin.reflect.jvm.internal.impl.load.java.JavaNullabilityAnnotationSettingsKt  : loaded 2 times (x 71B)
Class kotlin.reflect.jvm.internal.impl.load.java.lazy.SingleModuleClassResolver       : loaded 2 times (x 75B)
Class kotlin.reflect.jvm.internal.impl.descriptors.impl.PackageViewDescriptorFactory$Companion: loaded 2 times (x 71B)
Class kotlin.reflect.jvm.internal.impl.resolve.OverridingUtil$4                       : loaded 2 times (x 74B)
Class [Lcom.google.common.collect.MapMakerInternalMap$Segment;                        : loaded 2 times (x 69B)
Class com.google.common.collect.MultimapBuilder$3                                     : loaded 2 times (x 84B)
Class com.android.tools.analytics.UsageTracker$setMaxJournalTime$1                    : loaded 2 times (x 79B)
Class com.google.common.collect.HashMultimap                                          : loaded 2 times (x 174B)
Class com.google.protobuf.MapField                                                    : loaded 2 times (x 89B)
Class org.gradle.internal.installation.CurrentGradleInstallationLocator               : loaded 2 times (x 71B)
Class androidx.lint.kotlin.metadata.internal.metadata.jvm.deserialization.JvmNameResolverBase$Companion: loaded 2 times (x 71B)
Class androidx.lint.kotlin.metadata.internal.metadata.ProtoBuf$PackageOrBuilder       : loaded 2 times (x 70B)
Class androidx.lint.kotlin.metadata.internal.metadata.jvm.JvmProtoBuf$JvmPropertySignature: loaded 2 times (x 114B)
Class androidx.lint.kotlin.metadata.internal.protobuf.SmallSortedMap$EmptySet$2       : loaded 2 times (x 78B)
Class org.jetbrains.kotlin.metadata.ProtoBuf$VersionRequirement$Level$1               : loaded 2 times (x 74B)
Class org.jetbrains.kotlin.protobuf.FieldSet$1                                        : loaded 2 times (x 71B)
Class com.google.protobuf.CodedInputStream$ArrayDecoder                               : loaded 2 times (x 120B)
Class com.android.tools.analytics.HostData$osBean$2                                   : loaded 2 times (x 78B)
Class com.android.tools.analytics.HostData                                            : loaded 2 times (x 71B)
Class com.google.wireless.android.sdk.stats.IdePluginInfo                             : loaded 2 times (x 199B)
Class com.google.wireless.android.sdk.stats.OSMetrics                                 : loaded 2 times (x 199B)
Class com.google.wireless.android.sdk.stats.SdkIndexLibraryDetails                    : loaded 2 times (x 208B)
Class com.google.wireless.android.sdk.stats.UserIdResetEventOrBuilder                 : loaded 2 times (x 70B)
Class com.android.tools.analytics.JournalingUsageTracker                              : loaded 2 times (x 83B)
Class [Lcom.google.protobuf.Internal$EnumLite;                                        : loaded 2 times (x 69B)
Class com.google.wireless.android.sdk.stats.StudioUpdateFlowEventOrBuilder            : loaded 2 times (x 70B)
Class com.google.wireless.android.sdk.stats.DeviceExplorerEventOrBuilder              : loaded 2 times (x 70B)
Class com.google.common.io.ByteSource$SlicedByteSource                                : loaded 2 times (x 85B)
Class kotlin.reflect.jvm.internal.impl.load.java.typeEnhancement.JavaTypeEnhancement$Result: loaded 2 times (x 72B)
Class kotlin.reflect.jvm.internal.impl.metadata.ProtoBuf$MemberKind$1                 : loaded 2 times (x 74B)
Class kotlin.reflect.jvm.internal.impl.serialization.deserialization.ClassData        : loaded 2 times (x 72B)
Class [Lkotlin.reflect.jvm.internal.impl.load.java.structure.LightClassOriginKind;    : loaded 2 times (x 69B)
Class kotlin.reflect.jvm.internal.impl.builtins.jvm.JvmBuiltInsPackageFragmentProvider$Companion: loaded 2 times (x 71B)
Class kotlin.reflect.jvm.internal.impl.descriptors.DescriptorVisibilities$8           : loaded 2 times (x 76B)
Class kotlin.reflect.jvm.internal.impl.types.TypeUtils$SpecialType                    : loaded 2 times (x 96B)
Class [Lkotlin.reflect.jvm.internal.impl.descriptors.Modality;                        : loaded 2 times (x 69B)
Class kotlin.reflect.jvm.internal.impl.serialization.deserialization.LocalClassifierTypeSettings$Default: loaded 2 times (x 74B)
Class kotlin.reflect.jvm.internal.impl.types.TypeParameterUpperBoundEraser$$Lambda$0  : loaded 2 times (x 76B)
Class kotlin.reflect.jvm.internal.impl.descriptors.PropertyAccessorDescriptor         : loaded 2 times (x 70B)
Class kotlin.reflect.jvm.internal.impl.resolve.OverridingUtil                         : loaded 2 times (x 76B)
Class kotlin.reflect.jvm.internal.impl.types.checker.KotlinTypePreparator             : loaded 2 times (x 73B)
Class kotlin.reflect.jvm.internal.impl.load.java.lazy.JavaResolverSettings            : loaded 2 times (x 70B)
Class kotlin.reflect.jvm.internal.impl.descriptors.NotFoundClasses                    : loaded 2 times (x 72B)
Class kotlin.reflect.jvm.internal.impl.types.SimpleType                               : loaded 2 times (x 91B)
Class com.google.wireless.android.sdk.stats.DataBindingEvent                          : loaded 2 times (x 204B)
Class com.google.wireless.android.sdk.stats.Hypervisor                                : loaded 2 times (x 195B)
Class kotlinx.coroutines.Empty                                                        : loaded 2 times (x 75B)
Class com.android.tools.lint.model.DefaultLintModelDependencyGraph                    : loaded 2 times (x 78B)
Class com.android.tools.lint.model.DefaultLintModelLintOptions                        : loaded 2 times (x 103B)
Class com.google.protobuf.CodedInputStream$UnsafeDirectNioDecoder                     : loaded 2 times (x 120B)
Class com.google.common.collect.MultimapBuilder$4                                     : loaded 2 times (x 84B)
Class org.jetbrains.kotlin.load.kotlin.FileBasedKotlinClass$OuterAndInnerName         : loaded 2 times (x 72B)
Class org.jetbrains.kotlin.metadata.ProtoBuf$ContractOrBuilder                        : loaded 2 times (x 70B)
Class [Lkotlin.io.FileWalkDirection;                                                  : loaded 2 times (x 69B)
Class org.gradle.internal.service.DefaultServiceLocator                               : loaded 2 times (x 83B)
Class androidx.lint.kotlin.metadata.KmVersion                                         : loaded 2 times (x 71B)
Class androidx.lint.kotlin.metadata.internal.metadata.jvm.JvmProtoBuf$StringTableTypes$Record$Operation$1: loaded 2 times (x 74B)
Class androidx.lint.kotlin.metadata.internal.protobuf.FieldSet                        : loaded 2 times (x 72B)
Class androidx.lint.kotlin.metadata.jvm.internal.JvmReadUtils                         : loaded 2 times (x 71B)
Class org.jetbrains.kotlin.metadata.ProtoBuf$Class$Kind$1                             : loaded 2 times (x 74B)
Class org.jetbrains.kotlin.protobuf.SmallSortedMap$Entry                              : loaded 2 times (x 88B)
Class org.jetbrains.kotlin.metadata.ProtoBuf$Package$1                                : loaded 2 times (x 144B)
Class org.jetbrains.org.objectweb.asm.SymbolTable                                     : loaded 2 times (x 72B)
Class org.jetbrains.kotlin.name.FqName$Companion                                      : loaded 2 times (x 71B)
Class com.google.wireless.android.sdk.stats.VfsRefresh                                : loaded 2 times (x 195B)
Class com.google.wireless.android.sdk.stats.ComposePreviewCanvasEvent                 : loaded 2 times (x 197B)
Class com.google.wireless.android.sdk.stats.AndroidStudioEvent$Builder                : loaded 2 times (x 1047B)
Class com.google.wireless.android.sdk.stats.JourneyEngineErrorEventOrBuilder          : loaded 2 times (x 70B)
Class com.google.protobuf.ProtocolStringList                                          : loaded 2 times (x 70B)
Class [Lkotlin.reflect.jvm.internal.impl.types.TypeProjection;                        : loaded 2 times (x 69B)
Class kotlin.reflect.jvm.internal.impl.descriptors.runtime.structure.ReflectJavaClass$fields$1: loaded 2 times (x 125B)
Class kotlin.reflect.jvm.internal.impl.util.TypeRegistry$$Lambda$0                    : loaded 2 times (x 76B)
Class [Lkotlin.reflect.jvm.internal.impl.load.java.lazy.types.JavaTypeFlexibility;    : loaded 2 times (x 69B)
Class kotlin.reflect.jvm.internal.impl.descriptors.NotFoundClasses$MockClassDescriptor: loaded 2 times (x 175B)
Class kotlin.reflect.jvm.internal.impl.types.Variance                                 : loaded 2 times (x 80B)
Class kotlin.reflect.jvm.internal.impl.load.java.lazy.descriptors.LazyJavaPackageScope$KotlinClassLookupResult: loaded 2 times (x 71B)
Class kotlin.reflect.jvm.internal.impl.metadata.ProtoBuf$Class                        : loaded 2 times (x 104B)
Class kotlin.reflect.jvm.internal.impl.descriptors.DescriptorVisibilities$9           : loaded 2 times (x 76B)
Class kotlin.reflect.jvm.internal.impl.descriptors.ClassKind                          : loaded 2 times (x 79B)
Class kotlin.properties.ObservableProperty                                            : loaded 2 times (x 83B)
Class kotlin.reflect.jvm.internal.impl.serialization.deserialization.ContractDeserializer$Companion: loaded 2 times (x 71B)
Class kotlin.reflect.jvm.internal.impl.resolve.constants.UIntValue                    : loaded 2 times (x 74B)
Class kotlin.reflect.jvm.internal.impl.types.TypeParameterUpperBoundEraser$$Lambda$1  : loaded 2 times (x 76B)
Class kotlin.reflect.jvm.internal.impl.load.java.Jsr305Settings                       : loaded 2 times (x 72B)
Class org.jetbrains.kotlin.util.capitalizeDecapitalize.CapitalizeDecapitalizeKt       : loaded 2 times (x 71B)
Class [Lorg.jetbrains.kotlin.metadata.ProtoBuf$Visibility;                            : loaded 2 times (x 69B)
Class androidx.compose.lint.ComposableBodyVisitor                                     : loaded 2 times (x 72B)
Class androidx.lint.kotlin.metadata.jvm.KotlinClassMetadata                           : loaded 2 times (x 76B)
Class androidx.lint.kotlin.metadata.KmDeclarationContainer                            : loaded 2 times (x 70B)
Class com.android.tools.lint.model.DefaultLintModelJavaArtifact                       : loaded 2 times (x 89B)
Class androidx.lint.kotlin.metadata.jvm.internal.JvmPropertyExtension                 : loaded 2 times (x 77B)
Class com.google.common.collect.Maps$EntrySet                                         : loaded 2 times (x 136B)
Class org.gradle.internal.classloader.FilteringClassLoader                            : loaded 2 times (x 105B)
Class jdk.internal.jrtfs.JrtDirectoryStream                                           : loaded 2 times (x 89B)
Class kotlin.io.FileTreeWalk                                                          : loaded 2 times (x 75B)
Class org.gradle.internal.installation.CurrentGradleInstallation                      : loaded 2 times (x 73B)
Class com.android.prefs.AndroidPathLocator                                            : loaded 2 times (x 73B)
Class androidx.lint.kotlin.metadata.internal.metadata.deserialization.TypeTable       : loaded 2 times (x 72B)
Class androidx.lint.kotlin.metadata.internal.metadata.jvm.JvmProtoBuf$StringTableTypes$Record$1: loaded 2 times (x 144B)
Class androidx.lint.kotlin.metadata.internal.metadata.ProtoBuf$Annotation$1           : loaded 2 times (x 144B)
Class org.jetbrains.kotlin.metadata.ProtoBuf$Annotation$ArgumentOrBuilder             : loaded 2 times (x 70B)
Class org.jetbrains.kotlin.protobuf.FieldSet$FieldDescriptorLite                      : loaded 2 times (x 70B)
Class org.jetbrains.kotlin.protobuf.AbstractMessageLite                               : loaded 2 times (x 98B)
Class org.jetbrains.org.objectweb.asm.ModuleWriter                                    : loaded 2 times (x 82B)
Class org.objectweb.asm.Opcodes                                                       : loaded 2 times (x 70B)
Class com.google.wireless.android.sdk.stats.SmlChatBotEvent                           : loaded 2 times (x 255B)
Class com.google.wireless.android.sdk.stats.ImportSampleEventOrBuilder                : loaded 2 times (x 70B)
Class com.google.wireless.android.sdk.stats.AndroidStudioEvent$IdeBrand$1             : loaded 2 times (x 76B)
Class kotlin.reflect.jvm.internal.calls.CallerKt                                      : loaded 2 times (x 71B)
Class com.android.tools.lint.model.LintModelJavaLibrary                               : loaded 2 times (x 70B)
Class kotlin.ULong                                                                    : loaded 2 times (x 74B)
Class kotlin.reflect.jvm.internal.impl.types.model.DefinitelyNotNullTypeMarker        : loaded 2 times (x 70B)
Class kotlin.reflect.jvm.internal.impl.types.typeUtil.TypeUtilsKt                     : loaded 2 times (x 71B)
Class kotlin.reflect.jvm.internal.impl.descriptors.runtime.structure.ReflectJavaClass$fields$2: loaded 2 times (x 125B)
Class [Lkotlin.reflect.jvm.internal.impl.load.java.typeEnhancement.JavaTypeQualifiers;: loaded 2 times (x 69B)
Class kotlin.reflect.jvm.internal.impl.types.model.TypeSystemOptimizationContext      : loaded 2 times (x 70B)
Class kotlin.reflect.jvm.internal.impl.serialization.deserialization.descriptors.DeserializedMemberScope$OptimizedImplementation: loaded 2 times (x 81B)
Class kotlin.reflect.jvm.internal.impl.metadata.ProtoBuf$StringTable                  : loaded 2 times (x 98B)
Class kotlin.reflect.jvm.internal.impl.metadata.jvm.JvmProtoBuf$JvmPropertySignature$1: loaded 2 times (x 87B)
Class kotlin.ULong$Companion                                                          : loaded 2 times (x 71B)
Class kotlin.reflect.jvm.internal.impl.storage.LockBasedStorageManager$LockBasedLazyValueWithPostCompute: loaded 2 times (x 82B)
Class kotlin.reflect.jvm.internal.impl.types.TypeConstructor                          : loaded 2 times (x 70B)
Class kotlin.reflect.jvm.internal.impl.resolve.constants.IntValue                     : loaded 2 times (x 74B)
Class kotlin.reflect.jvm.internal.impl.descriptors.MemberDescriptor                   : loaded 2 times (x 70B)
Class kotlinx.coroutines.internal.ResizableAtomicArray                                : loaded 2 times (x 72B)
Class kotlinx.coroutines.scheduling.Task                                              : loaded 2 times (x 75B)
Class kotlin.coroutines.jvm.internal.CompletedContinuation                            : loaded 2 times (x 75B)
Class kotlin.reflect.jvm.internal.impl.types.extensions.TypeAttributeTranslators      : loaded 2 times (x 72B)
Class com.android.tools.lint.model.DefaultLintModelVariant                            : loaded 2 times (x 101B)
Class com.android.tools.lint.model.LintModelArtifact                                  : loaded 2 times (x 70B)
Class kotlin.reflect.jvm.internal.impl.metadata.ProtoBuf$Property$1                   : loaded 2 times (x 87B)
Class com.google.common.collect.ForwardingObject                                      : loaded 2 times (x 72B)
Class org.gradle.util.internal.GUtil                                                  : loaded 2 times (x 71B)
Class androidx.lint.kotlin.metadata.jvm.internal.JvmExtensionNodesKt                  : loaded 2 times (x 71B)
Class androidx.lint.kotlin.metadata.internal.metadata.ProtoBuf$VersionRequirementTableOrBuilder: loaded 2 times (x 70B)
Class androidx.lint.kotlin.metadata.InconsistentKotlinMetadataException               : loaded 2 times (x 82B)
Class org.jetbrains.kotlin.metadata.jvm.JvmProtoBuf$StringTableTypes$Record           : loaded 2 times (x 119B)
Class org.jetbrains.kotlin.protobuf.FieldSet                                          : loaded 2 times (x 72B)
Class kotlin.reflect.jvm.internal.impl.load.java.lazy.descriptors.LazyJavaScope$$Lambda$3: loaded 2 times (x 76B)
Class kotlin.reflect.jvm.internal.impl.metadata.ProtoBuf$PackageFragment              : loaded 2 times (x 104B)
Class kotlin.reflect.jvm.internal.impl.protobuf.FieldSet$1                            : loaded 2 times (x 71B)
Class com.android.utils.StringHelper                                                  : loaded 2 times (x 71B)
Class com.google.protobuf.CodedOutputStream$OutputStreamEncoder                       : loaded 2 times (x 110B)
Class com.google.wireless.android.sdk.stats.CppHeadersViewEvent                       : loaded 2 times (x 199B)
Class com.google.wireless.android.sdk.stats.BuildAttributionStats                     : loaded 2 times (x 207B)
Class com.google.wireless.android.sdk.stats.JavaProcessStats                          : loaded 2 times (x 207B)
Class com.google.wireless.android.sdk.stats.PlayPolicyInsightsUsageEventOrBuilder     : loaded 2 times (x 70B)
Class com.google.wireless.android.sdk.stats.FastPreviewEventOrBuilder                 : loaded 2 times (x 70B)
Class com.google.wireless.android.sdk.stats.MemorySettingsEventOrBuilder              : loaded 2 times (x 70B)
Class com.google.protobuf.Message                                                     : loaded 2 times (x 70B)
Class com.android.tools.analytics.Environment$Companion$SYSTEM$1                      : loaded 2 times (x 73B)
Class com.android.tools.analytics.Environment$Companion                               : loaded 2 times (x 71B)
Class com.android.tools.analytics.Environment$SystemProperty                          : loaded 2 times (x 79B)
Class com.android.resources.ResourceEnum                                              : loaded 2 times (x 70B)
Class kotlin.reflect.jvm.internal.impl.metadata.deserialization.ProtoBufUtilKt        : loaded 2 times (x 71B)
Class kotlin.reflect.jvm.internal.impl.metadata.jvm.JvmProtoBuf$StringTableTypesOrBuilder: loaded 2 times (x 70B)
Class kotlin.reflect.jvm.internal.impl.builtins.jvm.CloneableClassScope$Companion     : loaded 2 times (x 71B)
Class kotlin.reflect.jvm.internal.impl.descriptors.runtime.components.ReflectClassStructure: loaded 2 times (x 71B)
Class kotlin.reflect.jvm.internal.impl.incremental.components.NoLookupLocation        : loaded 2 times (x 82B)
Class kotlin.reflect.jvm.internal.impl.resolve.DescriptorUtils                        : loaded 2 times (x 71B)
Class kotlin.reflect.jvm.internal.impl.load.java.JavaIncompatibilityRulesOverridabilityCondition$Companion: loaded 2 times (x 71B)
Class kotlin.reflect.jvm.internal.impl.load.java.JavaIncompatibilityRulesOverridabilityCondition: loaded 2 times (x 75B)
Class kotlin.reflect.jvm.internal.impl.types.checker.NewKotlinTypeCheckerImpl         : loaded 2 times (x 80B)
Class [Lkotlin.reflect.jvm.internal.impl.builtins.jvm.JvmBuiltIns$Kind;               : loaded 2 times (x 69B)
Class it.unimi.dsi.fastutil.ints.AbstractIntCollection                                : loaded 2 times (x 185B)
Class com.google.common.io.ByteSource                                                 : loaded 2 times (x 84B)
Class kotlin.reflect.jvm.internal.impl.serialization.deserialization.descriptors.DeserializedClassDescriptor$DeserializedClassMemberScope: loaded 2 times (x 102B)
Class kotlinx.coroutines.internal.LockFreeTaskQueue                                   : loaded 2 times (x 72B)
Class kotlinx.coroutines.scheduling.DefaultScheduler                                  : loaded 2 times (x 113B)
Class kotlinx.coroutines.Dispatchers                                                  : loaded 2 times (x 71B)
Class com.android.prefs.PathLocator$WhenMappings                                      : loaded 2 times (x 71B)
Class kotlin.reflect.jvm.internal.impl.resolve.scopes.DescriptorKindFilter$Companion  : loaded 2 times (x 71B)
Class androidx.lint.kotlin.metadata.internal.metadata.ProtoBuf$MemberKind             : loaded 2 times (x 82B)
Class androidx.lint.kotlin.metadata.internal.protobuf.RopeByteString$RopeInputStream  : loaded 2 times (x 92B)
Class androidx.lint.kotlin.metadata.internal.metadata.ProtoBuf$VersionRequirementTable$1: loaded 2 times (x 144B)
Class androidx.lint.kotlin.metadata.internal.metadata.ProtoBuf$Contract               : loaded 2 times (x 107B)
Class [Lorg.jetbrains.kotlin.metadata.ProtoBuf$MemberKind;                            : loaded 2 times (x 69B)
Class org.jetbrains.kotlin.metadata.ProtoBuf$Package                                  : loaded 2 times (x 129B)
Class org.jetbrains.kotlin.metadata.ProtoBuf$Annotation$Argument$Value$Type$1         : loaded 2 times (x 74B)
Class org.jetbrains.kotlin.metadata.ProtoBuf$TypeTableOrBuilder                       : loaded 2 times (x 70B)
Class org.jetbrains.kotlin.metadata.ProtoBuf$TypeOrBuilder                            : loaded 2 times (x 70B)
Class org.codehaus.groovy.ast.NodeMetaDataHandler                                     : loaded 2 times (x 70B)
Class com.google.protobuf.CodedOutputStream$SafeDirectNioEncoder                      : loaded 2 times (x 110B)
Class com.google.wireless.android.sdk.stats.MachineDetails                            : loaded 2 times (x 205B)
Class com.google.wireless.android.sdk.stats.RunEvent                                  : loaded 2 times (x 256B)
Class com.google.wireless.android.sdk.stats.CMakeEditingEvent                         : loaded 2 times (x 197B)
Class com.google.wireless.android.sdk.stats.SafeModeStatsEvent                        : loaded 2 times (x 219B)
Class com.google.protobuf.AbstractMessage$Builder                                     : loaded 2 times (x 257B)
Class com.google.protobuf.ExtensionRegistryFactory                                    : loaded 2 times (x 71B)
Class com.google.protobuf.ProtocolMessageEnum                                         : loaded 2 times (x 70B)
Class com.google.common.io.LineBuffer                                                 : loaded 2 times (x 75B)
Class kotlin.reflect.jvm.internal.impl.load.java.components.DescriptorResolverUtils   : loaded 2 times (x 71B)
Class kotlin.reflect.jvm.internal.JvmPropertySignature                                : loaded 2 times (x 72B)
Class com.google.common.collect.MapMakerInternalMap$1                                 : loaded 2 times (x 83B)
Class kotlin.reflect.jvm.internal.impl.load.java.SpecialGenericSignatures$Companion   : loaded 2 times (x 71B)
Class kotlin.reflect.jvm.internal.impl.types.TypeConstructorSubstitution$Companion$createByConstructorsMap$1: loaded 2 times (x 79B)
Class kotlin.reflect.jvm.internal.impl.load.java.typeEnhancement.TypeComponentPositionKt: loaded 2 times (x 71B)
Class kotlin.reflect.jvm.internal.impl.load.java.lazy.descriptors.LazyJavaClassDescriptor$LazyJavaClassTypeConstructor: loaded 2 times (x 97B)
Class kotlin.reflect.jvm.internal.impl.load.java.lazy.descriptors.LazyJavaScope$$Lambda$0: loaded 2 times (x 76B)
Class [Lkotlin.reflect.jvm.internal.impl.descriptors.PackageFragmentProvider;         : loaded 2 times (x 69B)
Class kotlin.reflect.jvm.internal.impl.types.AbstractTypePreparator                   : loaded 2 times (x 72B)
Class kotlin.reflect.jvm.internal.impl.metadata.deserialization.BinaryVersion$Companion: loaded 2 times (x 71B)
Class kotlin.reflect.jvm.internal.impl.storage.MemoizedFunctionToNullable             : loaded 2 times (x 70B)
Class kotlin.reflect.jvm.internal.impl.load.java.sources.JavaSourceElementFactory     : loaded 2 times (x 70B)
Class com.google.common.io.LineReader                                                 : loaded 2 times (x 72B)
Class com.google.wireless.android.sdk.stats.JavaProcessStatsOrBuilder                 : loaded 2 times (x 70B)
Class com.google.wireless.android.sdk.stats.UpgradeAssistantProcessorEventOrBuilder   : loaded 2 times (x 70B)
Class kotlin.collections.GroupingKt__GroupingJVMKt                                    : loaded 2 times (x 71B)
Class com.google.wireless.android.sdk.stats.ThreadingAgentUsageEventOrBuilder         : loaded 2 times (x 70B)
Class com.google.wireless.android.sdk.stats.SuggestedImportEvent                      : loaded 2 times (x 197B)
Class kotlinx.coroutines.intrinsics.CancellableKt                                     : loaded 2 times (x 71B)
Class com.google.wireless.android.sdk.stats.MemoryUsageReportEvent                    : loaded 2 times (x 212B)
Class com.google.wireless.android.sdk.stats.SmlAiExcludeEvent                         : loaded 2 times (x 201B)
Class com.android.tools.lint.model.DefaultLintModelDependency                         : loaded 2 times (x 86B)
Class com.android.tools.lint.model.DefaultLintModelLibrary                            : loaded 2 times (x 86B)
Class com.android.tools.lint.model.DefaultLintModelBuildFeatures                      : loaded 2 times (x 75B)
Class org.gradle.internal.installation.GradleInstallation                             : loaded 2 times (x 75B)
Class androidx.lint.kotlin.metadata.internal.metadata.ProtoBuf$VersionRequirement     : loaded 2 times (x 116B)
Class androidx.lint.kotlin.metadata.internal.metadata.jvm.deserialization.JvmMemberSignature$Method: loaded 2 times (x 75B)
Class androidx.lint.kotlin.metadata.internal.protobuf.SmallSortedMap                  : loaded 2 times (x 130B)
Class org.jetbrains.kotlin.metadata.deserialization.ProtoTypeTableUtilKt              : loaded 2 times (x 71B)
Class com.google.protobuf.Writer                                                      : loaded 2 times (x 70B)
Class com.google.protobuf.CodedInputStream                                            : loaded 2 times (x 119B)
Class com.google.wireless.android.sdk.stats.ResizeComposePreviewEvent                 : loaded 2 times (x 217B)
Class com.google.protobuf.MessageLite                                                 : loaded 2 times (x 70B)
Class com.google.protobuf.UnsafeUtil$JvmMemoryAccessor                                : loaded 2 times (x 91B)
Class org.jetbrains.kotlin.descriptors.SourceElement                                  : loaded 2 times (x 70B)
Class kotlin.reflect.jvm.internal.JvmPropertySignature$KotlinProperty                 : loaded 2 times (x 73B)
Class kotlin.reflect.jvm.internal.impl.load.java.components.DescriptorResolverUtils$1$1: loaded 2 times (x 77B)
Class kotlin.reflect.jvm.internal.impl.types.SpecialTypesKt                           : loaded 2 times (x 71B)
Class kotlin.reflect.jvm.internal.impl.utils.SmartSet                                 : loaded 2 times (x 143B)
Class kotlin.reflect.jvm.internal.impl.protobuf.GeneratedMessageLite$1                : loaded 2 times (x 71B)
Class kotlin.reflect.jvm.internal.impl.load.java.lazy.descriptors.LazyJavaScope$$Lambda$1: loaded 2 times (x 76B)
Class kotlin.reflect.jvm.internal.impl.serialization.deserialization.DeserializedClassDataFinder: loaded 2 times (x 75B)
Class kotlin.reflect.jvm.internal.impl.metadata.ProtoBuf$ClassOrBuilder               : loaded 2 times (x 70B)
Class kotlin.reflect.jvm.internal.impl.metadata.ProtoBuf$ValueParameter               : loaded 2 times (x 104B)
Class kotlin.reflect.jvm.internal.impl.protobuf.SmallSortedMap$EmptySet               : loaded 2 times (x 71B)
Class kotlin.reflect.jvm.internal.impl.types.TypeParameterUpperBoundEraser            : loaded 2 times (x 72B)
Class kotlin.reflect.jvm.internal.impl.resolve.OverridingUtil$1                       : loaded 2 times (x 74B)
Class kotlin.reflect.jvm.internal.impl.load.java.lazy.JavaResolverSettings$Default    : loaded 2 times (x 77B)
Class kotlin.reflect.jvm.internal.impl.descriptors.ClassifierDescriptor               : loaded 2 times (x 70B)
Class kotlin.collections.ReversedList                                                 : loaded 2 times (x 207B)
Class kotlin.reflect.jvm.internal.impl.builtins.PrimitiveType$$Lambda$0               : loaded 2 times (x 76B)
Class com.android.prefs.AndroidLocationsException                                     : loaded 2 times (x 82B)
Class org.jetbrains.kotlin.metadata.ProtoBuf$Annotation$Argument$Value$Type           : loaded 2 times (x 82B)
Class com.google.common.collect.ForwardingCollection                                  : loaded 2 times (x 130B)
Class jdk.internal.jimage.decompressor.ResourceDecompressor$StringsProvider           : loaded 2 times (x 70B)
Class androidx.lint.kotlin.metadata.internal.extensions.KmPropertyExtension           : loaded 2 times (x 70B)
Class org.jetbrains.kotlin.metadata.ProtoBuf$Annotation$Builder                       : loaded 2 times (x 136B)
Class org.jetbrains.kotlin.metadata.ProtoBuf$TypeParameter$Variance$1                 : loaded 2 times (x 74B)
Class org.jetbrains.kotlin.metadata.jvm.JvmProtoBuf$StringTableTypes$Record$Operation : loaded 2 times (x 82B)
Class org.jetbrains.kotlin.com.intellij.openapi.diagnostic.DefaultLogger              : loaded 2 times (x 100B)
Class com.google.common.collect.Sets$2$1                                              : loaded 2 times (x 82B)
Class com.google.wireless.android.sdk.stats.PSDEvent                                  : loaded 2 times (x 210B)
Class com.google.wireless.android.sdk.stats.UiToolsPreferencesEvent                   : loaded 2 times (x 205B)
Class com.google.wireless.android.sdk.stats.ComposeDeployEvent                        : loaded 2 times (x 195B)
Class com.google.wireless.android.sdk.stats.BackupUsageEventOrBuilder                 : loaded 2 times (x 70B)
Class com.google.wireless.android.sdk.stats.LogcatUsageEventOrBuilder                 : loaded 2 times (x 70B)
Class com.google.wireless.android.sdk.stats.DataBindingEventOrBuilder                 : loaded 2 times (x 70B)
Class com.google.protobuf.AbstractMessageLite$Builder                                 : loaded 2 times (x 126B)
Class com.google.protobuf.MapFieldReflectionAccessor                                  : loaded 2 times (x 74B)
Class com.android.utils.XmlUtils                                                      : loaded 2 times (x 71B)
Class kotlin.reflect.jvm.internal.impl.metadata.ProtoBuf$VersionRequirementOrBuilder  : loaded 2 times (x 70B)
Class kotlin.reflect.jvm.internal.impl.types.model.IntersectionTypeConstructorMarker  : loaded 2 times (x 70B)
Class kotlin.reflect.jvm.internal.impl.descriptors.impl.ValueParameterDescriptorImpl$Companion: loaded 2 times (x 71B)
Class kotlin.reflect.jvm.internal.impl.resolve.scopes.GivenFunctionsMemberScope       : loaded 2 times (x 94B)
Class kotlin.reflect.jvm.internal.impl.load.java.typeEnhancement.JavaTypeEnhancement$SimpleResult: loaded 2 times (x 72B)
Class kotlin.reflect.jvm.internal.impl.load.java.structure.JavaType                   : loaded 2 times (x 70B)
Class kotlin.reflect.jvm.internal.impl.resolve.scopes.ChainedMemberScope              : loaded 2 times (x 85B)
Class kotlin.reflect.jvm.internal.impl.protobuf.AbstractMessageLite$Builder           : loaded 2 times (x 85B)
Class kotlin.reflect.jvm.internal.impl.load.java.lazy.descriptors.LazyJavaScope$$Lambda$2: loaded 2 times (x 76B)
Class kotlin.reflect.jvm.internal.impl.load.kotlin.DeserializationComponentsForJava$Companion$ModuleData: loaded 2 times (x 72B)
Class kotlin.reflect.jvm.internal.impl.metadata.ProtoBuf$Class$1                      : loaded 2 times (x 87B)
Class kotlin.reflect.jvm.internal.impl.metadata.jvm.JvmProtoBuf$JvmMethodSignature$1  : loaded 2 times (x 87B)
Class kotlin.reflect.jvm.internal.impl.metadata.jvm.deserialization.JvmProtoBufUtil   : loaded 2 times (x 71B)
Class kotlin.reflect.jvm.internal.impl.util.TypeRegistry                              : loaded 2 times (x 73B)
Class kotlin.reflect.jvm.internal.impl.descriptors.impl.AbstractClassDescriptor$1$1   : loaded 2 times (x 77B)
Class kotlin.collections.ReversedList$listIterator$1                                  : loaded 2 times (x 94B)
Class kotlin.reflect.jvm.internal.impl.builtins.PrimitiveType$$Lambda$1               : loaded 2 times (x 76B)
Class kotlinx.coroutines.ExecutorCoroutineDispatcher$Key                              : loaded 2 times (x 72B)
Class kotlinx.coroutines.JobSupportKt                                                 : loaded 2 times (x 71B)
Class com.android.ide.common.gradle.Part                                              : loaded 2 times (x 77B)
Class kotlinx.coroutines.scheduling.CoroutineScheduler$Companion                      : loaded 2 times (x 71B)
Class kotlin.io.FileWalkDirection                                                     : loaded 2 times (x 79B)
Class com.google.common.collect.Lists$RandomAccessReverseList                         : loaded 2 times (x 200B)

---------------  S Y S T E M  ---------------

OS:
 Windows 11 , 64 bit Build 26100 (10.0.26100.9168)
OS uptime: 13 days 10:03 hours
Hyper-V role detected

CPU: total 8 (initial active 8) (4 cores per cpu, 2 threads per core) family 6 model 142 stepping 10 microcode 0xf0, cx8, cmov, fxsr, ht, mmx, 3dnowpref, sse, sse2, sse3, ssse3, sse4.1, sse4.2, popcnt, lzcnt, tsc, tscinvbit, avx, avx2, aes, erms, clmul, bmi1, bmi2, adx, fma, vzeroupper, clflush, clflushopt, hv, rdtscp, f16c
Processor Information for the first 8 processors :
  Max Mhz: 1992, Current Mhz: 1792, Mhz Limit: 1792

Memory: 4k page, system-wide physical 7984M (488M free)
TotalPageFile size 32560M (AvailPageFile size 14M)
current process WorkingSet (physical memory assigned to process): 967M, peak: 1464M
current process commit charge ("private bytes"): 1994M, peak: 1996M

vm_info: OpenJDK 64-Bit Server VM (21.0.10+-14961533-b1163.108) for windows-amd64 JRE (21.0.10+-14961533-b1163.108), built on 2026-03-02T19:58:50Z by "builder" with MS VC++ 16.10 / 16.11 (VS2019)

END.
